task,contrast,bank,layer,metric,n,n_defined,mean,marginal_95_low,marginal_95_high,simultaneous_72_primary_95_low,simultaneous_72_primary_95_high,family_complete,family_quantile,critical_absolute_deviation
reach,persistence_minus_h3,original,0,donor_reconstruction,8,8,0.1154930588554728,0.10858545478301358,0.12212656663635121,0.10244788217347475,0.12853823553747085,True,0.9916666666666667,0.013045176681998052
reach,persistence_minus_h3,original,1,donor_reconstruction,8,8,0.50335207026949802,0.49318969015335196,0.51233824364608349,0.49030689358749996,0.51639724695149603,True,0.9916666666666667,0.013045176681998052
reach,persistence_minus_h3,original,2,donor_reconstruction,8,8,0.076948856831613704,0.073327098406111776,0.080323951424678797,0.063903680149615658,0.089994033513611751,True,0.9916666666666667,0.013045176681998052
reach,persistence_minus_h3,original,3,donor_reconstruction,8,8,0.028974159164518579,0.028050042989786861,0.029815630433971677,0.015928982482520525,0.042019335846516633,True,0.9916666666666667,0.013045176681998052
reach,persistence_minus_h3,original,4,donor_reconstruction,8,8,0.0054739358197171545,0.0052773484583311867,0.0056553460336393521,-0.0075712408622808976,0.018519112501715208,True,0.9916666666666667,0.013045176681998052
reach,persistence_minus_h3,original,5,donor_reconstruction,8,8,-0.00013529571651751948,-0.00020725751583652863,-6.2276096219962551e-05,-0.013180472398515572,0.012909880965480533,True,0.9916666666666667,0.013045176681998052
reach,persistence_minus_h3,fresh,0,donor_reconstruction,8,8,0.11859724884398506,0.11050423341771443,0.12574943454207557,0.10555207216198702,0.13164242552598313,True,0.9916666666666667,0.013045176681998052
reach,persistence_minus_h3,fresh,1,donor_reconstruction,8,8,0.50570064151021754,0.49766052089685364,0.51323844608246216,0.49265546482821948,0.51874581819221555,True,0.9916666666666667,0.013045176681998052
reach,persistence_minus_h3,fresh,2,donor_reconstruction,8,8,0.078795337298650125,0.075322193911782562,0.082071663700497552,0.065750160616652079,0.091840513980648172,True,0.9916666666666667,0.013045176681998052
reach,persistence_minus_h3,fresh,3,donor_reconstruction,8,8,0.02922261065650758,0.02812410259309531,0.030121823804076742,0.016177433974509527,0.042267787338505634,True,0.9916666666666667,0.013045176681998052
reach,persistence_minus_h3,fresh,4,donor_reconstruction,8,8,0.005257131406413304,0.005037088573743036,0.0055501419549580976,-0.0077880452755847481,0.018302308088411358,True,0.9916666666666667,0.013045176681998052
reach,persistence_minus_h3,fresh,5,donor_reconstruction,8,8,-0.000143453175941749,-0.00018306704242329608,-0.00010525627509294644,-0.013188629857939801,0.012901723506056303,True,0.9916666666666667,0.013045176681998052
reach,h3_donor_minus_range_random,original,0,donor_reconstruction,8,8,0.087923145912082848,0.083760417979636792,0.091928875671002733,0.070353182955938551,0.10549310886822715,True,0.9916666666666667,0.017569962956144297
reach,h3_donor_minus_range_random,original,1,donor_reconstruction,8,8,0.23494574126103834,0.22160475200988194,0.24587505460690612,0.21737577830489405,0.25251570421718261,True,0.9916666666666667,0.017569962956144297
reach,h3_donor_minus_range_random,original,2,donor_reconstruction,8,8,0.092836495387604384,0.083675716661097077,0.1031945737245126,0.075266532431460087,0.11040645834374868,True,0.9916666666666667,0.017569962956144297
reach,h3_donor_minus_range_random,original,3,donor_reconstruction,8,8,0.0082073007530801823,0.0047972457891322928,0.011802390502100413,-0.0093626622030641149,0.025777263709224479,True,0.9916666666666667,0.017569962956144297
reach,h3_donor_minus_range_random,original,4,donor_reconstruction,8,8,0.14283970338011726,0.13766083637220836,0.14905034725581881,0.12526974042397296,0.16040966633626155,True,0.9916666666666667,0.017569962956144297
reach,h3_donor_minus_range_random,original,5,donor_reconstruction,8,8,0.014103617381856379,0.013034888653004437,0.01510140763789899,-0.0034663455742879185,0.031673580338000676,True,0.9916666666666667,0.017569962956144297
reach,h3_donor_minus_range_random,fresh,0,donor_reconstruction,8,8,0.088697577844841724,0.083040504887607863,0.093417000473320702,0.071127614888697427,0.10626754080098602,True,0.9916666666666667,0.017569962956144297
reach,h3_donor_minus_range_random,fresh,1,donor_reconstruction,8,8,0.23381660264595588,0.22088178207907222,0.24496290145536931,0.21624663968981159,0.25138656560210015,True,0.9916666666666667,0.017569962956144297
reach,h3_donor_minus_range_random,fresh,2,donor_reconstruction,8,8,0.094395649590811093,0.086928965834096289,0.10242886806127996,0.076825686634666795,0.11196561254695539,True,0.9916666666666667,0.017569962956144297
reach,h3_donor_minus_range_random,fresh,3,donor_reconstruction,8,8,0.008290603159605725,0.0056747559872067331,0.01114803176420423,-0.0092793597965385721,0.025860566115750022,True,0.9916666666666667,0.017569962956144297
reach,h3_donor_minus_range_random,fresh,4,donor_reconstruction,8,8,0.13790145848424559,0.12925588887182404,0.14552640049532362,0.1203314955281013,0.15547142144038989,True,0.9916666666666667,0.017569962956144297
reach,h3_donor_minus_range_random,fresh,5,donor_reconstruction,8,8,0.013570178351347217,0.012892710119597695,0.014242996231850578,-0.0039997846047970798,0.031140141307491515,True,0.9916666666666667,0.017569962956144297
reach,range_minus_offrange_rank_loss,original,0,spearman_loss,8,8,0.00045817175746397376,0.00034367048522762622,0.00057745086056511241,-0.00037179627560059581,0.0012881397905285434,True,0.9916666666666667,0.00082996803306456958
reach,range_minus_offrange_rank_loss,original,1,spearman_loss,8,8,0.0023554844993917412,0.0019039933657209046,0.0028076423071367318,0.0015255164663271715,0.0031854525324563109,True,0.9916666666666667,0.00082996803306456958
reach,range_minus_offrange_rank_loss,original,2,spearman_loss,8,8,0.00070093833787575333,0.00058143701008321613,0.00083080088013692821,-0.00012902969518881625,0.001530906370940323,True,0.9916666666666667,0.00082996803306456958
reach,range_minus_offrange_rank_loss,original,3,spearman_loss,8,8,-5.4333937043724023e-05,-0.00021189263214035496,9.277880865345145e-05,-0.0008843019701082936,0.00077563409602084555,True,0.9916666666666667,0.00082996803306456958
reach,range_minus_offrange_rank_loss,original,4,spearman_loss,8,8,0.0022029967516959681,0.001635346948119116,0.002663235625094928,0.0013730287186313984,0.0030329647847605378,True,0.9916666666666667,0.00082996803306456958
reach,range_minus_offrange_rank_loss,original,5,spearman_loss,8,8,-0.00038161535128168611,-0.00045661618462429499,-0.00029894776608628548,-0.0012115833843462558,0.00044835268178288346,True,0.9916666666666667,0.00082996803306456958
reach,range_minus_offrange_rank_loss,fresh,0,spearman_loss,8,8,0.00044876886891870305,0.00034554549977014459,0.00056245069389662672,-0.00038119916414586653,0.0012787369019832727,True,0.9916666666666667,0.00082996803306456958
reach,range_minus_offrange_rank_loss,fresh,1,spearman_loss,8,8,0.0022049133879265687,0.0019734663718486141,0.0024334159268436795,0.001374945354861999,0.0030348814209911383,True,0.9916666666666667,0.00082996803306456958
reach,range_minus_offrange_rank_loss,fresh,2,spearman_loss,8,8,0.00084767608528982241,0.0006975633062589609,0.0010039555995066535,1.7708052225252837e-05,0.0016776441183543921,True,0.9916666666666667,0.00082996803306456958
reach,range_minus_offrange_rank_loss,fresh,3,spearman_loss,8,8,-6.6667407415677005e-06,-0.00013894737719309276,0.00013550289447658177,-0.00083663477380613728,0.00082330129232300187,True,0.9916666666666667,0.00082996803306456958
reach,range_minus_offrange_rank_loss,fresh,4,spearman_loss,8,8,0.002480666412976687,0.0018678679191405922,0.0030208807303940682,0.0016506983799121173,0.0033106344460412567,True,0.9916666666666667,0.00082996803306456958
reach,range_minus_offrange_rank_loss,fresh,5,spearman_loss,8,8,-0.00034667051856129838,-0.00042556583962043078,-0.00027761419571326051,-0.0011766385516258681,0.0004832975145032712,True,0.9916666666666667,0.00082996803306456958
reach-wall,persistence_minus_h3,original,0,donor_reconstruction,8,8,0.11895196663794801,0.11307882692418222,0.12528778831574533,0.10758059578673468,0.13032333748916133,True,0.9916666666666667,0.011371370851213326
reach-wall,persistence_minus_h3,original,1,donor_reconstruction,8,8,0.49907617133754856,0.49496556917398993,0.50288558106599945,0.48770480048633524,0.51044754218876187,True,0.9916666666666667,0.011371370851213326
reach-wall,persistence_minus_h3,original,2,donor_reconstruction,8,8,0.076243190055909391,0.074190696642421131,0.078134452343435509,0.064871819204696063,0.087614560907122718,True,0.9916666666666667,0.011371370851213326
reach-wall,persistence_minus_h3,original,3,donor_reconstruction,8,8,0.028580979272299981,0.027862468336427526,0.029283109520030076,0.017209608421086653,0.039952350123513308,True,0.9916666666666667,0.011371370851213326
reach-wall,persistence_minus_h3,original,4,donor_reconstruction,8,8,0.0048903484145725734,0.0045733790318669594,0.0052032105913106808,-0.0064810224366407525,0.016261719265785901,True,0.9916666666666667,0.011371370851213326
reach-wall,persistence_minus_h3,original,5,donor_reconstruction,8,8,-0.00014644855169797244,-0.00017291632990427963,-0.00011827455819582444,-0.011517819402911298,0.011224922299515354,True,0.9916666666666667,0.011371370851213326
reach-wall,persistence_minus_h3,fresh,0,donor_reconstruction,8,8,0.11739730668872439,0.10976851607822102,0.12356116443492056,0.10602593583751106,0.1287686775399377,True,0.9916666666666667,0.011371370851213326
reach-wall,persistence_minus_h3,fresh,1,donor_reconstruction,8,8,0.50376531157630144,0.49618639125577158,0.51227241246459554,0.49239394072508813,0.51513668242751476,True,0.9916666666666667,0.011371370851213326
reach-wall,persistence_minus_h3,fresh,2,donor_reconstruction,8,8,0.075110519823029853,0.07214502180235606,0.078132839976564242,0.063739148971816526,0.086481890674243181,True,0.9916666666666667,0.011371370851213326
reach-wall,persistence_minus_h3,fresh,3,donor_reconstruction,8,8,0.028794688727005399,0.027934257589902339,0.029586518644013723,0.017423317875792071,0.040166059578218727,True,0.9916666666666667,0.011371370851213326
reach-wall,persistence_minus_h3,fresh,4,donor_reconstruction,8,8,0.0047900522089968645,0.0044146936223780492,0.0051530193560743315,-0.0065813186422164615,0.016161423060210192,True,0.9916666666666667,0.011371370851213326
reach-wall,persistence_minus_h3,fresh,5,donor_reconstruction,8,8,-0.00011651969371145876,-0.00014831188019366615,-8.3442393836632989e-05,-0.011487890544924785,0.011254851157501867,True,0.9916666666666667,0.011371370851213326
reach-wall,h3_donor_minus_range_random,original,0,donor_reconstruction,8,8,0.077420483925746519,0.073861582264572095,0.081477703383811009,0.054990284726861349,0.099850683124631689,True,0.9916666666666667,0.02243019919888517
reach-wall,h3_donor_minus_range_random,original,1,donor_reconstruction,8,8,0.24291713489333339,0.23819953562612722,0.2476169673740185,0.22048693569444822,0.26534733409221856,True,0.9916666666666667,0.02243019919888517
reach-wall,h3_donor_minus_range_random,original,2,donor_reconstruction,8,8,0.095753361072810114,0.089579922952774532,0.10260954111412746,0.073323161873924944,0.11818356027169528,True,0.9916666666666667,0.02243019919888517
reach-wall,h3_donor_minus_range_random,original,3,donor_reconstruction,8,8,0.0055963182305277942,0.0026083824116367726,0.0087543960124377429,-0.016833880968357376,0.028026517429412964,True,0.9916666666666667,0.02243019919888517
reach-wall,h3_donor_minus_range_random,original,4,donor_reconstruction,8,8,0.13777028634314586,0.13046499753513191,0.14521396078056836,0.11534008714426069,0.16020048554203103,True,0.9916666666666667,0.02243019919888517
reach-wall,h3_donor_minus_range_random,original,5,donor_reconstruction,8,8,0.013552843029581943,0.011978270957472628,0.014980777360411229,-0.0088773561693032271,0.035983042228467113,True,0.9916666666666667,0.02243019919888517
reach-wall,h3_donor_minus_range_random,fresh,0,donor_reconstruction,8,8,0.079582781930771992,0.075053320397983084,0.084267424765742713,0.057152582731886822,0.10201298112965716,True,0.9916666666666667,0.02243019919888517
reach-wall,h3_donor_minus_range_random,fresh,1,donor_reconstruction,8,8,0.24228181369919055,0.23780991554924102,0.24624619192915273,0.21985161450030538,0.26471201289807572,True,0.9916666666666667,0.02243019919888517
reach-wall,h3_donor_minus_range_random,fresh,2,donor_reconstruction,8,8,0.096919361602804968,0.090173517098891612,0.10341783399984708,0.074489162403919798,0.11934956080169014,True,0.9916666666666667,0.02243019919888517
reach-wall,h3_donor_minus_range_random,fresh,3,donor_reconstruction,8,8,0.012215378426636753,0.009654656636600395,0.015000240931669805,-0.010214820772248417,0.034645577625521923,True,0.9916666666666667,0.02243019919888517
reach-wall,h3_donor_minus_range_random,fresh,4,donor_reconstruction,8,8,0.13740511559290738,0.1210097110563769,0.15468106556861255,0.11497491639402221,0.15983531479179255,True,0.9916666666666667,0.02243019919888517
reach-wall,h3_donor_minus_range_random,fresh,5,donor_reconstruction,8,8,0.013769804210831127,0.01282281258619776,0.014753729618023029,-0.0086603949880540432,0.036200003409716297,True,0.9916666666666667,0.02243019919888517
reach-wall,range_minus_offrange_rank_loss,original,0,spearman_loss,8,8,0.00036950410560114555,0.00034644829386991371,0.00039422660251775543,-0.00028878098645546135,0.0010277891976577525,True,0.9916666666666667,0.0006582850920566069
reach-wall,range_minus_offrange_rank_loss,original,1,spearman_loss,8,8,0.0023041922688029487,0.0020833564817386435,0.0025500880565339106,0.0016459071767463418,0.0029624773608595556,True,0.9916666666666667,0.0006582850920566069
reach-wall,range_minus_offrange_rank_loss,original,2,spearman_loss,8,8,0.00065245169390770741,0.00054711163457374509,0.00075334448160534792,-5.8333981488994935e-06,0.0013107367859643143,True,0.9916666666666667,0.0006582850920566069
reach-wall,range_minus_offrange_rank_loss,original,3,spearman_loss,8,8,-0.00012294581050902031,-0.00021178013089034886,-3.1494794386606253e-05,-0.00078123090256562722,0.00053533928154758659,True,0.9916666666666667,0.0006582850920566069
reach-wall,range_minus_offrange_rank_loss,original,4,spearman_loss,8,8,0.0022283442366747702,0.0017213524594717478,0.0027261969577439954,0.0015700591446181633,0.0028866293287313771,True,0.9916666666666667,0.0006582850920566069
reach-wall,range_minus_offrange_rank_loss,original,5,spearman_loss,8,8,-0.00031267014077937527,-0.00038072645251616133,-0.00024583606484521181,-0.00097095523283598217,0.00034561495127723163,True,0.9916666666666667,0.0006582850920566069
reach-wall,range_minus_offrange_rank_loss,fresh,0,spearman_loss,8,8,0.00042644919338002962,0.00033637873378758454,0.00052341243870442263,-0.00023183589867657728,0.0010847342854366365,True,0.9916666666666667,0.0006582850920566069
reach-wall,range_minus_offrange_rank_loss,fresh,1,spearman_loss,8,8,0.0024509716774630819,0.0021251347237191548,0.0028110312336803722,0.001792686585406475,0.0031092567695196888,True,0.9916666666666667,0.0006582850920566069
reach-wall,range_minus_offrange_rank_loss,fresh,2,spearman_loss,8,8,0.00095839953777264453,0.00080150890565451605,0.0010950677229746991,0.00030011444571603763,0.0016166846298292514,True,0.9916666666666667,0.0006582850920566069
reach-wall,range_minus_offrange_rank_loss,fresh,3,spearman_loss,8,8,-5.144501605572338e-05,-0.00011672490805448854,1.2166801853355502e-05,-0.00070973010811233028,0.00060684007600088352,True,0.9916666666666667,0.0006582850920566069
reach-wall,range_minus_offrange_rank_loss,fresh,4,spearman_loss,8,8,0.0020698424201369831,0.0017176162842910264,0.0023816375737508166,0.0014115573280803762,0.00272812751219359,True,0.9916666666666667,0.0006582850920566069
reach-wall,range_minus_offrange_rank_loss,fresh,5,spearman_loss,8,8,-0.00032476749496519741,-0.00037824482042729811,-0.00026837797952615483,-0.00098305258702180431,0.00033351759709140949,True,0.9916666666666667,0.0006582850920566069
