task,episode,arm,iteration,proposal_mean_delta_l2,proposal_mean_delta_rms,proposal_std_delta_l2,proposal_std_delta_rms,native_proposal_entropy_nats,arm_proposal_entropy_nats,proposal_entropy_delta_nats,native_best_runnerup_margin,arm_best_runnerup_margin,best_runnerup_margin_delta,native_elite_boundary_margin,arm_elite_boundary_margin,elite_boundary_margin_delta,same_candidate_actions_verified,shared_population_elite_overlap_count,shared_population_cost_delta_mean,shared_population_cost_delta_rms
reach,0,fixed_rank4,0,0.0,0.0,0.0,0.0,170.27262398456074,170.27262398456074,0.0,0.12440919876098633,0.12426674365997314,-0.0001424551010131836,0.0012960433959960938,0.002160787582397461,0.0008647441864013672,True,10.0,0.0006652398904164632,0.0007344402440182724
reach,0,fixed_rank4,1,0.0,0.0,0.0,0.0,162.9746060970802,162.9746060970802,0.0,0.0910499095916748,0.09080362319946289,-0.00024628639221191406,0.009011030197143555,0.008453607559204102,-0.0005574226379394531,,,,
reach,0,fixed_rank4,2,0.0,0.0,0.0,0.0,154.39472010233015,154.39472010233015,0.0,0.05587315559387207,0.05603682994842529,0.00016367435455322266,0.014153003692626953,0.016153931617736816,0.0020009279251098633,,,,
reach,0,fixed_rank4,3,0.0,0.0,0.0,0.0,142.23714372735978,142.23714372735978,0.0,0.028371214866638184,0.028137922286987305,-0.0002332925796508789,0.02317488193511963,0.02394723892211914,0.0007723569869995117,,,,
reach,0,fixed_rank4,4,0.0,0.0,0.0,0.0,139.75073303790262,139.75073303790262,0.0,0.07429772615432739,0.07319396734237671,-0.0011037588119506836,0.0001544952392578125,0.0011829137802124023,0.0010284185409545898,,,,
reach,0,fixed_rank4,5,1.5398426665953973,0.14056776058386766,1.2445963129670317,0.11361557926663379,133.12120464755327,133.69567162077595,0.5744669732226839,0.0016731619834899902,0.0005179643630981445,-0.0011551976203918457,0.004643261432647705,0.0058348774909973145,0.0011916160583496094,,,,
reach,0,fixed_rank4,6,1.8015654066607545,0.16445966867484388,1.1925907837167322,0.1088681456857365,127.57369718910464,128.14816385129188,0.5744666621872483,0.0007851719856262207,0.0016736984252929688,0.000888526439666748,0.0020992159843444824,0.0005853772163391113,-0.001513838768005371,,,,
reach,0,fixed_rank4,7,2.1516539361112996,0.1964182327921564,1.393144803587232,0.1271761391326385,115.5501991972526,117.87084734405398,2.320648146801389,0.0009235739707946777,0.012704193592071533,0.011780619621276855,0.002085745334625244,0.0010380744934082031,-0.001047670841217041,,,,
reach,0,fixed_rank4,8,3.75280555628157,0.3425827095176899,2.8117810922815676,0.256679321834855,109.12458221522661,114.85641023937812,5.731828024151511,0.014196038246154785,0.004614591598510742,-0.009581446647644043,0.00035691261291503906,0.00021541118621826172,-0.00014150142669677734,,,,
reach,0,fixed_rank4,9,4.8020214376013985,0.43836257716627874,3.2545643930772172,0.29709972215691705,93.24056635035191,95.3373648373533,2.0967984870013936,0.002401411533355713,0.01772618293762207,0.015324771404266357,0.001425623893737793,0.0005443096160888672,-0.0008813142776489258,,,,
reach,0,fixed_rank4,10,6.5436572461793165,0.5973514470524246,3.616746571726261,0.3301622803523249,73.35428600164427,80.66450075469575,7.310214753051483,0.0029184818267822266,0.006731808185577393,0.003813326358795166,0.0005815625190734863,0.0013930797576904297,0.0008115172386169434,,,,
reach,0,fixed_rank4,11,7.328247620509593,0.6689744214561104,3.5578295852435904,0.32478391993286065,56.84592970928691,58.401701249820114,1.5557715405332075,0.003853321075439453,0.0006704926490783691,-0.003182828426361084,0.0015919804573059082,0.00016987323760986328,-0.001422107219696045,,,,
reach,0,fixed_rank4,12,7.065618450476005,0.644999768008401,3.8443336665657717,0.3509380446257695,33.525965412004574,42.34698868830224,8.821023276297666,0.0011886358261108398,9.965896606445312e-05,-0.0010889768600463867,3.4332275390625e-05,0.001286327838897705,0.00125199556350708,,,,
reach,0,fixed_rank4,13,7.379631672190977,0.673665122156428,3.441739632597959,0.3141864056389075,17.619824785208603,24.996264142814198,7.376439357605594,0.0032575130462646484,0.0008627772331237793,-0.002394735813140869,0.0005823373794555664,0.0002582073211669922,-0.0003241300582885742,,,,
reach,0,fixed_rank4,14,8.12081218600518,0.7413253365896462,3.450190905525433,0.31495789777590916,4.858272853138801,12.323731207287375,7.465458354148574,0.0050563812255859375,0.004178762435913086,-0.0008776187896728516,0.00021606683731079102,1.5735626220703125e-05,-0.0002003312110900879,,,,
reach,0,matched_random_fixed_rank4,0,0.0,0.0,0.0,0.0,170.27262398456074,170.27262398456074,0.0,0.12440919876098633,0.1244344711303711,2.5272369384765625e-05,0.0012960433959960938,0.0014998912811279297,0.00020384788513183594,True,10.0,0.0003023695945739746,0.00035781456484922477
reach,0,matched_random_fixed_rank4,1,0.0,0.0,0.0,0.0,162.9746060970802,162.9746060970802,0.0,0.0910499095916748,0.0909125804901123,-0.0001373291015625,0.009011030197143555,0.008105993270874023,-0.0009050369262695312,,,,
reach,0,matched_random_fixed_rank4,2,0.0,0.0,0.0,0.0,154.39472010233015,154.39472010233015,0.0,0.05587315559387207,0.05575835704803467,-0.00011479854583740234,0.014153003692626953,0.014693021774291992,0.0005400180816650391,,,,
reach,0,matched_random_fixed_rank4,3,0.0,0.0,0.0,0.0,142.23714372735978,142.23714372735978,0.0,0.028371214866638184,0.028399229049682617,2.8014183044433594e-05,0.02317488193511963,0.023483872413635254,0.000308990478515625,,,,
reach,0,matched_random_fixed_rank4,4,0.0,0.0,0.0,0.0,139.75073303790262,139.75073303790262,0.0,0.07429772615432739,0.07408463954925537,-0.00021308660507202148,0.0001544952392578125,0.0001569986343383789,2.5033950805664062e-06,,,,
reach,0,matched_random_fixed_rank4,5,1.5398426080765872,0.14056775524185558,1.2445962549939344,0.11361557397443828,133.12120464755327,133.69567227131108,0.5744676237578119,0.0016731619834899902,0.0003262758255004883,-0.001346886157989502,0.004643261432647705,0.005336761474609375,0.0006935000419616699,,,,
reach,0,matched_random_fixed_rank4,6,1.8015654616763543,0.16445967369705802,1.1925907166740162,0.10886813956560185,127.57369718910464,128.1481649833898,0.5744677942851553,0.0007851719856262207,0.0011753439903259277,0.00039017200469970703,0.0020992159843444824,0.0005348920822143555,-0.001564323902130127,,,,
reach,0,matched_random_fixed_rank4,7,2.1516539597982858,0.1964182349544725,1.3931449771402373,0.12717615497578783,115.5501991972526,117.87084809133553,2.320648894082936,0.0009235739707946777,0.012782156467437744,0.011858582496643066,0.002085745334625244,0.001355588436126709,-0.0007301568984985352,,,,
reach,0,matched_random_fixed_rank4,8,3.752805520684172,0.34258270626810683,2.8117810490888484,0.25667931789191717,109.12458221522661,114.85641070904698,5.731828493820373,0.014196038246154785,0.0044438838958740234,-0.009752154350280762,0.00035691261291503906,0.0005061626434326172,0.00014925003051757812,,,,
reach,0,matched_random_fixed_rank4,9,4.8020211086005995,0.4383625471327523,3.254564482685016,0.2970997303369526,93.24056635035191,95.33736457307893,2.096798222727017,0.002401411533355713,0.017244338989257812,0.0148429274559021,0.001425623893737793,0.00022369623184204102,-0.001201927661895752,,,,
reach,0,matched_random_fixed_rank4,10,6.543656965502038,0.5973514214302118,3.616746558884579,0.33016227918004515,73.35428600164427,80.66450026092014,7.310214259275867,0.0029184818267822266,0.00690382719039917,0.003985345363616943,0.0005815625190734863,0.0010278820991516113,0.000446319580078125,,,,
reach,0,matched_random_fixed_rank4,11,7.32824769656583,0.6689744283990631,3.5578297475763736,0.3247839347517485,56.84592970928689,58.40170171519127,1.5557720059043803,0.003853321075439453,0.0006943941116333008,-0.0031589269638061523,0.0015919804573059082,9.506940841674805e-05,-0.0014969110488891602,,,,
reach,0,matched_random_fixed_rank4,12,7.044133771811292,0.6430384941508323,4.12387045841579,0.3764561457172497,33.525965412004574,42.912545771779214,9.38658035977464,0.0011886358261108398,0.0007804036140441895,-0.0004082322120666504,3.4332275390625e-05,0.00038236379623413086,0.00034803152084350586,,,,
reach,0,matched_random_fixed_rank4,13,7.561225470617095,0.6902422921065998,3.330204218147291,0.3040046618963544,17.6198247852086,28.136327952828918,10.516503167620318,0.0032575130462646484,0.0017164945602416992,-0.0015410184860229492,0.0005823373794555664,0.0005286335945129395,-5.370378494262695e-05,,,,
reach,0,matched_random_fixed_rank4,14,8.193524839539357,0.7479630633491006,3.457182425401164,0.3155961333004398,4.858272853138801,17.63238417550974,12.774111322370938,0.0050563812255859375,0.0033521056175231934,-0.0017042756080627441,0.00021606683731079102,0.0010427236557006836,0.0008266568183898926,,,,
reach,1,fixed_rank4,0,0.0,0.0,0.0,0.0,170.27262398456074,170.27262398456074,0.0,0.039246439933776855,0.039716362953186035,0.0004699230194091797,0.0017080307006835938,0.001850128173828125,0.00014209747314453125,True,10.0,-0.000378644863764445,0.0004779991809225562
reach,1,fixed_rank4,1,0.0,0.0,0.0,0.0,166.63492930941868,166.63492930941868,0.0,0.07771658897399902,0.07630419731140137,-0.0014123916625976562,0.00237119197845459,0.0018471479415893555,-0.0005240440368652344,,,,
reach,1,fixed_rank4,2,0.0,0.0,0.0,0.0,157.74887855673467,157.74887855673467,0.0,0.2018953561782837,0.20266449451446533,0.0007691383361816406,0.0001723766326904297,0.0001875162124633789,1.5139579772949219e-05,,,,
reach,1,fixed_rank4,3,1.5951298796033875,0.1456147695348792,1.6104945533585513,0.14701736593561432,150.05568140475827,148.7498147130736,-1.3058666916846846,0.01712965965270996,0.029963970184326172,0.012834310531616211,0.009004592895507812,0.00942087173461914,0.0004162788391113281,,,,
reach,1,fixed_rank4,4,1.8005003738980219,0.16436244493007204,1.9033271169905384,0.17374919938116534,141.4795435708063,140.17367656669867,-1.3058670041076255,0.00859147310256958,0.016158103942871094,0.007566630840301514,0.0006822347640991211,0.006455898284912109,0.005773663520812988,,,,
reach,1,fixed_rank4,5,2.9710129083980807,0.27121513142810977,2.5874549095134043,0.2362012367446633,135.46647742310498,134.79055202806066,-0.6759253950443167,0.005978822708129883,0.0001920461654663086,-0.005786776542663574,0.001275181770324707,0.005226016044616699,0.003950834274291992,,,,
reach,1,fixed_rank4,6,4.176975162540236,0.3813039197770158,2.737024835924981,0.24985504051466476,128.02554131003774,129.9009477427938,1.8754064327560513,0.0038503408432006836,0.0009784102439880371,-0.0028719305992126465,0.0002703070640563965,0.00016880035400390625,-0.00010150671005249023,,,,
reach,1,fixed_rank4,7,5.131728262235389,0.46846055470218484,3.28546219921584,0.29992029305684126,120.1273594388673,122.44303137993462,2.315671941067322,0.0002465248107910156,0.00762784481048584,0.007381319999694824,0.005528688430786133,0.0005356669425964355,-0.004993021488189697,,,,
reach,1,fixed_rank4,8,5.133477194046509,0.46862020960293294,3.5231144387197912,0.32161487512649706,109.70612505990897,109.98950022391575,0.28337516400678453,0.008279263973236084,0.016371488571166992,0.008092224597930908,0.000577092170715332,0.0009490251541137695,0.0003719329833984375,,,,
reach,1,fixed_rank4,9,6.482876939342316,0.5918029895346395,4.237325426464805,0.38681311992749534,103.09137638243912,101.43338121533777,-1.6579951671013475,0.0030741095542907715,0.008040964603424072,0.004966855049133301,0.002149045467376709,0.0001760721206665039,-0.001972973346710205,,,,
reach,1,fixed_rank4,10,7.716710237913932,0.7044360445060864,4.21153318769716,0.3844586214305623,98.30404737557167,92.48663642691753,-5.8174109486541425,0.0034076571464538574,0.0015006661415100098,-0.0019069910049438477,0.001414179801940918,9.441375732421875e-05,-0.0013197660446166992,,,,
reach,1,fixed_rank4,11,8.222126589751928,0.7505740339783593,4.109068246195883,0.3751048947949461,90.53326256450036,84.93031573705763,-5.602946827442736,0.008225202560424805,0.003029942512512207,-0.005195260047912598,7.62939453125e-06,0.00042432546615600586,0.00041669607162475586,,,,
reach,1,fixed_rank4,12,8.625409635338979,0.7873885708329279,4.6077960609820305,0.42063230716388467,85.42008759461578,76.53495926167292,-8.885128332942855,0.0024722814559936523,0.0019558966159820557,-0.0005163848400115967,1.6987323760986328e-05,0.0008323192596435547,0.0008153319358825684,,,,
reach,1,fixed_rank4,13,8.796022229289184,0.8029632985497607,4.96748421616248,0.45346719320717643,78.00104641924558,68.05392343893432,-9.947122980311264,0.005867600440979004,0.0005896687507629395,-0.0052779316902160645,0.0005318224430084229,0.00045680999755859375,-7.50124454498291e-05,,,,
reach,1,fixed_rank4,14,9.705353978871452,0.8859735504667352,4.735067202914999,0.4322505197232394,69.55134878538733,52.75458655535928,-16.79676223002805,0.002377748489379883,0.00018328428268432617,-0.0021944642066955566,0.00015738606452941895,0.00019565224647521973,3.826618194580078e-05,,,,
reach,1,matched_random_fixed_rank4,0,0.0,0.0,0.0,0.0,170.27262398456074,170.27262398456074,0.0,0.039246439933776855,0.039080142974853516,-0.00016629695892333984,0.0017080307006835938,0.001657724380493164,-5.030632019042969e-05,True,10.0,6.653825441996256e-05,0.0002321380560704787
reach,1,matched_random_fixed_rank4,1,0.0,0.0,0.0,0.0,166.63492930941868,166.63492930941868,0.0,0.07771658897399902,0.07670176029205322,-0.0010148286819458008,0.00237119197845459,0.0017635822296142578,-0.000607609748840332,,,,
reach,1,matched_random_fixed_rank4,2,0.0,0.0,0.0,0.0,157.74887855673467,157.74887855673467,0.0,0.2018953561782837,0.20234405994415283,0.0004487037658691406,0.0001723766326904297,0.00040209293365478516,0.00022971630096435547,,,,
reach,1,matched_random_fixed_rank4,3,0.0,0.0,0.0,0.0,150.05568140475827,150.05568140475827,0.0,0.01712965965270996,0.017794132232666016,0.0006644725799560547,0.009004592895507812,0.009364962577819824,0.0003603696823120117,,,,
reach,1,matched_random_fixed_rank4,4,8.253174480187997e-07,7.5340830563749e-08,5.817181258184653e-07,5.3103356603400295e-08,141.4795435708063,141.4795429008534,-6.699528967146762e-07,0.00859147310256958,0.008827805519104004,0.00023633241653442383,0.0006822347640991211,0.0008084774017333984,0.00012624263763427734,,,,
reach,1,matched_random_fixed_rank4,5,9.89020725690819e-07,9.028482688349845e-08,8.50280679326481e-07,7.761965137965502e-08,135.46647742310498,135.4664759367809,-1.4863240664908517e-06,0.005978822708129883,0.006356358528137207,0.0003775358200073242,0.001275181770324707,0.0007776021957397461,-0.0004975795745849609,,,,
reach,1,matched_random_fixed_rank4,6,1.2018319995063074e-06,1.0971174941019037e-07,9.506426994643558e-07,8.678140843737199e-08,128.02554131003774,128.02554005745716,-1.2525805743734963e-06,0.0038503408432006836,0.003915071487426758,6.473064422607422e-05,0.0002703070640563965,0.0002446174621582031,-2.568960189819336e-05,,,,
reach,1,matched_random_fixed_rank4,7,1.228844757731037e-06,1.1217766558020996e-07,1.0449953909091198e-06,9.539459134830897e-08,120.1273594388673,120.12735848269332,-9.561739773289446e-07,0.0002465248107910156,0.00046384334564208984,0.00021731853485107422,0.005528688430786133,0.005532979965209961,4.291534423828125e-06,,,,
reach,1,matched_random_fixed_rank4,8,1.5828695023604593e-06,1.4449555533830006e-07,1.0772467760404042e-06,9.833872653950753e-08,109.70612505990897,109.70612480116293,-2.587460414815723e-07,0.008279263973236084,0.008346617221832275,6.73532485961914e-05,0.000577092170715332,0.0005010366439819336,-7.605552673339844e-05,,,,
reach,1,matched_random_fixed_rank4,9,1.7916903651447169e-06,1.6355820484240488e-07,1.0990300904165177e-06,1.003272619830115e-07,103.09137638243912,103.09137649587481,1.1343568928623426e-07,0.0030741095542907715,0.003136157989501953,6.204843521118164e-05,0.002149045467376709,0.0022200345993041992,7.098913192749023e-05,,,,
reach,1,matched_random_fixed_rank4,10,2.1233454155371863e-06,1.938340302441496e-07,1.2121341306921986e-06,1.1065220101700538e-07,98.30404737557167,98.3040489877984,1.612226725455912e-06,0.0034076571464538574,0.0032874345779418945,-0.00012022256851196289,0.001414179801940918,0.0015054941177368164,9.131431579589844e-05,,,,
reach,1,matched_random_fixed_rank4,11,1.8428857109109033e-06,1.6823167912830767e-07,1.1404013552455594e-06,1.0410392447957587e-07,90.53326256450036,90.53326414243288,1.5779325224229979e-06,0.008225202560424805,0.008282750844955444,5.754828453063965e-05,7.62939453125e-06,0.00010508298873901367,9.745359420776367e-05,,,,
reach,1,matched_random_fixed_rank4,12,2.4007603359760722e-06,2.191584318629627e-07,1.4951924938068832e-06,1.3649177611173888e-07,85.42008759461578,85.42008852262902,9.280132360345306e-07,0.0024722814559936523,0.0026062428951263428,0.00013396143913269043,1.6987323760986328e-05,2.8848648071289062e-05,1.1861324310302734e-05,,,,
reach,1,matched_random_fixed_rank4,13,1.1458361567689632,0.10460005171123118,0.8911664771195537,0.08135199700179852,78.00104641924558,77.98381226099406,-0.017234158251525855,0.005867600440979004,0.0035200417041778564,-0.0023475587368011475,0.0005318224430084229,9.53972339630127e-05,-0.00043642520904541016,,,,
reach,1,matched_random_fixed_rank4,14,1.2839016828017833,0.11720365221489656,0.9187918140014214,0.08387383369661157,69.55134878538733,68.01620088267842,-1.535147902708914,0.002377748489379883,0.0003711879253387451,-0.0020065605640411377,0.00015738606452941895,0.0002473294734954834,8.994340896606445e-05,,,,
reach,2,fixed_rank4,0,0.0,0.0,0.0,0.0,170.27262398456074,170.27262398456074,0.0,0.005929231643676758,0.005494117736816406,-0.00043511390686035156,0.005892753601074219,0.0047760009765625,-0.0011167526245117188,True,10.0,0.00018898884455362955,0.0003896749212498556
reach,2,fixed_rank4,1,0.0,0.0,0.0,0.0,163.91049988563606,163.91049988563606,0.0,0.03190279006958008,0.03204309940338135,0.00014030933380126953,0.0011571645736694336,0.0009875297546386719,-0.00016963481903076172,,,,
reach,2,fixed_rank4,2,0.0,0.0,0.0,0.0,154.00501099260435,154.00501099260435,0.0,0.09615588188171387,0.09507453441619873,-0.0010813474655151367,0.003484964370727539,0.0024625062942504883,-0.0010224580764770508,,,,
reach,2,fixed_rank4,3,0.0,0.0,0.0,0.0,142.82216154270728,142.82216154270728,0.0,0.016854286193847656,0.017092227935791016,0.00023794174194335938,0.0041817426681518555,0.005747318267822266,0.0015655755996704102,,,,
reach,2,fixed_rank4,4,0.0,0.0,0.0,0.0,128.2436934071959,128.2436934071959,0.0,0.08078444004058838,0.08073979616165161,-4.464387893676758e-05,0.007262110710144043,0.008435606956481934,0.0011734962463378906,,,,
reach,2,fixed_rank4,5,7.579901640924494e-07,6.919471854007948e-08,5.090442553919173e-07,4.6469170241095645e-08,116.67930556875308,116.67930600057332,4.3182024000998354e-07,0.003230869770050049,0.004687190055847168,0.0014563202857971191,0.004930078983306885,0.00421220064163208,-0.0007178783416748047,,,,
reach,2,fixed_rank4,6,1.2017988008637027e-06,1.0970871880261818e-07,7.528036549591873e-07,6.872125719891378e-08,111.66950842480398,111.66950825453567,-1.7026830789745873e-07,0.009695649147033691,0.009352505207061768,-0.00034314393997192383,0.003773212432861328,0.00382840633392334,5.519390106201172e-05,,,,
reach,2,fixed_rank4,7,1.6536161434582443e-06,1.5095381053779656e-07,7.877910070351543e-07,7.191515085881084e-08,105.65862425133716,105.65862428264401,3.130685399810318e-08,0.03767204284667969,0.03777116537094116,9.912252426147461e-05,0.006549656391143799,0.006734967231750488,0.00018531084060668945,,,,
reach,2,fixed_rank4,8,2.0951636730970222e-06,1.9126140090343648e-07,9.194149286092728e-07,8.393071601771677e-08,102.35681604106935,102.35681667387279,6.32803434541529e-07,0.00407719612121582,0.0035704374313354492,-0.0005067586898803711,0.0035576820373535156,0.0036324262619018555,7.474422454833984e-05,,,,
reach,2,fixed_rank4,9,2.478601435676058e-06,2.2626431956407785e-07,9.476306735580365e-07,8.650644934859182e-08,93.81358919683043,93.81358954759574,3.5076530480182555e-07,0.008470296859741211,0.008552253246307373,8.195638656616211e-05,0.0024746060371398926,0.002252042293548584,-0.0002225637435913086,,,,
reach,2,fixed_rank4,10,2.4162004279994114e-06,2.2056791297815242e-07,9.753788943734146e-07,8.90395037604613e-08,83.84439208308238,83.84439106186551,-1.0212168746193129e-06,0.0023050308227539062,0.0023842453956604004,7.921457290649414e-05,0.0016669631004333496,0.0015891790390014648,-7.778406143188477e-05,,,,
reach,2,fixed_rank4,11,2.6158336197028947e-06,2.387918466986109e-07,1.2350559376433596e-06,1.1274466613799365e-07,75.0422469217828,75.04224482190952,-2.099873285033027e-06,0.026335030794143677,0.02664482593536377,0.0003097951412200928,0.0009976625442504883,0.00035709142684936523,-0.000640571117401123,,,,
reach,2,fixed_rank4,12,3.17775396414699e-06,2.9008792139412824e-07,1.3853172072819387e-06,1.264615806213963e-07,63.84350455519315,63.843503120107215,-1.4350859345313438e-06,0.0006778538227081299,0.0003935396671295166,-0.0002843141555786133,3.451108932495117e-05,0.00020486116409301758,0.0001703500747680664,,,,
reach,2,fixed_rank4,13,3.78390482516766e-06,3.4542167136616155e-07,1.3800076323306195e-06,1.2597688495946264e-07,56.49588479733669,56.49588575220452,9.54867829250361e-07,0.010537534952163696,0.010400235652923584,-0.0001372992992401123,0.0013415813446044922,0.001248776912689209,-9.28044319152832e-05,,,,
reach,2,fixed_rank4,14,5.414386183410391e-06,4.942635746163625e-07,1.301850386061503e-06,1.1884213715711572e-07,48.306623373120004,48.30662373864267,3.655226663568101e-07,0.0013495385646820068,0.001328974962234497,-2.0563602447509766e-05,0.0001004338264465332,5.027651786804199e-05,-5.015730857849121e-05,,,,
reach,2,matched_random_fixed_rank4,0,0.0,0.0,0.0,0.0,170.27262398456074,170.27262398456074,0.0,0.005929231643676758,0.005164623260498047,-0.0007646083831787109,0.005892753601074219,0.005217552185058594,-0.000675201416015625,True,10.0,0.00034499406814575195,0.0005401400134763718
reach,2,matched_random_fixed_rank4,1,0.0,0.0,0.0,0.0,163.91049988563606,163.91049988563606,0.0,0.03190279006958008,0.03219318389892578,0.0002903938293457031,0.0011571645736694336,0.0008823871612548828,-0.0002747774124145508,,,,
reach,2,matched_random_fixed_rank4,2,0.0,0.0,0.0,0.0,154.00501099260435,154.00501099260435,0.0,0.09615588188171387,0.09649825096130371,0.00034236907958984375,0.003484964370727539,0.003938555717468262,0.00045359134674072266,,,,
reach,2,matched_random_fixed_rank4,3,0.0,0.0,0.0,0.0,142.82216154270728,142.82216154270728,0.0,0.016854286193847656,0.017010092735290527,0.0001558065414428711,0.0041817426681518555,0.004957079887390137,0.0007753372192382812,,,,
reach,2,matched_random_fixed_rank4,4,0.0,0.0,0.0,0.0,128.2436934071959,128.2436934071959,0.0,0.08078444004058838,0.08045071363449097,-0.0003337264060974121,0.007262110710144043,0.007678031921386719,0.0004159212112426758,,,,
reach,2,matched_random_fixed_rank4,5,0.0,0.0,0.0,0.0,116.67930556875308,116.67930556875308,0.0,0.003230869770050049,0.003318607807159424,8.7738037109375e-05,0.004930078983306885,0.0047724246978759766,-0.0001576542854309082,,,,
reach,2,matched_random_fixed_rank4,6,0.0,0.0,0.0,0.0,111.66950842480398,111.66950842480398,0.0,0.009695649147033691,0.009674608707427979,-2.104043960571289e-05,0.003773212432861328,0.004350185394287109,0.0005769729614257812,,,,
reach,2,matched_random_fixed_rank4,7,0.0,0.0,0.0,0.0,105.65862425133716,105.65862425133716,0.0,0.03767204284667969,0.037400782108306885,-0.00027126073837280273,0.006549656391143799,0.006798684597015381,0.00024902820587158203,,,,
reach,2,matched_random_fixed_rank4,8,0.0,0.0,0.0,0.0,102.35681604106935,102.35681604106935,0.0,0.00407719612121582,0.00385361909866333,-0.00022357702255249023,0.0035576820373535156,0.0035868287086486816,2.9146671295166016e-05,,,,
reach,2,matched_random_fixed_rank4,9,0.0,0.0,0.0,0.0,93.81358919683043,93.81358919683042,-1.4210854715202004e-14,0.008470296859741211,0.0084991455078125,2.8848648071289062e-05,0.0024746060371398926,0.0025044679641723633,2.9861927032470703e-05,,,,
reach,2,matched_random_fixed_rank4,10,0.0,0.0,0.0,0.0,83.84439208308238,83.84439208308238,0.0,0.0023050308227539062,0.0023387670516967773,3.3736228942871094e-05,0.0016669631004333496,0.0017681717872619629,0.00010120868682861328,,,,
reach,2,matched_random_fixed_rank4,11,0.0,0.0,0.0,0.0,75.0422469217828,75.0422469217828,0.0,0.026335030794143677,0.02662503719329834,0.0002900063991546631,0.0009976625442504883,0.0007648468017578125,-0.00023281574249267578,,,,
reach,2,matched_random_fixed_rank4,12,1.8116053111043266e-06,1.653761823646673e-07,5.220060953728767e-07,4.765241893181962e-08,63.84350455519316,63.843505617573705,1.0623805479781367e-06,0.0006778538227081299,0.00036391615867614746,-0.0003139376640319824,3.451108932495117e-05,0.0003585517406463623,0.00032404065132141113,,,,
reach,2,matched_random_fixed_rank4,13,1.0897567097864063,0.09948072202377091,0.7133160268678835,0.06511654642425016,56.49588479733669,55.974039867342384,-0.5218449299943089,0.010537534952163696,0.009874701499938965,-0.0006628334522247314,0.0013415813446044922,0.00011757016181945801,-0.0012240111827850342,,,,
reach,2,matched_random_fixed_rank4,14,2.2353938639624285,0.20406260736680945,1.2002298770065174,0.10956549630468677,48.306623373120004,48.641985718859225,0.3353623457392203,0.0013495385646820068,0.00010088086128234863,-0.0012486577033996582,0.0001004338264465332,4.601478576660156e-05,-5.441904067993164e-05,,,,
reach,3,fixed_rank4,0,0.0,0.0,0.0,0.0,170.27262398456074,170.27262398456074,0.0,0.08774161338806152,0.0873262882232666,-0.0004153251647949219,0.00042510032653808594,0.0005447864532470703,0.00011968612670898438,True,10.0,0.0002602235476175944,0.0004345352660374721
reach,3,fixed_rank4,1,0.0,0.0,0.0,0.0,166.50137235215794,166.50137235215794,0.0,0.027877092361450195,0.027360916137695312,-0.0005161762237548828,0.012153148651123047,0.013788461685180664,0.0016353130340576172,,,,
reach,3,fixed_rank4,2,3.6577419937052113e-07,3.339046332477106e-08,5.567533282121839e-07,5.0824392804648416e-08,157.89726449864898,157.89726371010823,-7.885407455887616e-07,0.14129114151000977,0.14234495162963867,0.0010538101196289062,0.027524232864379883,0.029480814933776855,0.0019565820693969727,,,,
reach,3,fixed_rank4,3,4.647665909562202e-07,4.242719097358306e-08,8.460920790778631e-07,7.723728623956507e-08,151.74581256448766,151.7458115060269,-1.0584607537111879e-06,0.010603904724121094,0.01035010814666748,-0.0002537965774536133,0.0012241601943969727,0.003052353858947754,0.0018281936645507812,,,,
reach,3,fixed_rank4,4,1.1936518414733396e-06,1.0896500656375479e-07,9.09947433517696e-07,8.306645591359575e-08,141.8733805201103,141.87337959543055,-9.246797390005668e-07,0.021121501922607422,0.021694064140319824,0.0005725622177124023,0.010694384574890137,0.009163081645965576,-0.0015313029289245605,,,,
reach,3,fixed_rank4,5,1.4871795597477092e-06,1.3576029865573703e-07,1.0208111142190666e-06,9.318687903496088e-08,127.61288282391365,127.6128818656311,-9.582825555298768e-07,0.00011426210403442383,0.00043958425521850586,0.00032532215118408203,0.005362153053283691,0.005574405193328857,0.00021225214004516602,,,,
reach,3,fixed_rank4,6,1.8896037011195691e-06,1.724964286414063e-07,1.2013931259849687e-06,1.0967168592226888e-07,121.59267011197284,121.59266866036927,-1.451603566238191e-06,0.01118093729019165,0.011031270027160645,-0.00014966726303100586,0.0010015368461608887,0.0014365315437316895,0.0004349946975708008,,,,
reach,3,fixed_rank4,7,1.9297709978570435e-06,1.7616318439092605e-07,1.0372107359942706e-06,9.468395283176626e-08,111.10568102420424,111.10568055202022,-4.7218402698945283e-07,0.015482068061828613,0.01623910665512085,0.0007570385932922363,0.001248002052307129,0.0008938312530517578,-0.0003541707992553711,,,,
reach,3,fixed_rank4,8,2.312209881674607e-06,2.1107491831325552e-07,1.110361503676274e-06,1.0136167375814179e-07,102.43384259444761,102.43384175872748,-8.357201295439154e-07,0.007088899612426758,0.006844997406005859,-0.00024390220642089844,0.0010802149772644043,0.00022751092910766602,-0.0008527040481567383,,,,
reach,3,fixed_rank4,9,2.7199405839266857e-06,2.4829546881506983e-07,1.3652312227342738e-06,1.246279894836536e-07,92.77289994133656,92.77289735638698,-2.5849495841612224e-06,0.0015781521797180176,0.0015351176261901855,-4.303455352783203e-05,9.381771087646484e-05,0.00011563301086425781,2.181529998779297e-05,,,,
reach,3,fixed_rank4,10,3.198703545601402e-06,2.9200034778294046e-07,1.621836695764937e-06,1.4805275714334987e-07,83.88954927398896,83.88954489980128,-4.374187682287811e-06,0.018607020378112793,0.01847255229949951,-0.00013446807861328125,0.0002875328063964844,6.836652755737305e-05,-0.00021916627883911133,,,,
reach,3,fixed_rank4,11,3.578955237336252e-06,3.2671241929838676e-07,1.5112424232214424e-06,1.3795692750952552e-07,65.36563833794341,65.36563336799526,-4.969948150801429e-06,0.0013872385025024414,0.0006377696990966797,-0.0007494688034057617,0.0018596649169921875,0.002220332622528076,0.00036066770553588867,,,,
reach,3,fixed_rank4,12,4.229974861836228e-06,3.8614210825125005e-07,1.4367938082980562e-06,1.3116072988143311e-07,46.225666045839034,46.22566166972615,-4.3761128836194985e-06,0.005299627780914307,0.004969567060470581,-0.0003300607204437256,0.0003910064697265625,0.0005006790161132812,0.00010967254638671875,,,,
reach,3,fixed_rank4,13,4.5640919214189856e-06,4.1664268331471244e-07,1.4357406067328207e-06,1.3106458617228658e-07,30.159637942523485,30.159630079562305,-7.862961179938566e-06,0.0018496215343475342,0.0024302899837493896,0.0005806684494018555,0.00039765238761901855,0.00013065338134765625,-0.0002669990062713623,,,,
reach,3,fixed_rank4,14,0.8096436471103282,0.07391001484384654,0.5933141273800404,0.0541619218754236,17.15697577603608,15.427097810377662,-1.7298779656584191,0.005739748477935791,0.00038424134254455566,-0.005355507135391235,0.0008225440979003906,0.00021651387214660645,-0.0006060302257537842,,,,
reach,3,matched_random_fixed_rank4,0,0.0,0.0,0.0,0.0,170.27262398456074,170.27262398456074,0.0,0.08774161338806152,0.08766365051269531,-7.796287536621094e-05,0.00042510032653808594,0.0006854534149169922,0.00026035308837890625,True,10.0,0.00039800961812337237,0.0004910255254020207
reach,3,matched_random_fixed_rank4,1,0.0,0.0,0.0,0.0,166.50137235215794,166.50137235215794,0.0,0.027877092361450195,0.027619600296020508,-0.0002574920654296875,0.012153148651123047,0.013252496719360352,0.0010993480682373047,,,,
reach,3,matched_random_fixed_rank4,2,0.0,0.0,0.0,0.0,157.89726449864898,157.89726449864898,0.0,0.14129114151000977,0.1417924165725708,0.0005012750625610352,0.027524232864379883,0.028166532516479492,0.0006422996520996094,,,,
reach,3,matched_random_fixed_rank4,3,0.0,0.0,0.0,0.0,151.74581256448766,151.74581256448766,0.0,0.010603904724121094,0.010603547096252441,-3.5762786865234375e-07,0.0012241601943969727,0.0014722347259521484,0.0002480745315551758,,,,
reach,3,matched_random_fixed_rank4,4,0.0,0.0,0.0,0.0,141.8733805201103,141.8733805201103,0.0,0.021121501922607422,0.02121800184249878,9.649991989135742e-05,0.010694384574890137,0.010345876216888428,-0.000348508358001709,,,,
reach,3,matched_random_fixed_rank4,5,0.0,0.0,0.0,0.0,127.61288282391365,127.61288282391365,0.0,0.00011426210403442383,0.00031107664108276367,0.00019681453704833984,0.005362153053283691,0.005571305751800537,0.0002091526985168457,,,,
reach,3,matched_random_fixed_rank4,6,0.0,0.0,0.0,0.0,121.59267011197284,121.59267011197284,0.0,0.01118093729019165,0.011293411254882812,0.00011247396469116211,0.0010015368461608887,0.0009146928787231445,-8.684396743774414e-05,,,,
reach,3,matched_random_fixed_rank4,7,0.0,0.0,0.0,0.0,111.10568102420424,111.10568102420424,0.0,0.015482068061828613,0.01574528217315674,0.000263214111328125,0.001248002052307129,0.001025557518005371,-0.0002224445343017578,,,,
reach,3,matched_random_fixed_rank4,8,0.0,0.0,0.0,0.0,102.43384259444761,102.43384259444761,0.0,0.007088899612426758,0.0069214701652526855,-0.00016742944717407227,0.0010802149772644043,0.000733494758605957,-0.00034672021865844727,,,,
reach,3,matched_random_fixed_rank4,9,0.0,0.0,0.0,0.0,92.77289994133656,92.77289994133656,0.0,0.0015781521797180176,0.0014159083366394043,-0.00016224384307861328,9.381771087646484e-05,0.00021153688430786133,0.00011771917343139648,,,,
reach,3,matched_random_fixed_rank4,10,0.0,0.0,0.0,0.0,83.88954927398896,83.88954927398896,0.0,0.018607020378112793,0.018654704093933105,4.76837158203125e-05,0.0002875328063964844,0.0001996159553527832,-8.791685104370117e-05,,,,
reach,3,matched_random_fixed_rank4,11,0.0,0.0,0.0,0.0,65.36563833794341,65.36563833794341,0.0,0.0013872385025024414,0.0015611648559570312,0.00017392635345458984,0.0018596649169921875,0.002168893814086914,0.00030922889709472656,,,,
reach,3,matched_random_fixed_rank4,12,0.0,0.0,0.0,0.0,46.225666045839034,46.225666045839034,0.0,0.005299627780914307,0.005299687385559082,5.960464477539063e-08,0.0003910064697265625,0.000352323055267334,-3.8683414459228516e-05,,,,
reach,3,matched_random_fixed_rank4,13,0.0,0.0,0.0,0.0,30.159637942523485,30.159637942523485,0.0,0.0018496215343475342,0.0021129846572875977,0.0002633631229400635,0.00039765238761901855,0.0002866089344024658,-0.00011104345321655273,,,,
reach,3,matched_random_fixed_rank4,14,0.0,0.0,0.0,0.0,17.15697577603608,17.15697577603608,0.0,0.005739748477935791,0.005942255258560181,0.00020250678062438965,0.0008225440979003906,0.0007994771003723145,-2.3066997528076172e-05,,,,
reach-wall,0,fixed_rank4,0,0.0,0.0,0.0,0.0,170.27262398456074,170.27262398456074,0.0,0.1253058910369873,0.12520647048950195,-9.942054748535156e-05,0.0017766952514648438,0.0017905235290527344,1.3828277587890625e-05,True,10.0,0.0006862966219584148,0.0007599481165454879
reach-wall,0,fixed_rank4,1,0.0,0.0,0.0,0.0,159.87110648028516,159.87110648028516,0.0,0.09045767784118652,0.09033691883087158,-0.0001207590103149414,0.0007824897766113281,0.0004401206970214844,-0.00034236907958984375,,,,
reach-wall,0,fixed_rank4,2,0.0,0.0,0.0,0.0,156.12832050251214,156.12832050251214,0.0,0.022381067276000977,0.02264547348022461,0.0002644062042236328,0.0012978315353393555,0.001689910888671875,0.00039207935333251953,,,,
reach-wall,0,fixed_rank4,3,0.0,0.0,0.0,0.0,145.5576272047411,145.5576272047411,0.0,0.01136171817779541,0.011813521385192871,0.00045180320739746094,0.002425551414489746,0.0020574331283569336,-0.0003681182861328125,,,,
reach-wall,0,fixed_rank4,4,0.0,0.0,0.0,0.0,140.7790010491065,140.7790010491065,0.0,0.0027195215225219727,0.0014268159866333008,-0.0012927055358886719,0.01007544994354248,0.00928795337677002,-0.0007874965667724609,,,,
reach-wall,0,fixed_rank4,5,0.0,0.0,0.0,0.0,129.2402789070003,129.2402789070003,0.0,0.015955626964569092,0.015403389930725098,-0.0005522370338439941,0.002156496047973633,0.002591073513031006,0.00043457746505737305,,,,
reach-wall,0,fixed_rank4,6,0.0,0.0,0.0,0.0,121.60296573075105,121.60296573075105,0.0,0.0004926323890686035,0.0007520914077758789,0.0002594590187072754,0.003434896469116211,0.0016182661056518555,-0.0018166303634643555,,,,
reach-wall,0,fixed_rank4,7,0.0,0.0,0.0,0.0,110.668701567412,110.668701567412,0.0,0.007363855838775635,0.007601618766784668,0.0002377629280090332,0.003369748592376709,0.001826941967010498,-0.001542806625366211,,,,
reach-wall,0,fixed_rank4,8,8.123570264434019e-07,7.415771135514532e-08,5.308244565295242e-07,4.845742148610681e-08,101.6003928386156,101.6003923423512,-4.962644055694909e-07,0.00677114725112915,0.006856560707092285,8.541345596313477e-05,0.001373589038848877,0.0009341239929199219,-0.0004394650459289551,,,,
reach-wall,0,fixed_rank4,9,1.4062366429185072e-06,1.2837125508613396e-07,6.832227094466687e-07,6.236941496062307e-08,84.1396926844962,84.13969176049599,-9.240002043497952e-07,0.002794027328491211,0.002821624279022217,2.759695053100586e-05,0.0011023879051208496,0.0011686086654663086,6.622076034545898e-05,,,,
reach-wall,0,fixed_rank4,10,1.699487886497033e-06,1.551413086068674e-07,8.121132850646973e-07,7.413546091325967e-08,74.30598886570777,74.3059884673119,-3.9839586918333225e-07,0.0038111209869384766,0.0037435293197631836,-6.759166717529297e-05,0.001723945140838623,0.0018462538719177246,0.00012230873107910156,,,,
reach-wall,0,fixed_rank4,11,2.90740963918753e-06,2.6540897388182766e-07,9.977659977075677e-07,9.108315734268044e-08,58.736466929376576,58.73646438537045,-2.5440061293124927e-06,0.008984029293060303,0.009067356586456299,8.33272933959961e-05,7.903575897216797e-05,0.0003314018249511719,0.0002523660659790039,,,,
reach-wall,0,fixed_rank4,12,0.8092807372109664,0.07387688585414279,0.5941502843001746,0.054238252209885526,48.950528655529695,47.59075792153284,-1.3597707339968537,0.010418951511383057,0.005630671977996826,-0.0047882795333862305,0.0008143782615661621,0.001032412052154541,0.0002180337905883789,,,,
reach-wall,0,fixed_rank4,13,1.5432309727465157,0.14087706920231785,0.9680786457033026,0.08837308528179175,39.13959033434014,37.93039428239673,-1.2091960519434082,0.002561509609222412,0.0014129877090454102,-0.001148521900177002,0.0002594590187072754,9.745359420776367e-05,-0.00016200542449951172,,,,
reach-wall,0,fixed_rank4,14,1.8152583775152786,0.16570966017755778,1.2648699769529592,0.11546630311469588,26.237177362433144,24.862558867956576,-1.374618494476568,0.00039631128311157227,0.002886950969696045,0.0024906396865844727,0.0019274353981018066,0.0016492009162902832,-0.00027823448181152344,,,,
reach-wall,0,matched_random_fixed_rank4,0,0.0,0.0,0.0,0.0,170.27262398456074,170.27262398456074,0.0,0.1253058910369873,0.1255016326904297,0.0001957416534423828,0.0017766952514648438,0.002089262008666992,0.00031256675720214844,True,10.0,0.0005101156234741211,0.0006146233002177739
reach-wall,0,matched_random_fixed_rank4,1,0.0,0.0,0.0,0.0,159.87110648028516,159.87110648028516,0.0,0.09045767784118652,0.09104204177856445,0.0005843639373779297,0.0007824897766113281,0.0007338523864746094,-4.863739013671875e-05,,,,
reach-wall,0,matched_random_fixed_rank4,2,0.0,0.0,0.0,0.0,156.12832050251214,156.12832050251214,0.0,0.022381067276000977,0.022424697875976562,4.363059997558594e-05,0.0012978315353393555,0.0011512041091918945,-0.00014662742614746094,,,,
reach-wall,0,matched_random_fixed_rank4,3,0.0,0.0,0.0,0.0,145.5576272047411,145.5576272047411,0.0,0.01136171817779541,0.011497259140014648,0.00013554096221923828,0.002425551414489746,0.0025322437286376953,0.00010669231414794922,,,,
reach-wall,0,matched_random_fixed_rank4,4,0.0,0.0,0.0,0.0,140.7790010491065,140.7790010491065,0.0,0.0027195215225219727,0.002772688865661621,5.316734313964844e-05,0.01007544994354248,0.01008594036102295,1.049041748046875e-05,,,,
reach-wall,0,matched_random_fixed_rank4,5,0.0,0.0,0.0,0.0,129.2402789070003,129.2402789070003,0.0,0.015955626964569092,0.015961647033691406,6.020069122314453e-06,0.002156496047973633,0.0021573901176452637,8.940696716308594e-07,,,,
reach-wall,0,matched_random_fixed_rank4,6,0.0,0.0,0.0,0.0,121.60296573075107,121.60296573075105,-1.4210854715202004e-14,0.0004926323890686035,0.0006087422370910645,0.00011610984802246094,0.003434896469116211,0.0032281875610351562,-0.0002067089080810547,,,,
reach-wall,0,matched_random_fixed_rank4,7,0.0,0.0,0.0,0.0,110.668701567412,110.668701567412,0.0,0.007363855838775635,0.007385075092315674,2.1219253540039062e-05,0.003369748592376709,0.003153204917907715,-0.00021654367446899414,,,,
reach-wall,0,matched_random_fixed_rank4,8,0.0,0.0,0.0,0.0,101.60039283861562,101.6003928386156,-1.4210854715202004e-14,0.00677114725112915,0.006761074066162109,-1.0073184967041016e-05,0.001373589038848877,0.0013088583946228027,-6.473064422607422e-05,,,,
reach-wall,0,matched_random_fixed_rank4,9,0.0,0.0,0.0,0.0,84.1396926844962,84.1396926844962,0.0,0.002794027328491211,0.0027809739112854004,-1.3053417205810547e-05,0.0011023879051208496,0.0010852813720703125,-1.710653305053711e-05,,,,
reach-wall,0,matched_random_fixed_rank4,10,0.0,0.0,0.0,0.0,74.30598886570779,74.30598886570777,-1.4210854715202004e-14,0.0038111209869384766,0.003766179084777832,-4.494190216064453e-05,0.001723945140838623,0.001780390739440918,5.644559860229492e-05,,,,
reach-wall,0,matched_random_fixed_rank4,11,0.0,0.0,0.0,0.0,58.736466929376576,58.736466929376576,0.0,0.008984029293060303,0.008994519710540771,1.049041748046875e-05,7.903575897216797e-05,5.900859832763672e-05,-2.002716064453125e-05,,,,
reach-wall,0,matched_random_fixed_rank4,12,8.46215086780789e-07,7.724851525517163e-08,4.211390841323906e-07,3.844456270439605e-08,48.950528655529695,48.9505286849202,2.9390506028903474e-08,0.010418951511383057,0.010461091995239258,4.214048385620117e-05,0.0008143782615661621,0.0007511377334594727,-6.324052810668945e-05,,,,
reach-wall,0,matched_random_fixed_rank4,13,1.0934805847295313e-06,9.982066374171722e-08,4.15966655379768e-07,3.79723867202461e-08,39.13959033434014,39.13958964876953,-6.855706118358285e-07,0.002561509609222412,0.0025333762168884277,-2.8133392333984375e-05,0.0002594590187072754,0.0002652406692504883,5.781650543212891e-06,,,,
reach-wall,0,matched_random_fixed_rank4,14,1.5126330128124222e-06,1.3808387039072742e-07,5.091260361387526e-07,4.647663576773087e-08,26.237177362433144,26.23717616443332,-1.1979998255640112e-06,0.00039631128311157227,0.00040328502655029297,6.973743438720703e-06,0.0019274353981018066,0.0018540620803833008,-7.337331771850586e-05,,,,
reach-wall,1,fixed_rank4,0,0.0,0.0,0.0,0.0,170.27262398456074,170.27262398456074,0.0,0.005713939666748047,0.006467580795288086,0.0007536411285400391,0.005887508392333984,0.006273746490478516,0.00038623809814453125,True,10.0,0.00015390475591023763,0.0004033064326770296
reach-wall,1,fixed_rank4,1,0.0,0.0,0.0,0.0,165.53779122515056,165.53779122515056,0.0,0.0003840923309326172,0.0007722377777099609,0.00038814544677734375,0.013709783554077148,0.014003753662109375,0.00029397010803222656,,,,
reach-wall,1,fixed_rank4,2,3.9961905684277295e-07,3.648006197362099e-08,4.897021271334583e-07,4.470348358154297e-08,157.10843399964327,157.10843345008487,-5.495583934589376e-07,0.0005081892013549805,0.0008665323257446289,0.00035834312438964844,0.00588536262512207,0.006641745567321777,0.000756382942199707,,,,
reach-wall,1,fixed_rank4,3,3.5479356576857623e-07,3.238807320485699e-08,5.794233708150262e-07,5.28938750901784e-08,146.04841701070097,146.0484160955637,-9.151372637461463e-07,0.007731199264526367,0.007282137870788574,-0.00044906139373779297,0.010495543479919434,0.010884404182434082,0.00038886070251464844,,,,
reach-wall,1,fixed_rank4,4,6.323261927027017e-07,5.772321990743805e-08,7.580576742873731e-07,6.920088134951637e-08,133.35020574939452,133.35020459445042,-1.154944101244837e-06,0.0263063907623291,0.026440739631652832,0.00013434886932373047,0.004622340202331543,0.005889773368835449,0.0012674331665039062,,,,
reach-wall,1,fixed_rank4,5,1.1052017196600578e-06,1.0089065207521909e-07,1.0285040096484063e-06,9.388914109482387e-08,125.1341041807971,125.13410229354278,-1.8872543137149478e-06,0.01665318012237549,0.017264842987060547,0.0006116628646850586,0.004769325256347656,0.00546419620513916,0.0006948709487915039,,,,
reach-wall,1,fixed_rank4,6,1.6249617427314149e-06,1.483380335961504e-07,1.153950387033781e-06,1.0534077620336979e-07,116.77525325447394,116.7752507010933,-2.553380639369607e-06,0.015597939491271973,0.015329718589782715,-0.0002682209014892578,0.004068851470947266,0.003028392791748047,-0.0010404586791992188,,,,
reach-wall,1,fixed_rank4,7,1.6059717403238742e-06,1.4660449148186914e-07,1.2978774534263699e-06,1.1847945968649724e-07,110.23145698292376,110.23145436311137,-2.619812391913001e-06,0.022203922271728516,0.022092223167419434,-0.00011169910430908203,0.0019981861114501953,0.0013091564178466797,-0.0006890296936035156,,,,
reach-wall,1,fixed_rank4,8,2.114290141639137e-06,1.9300740061442467e-07,1.3121485687942097e-06,1.1978222832111799e-07,101.85448075568524,101.85447707712272,-3.6785625212587547e-06,0.001178145408630371,0.0007473230361938477,-0.00043082237243652344,0.003070831298828125,0.003450155258178711,0.00037932395935058594,,,,
reach-wall,1,fixed_rank4,9,2.926855505211147e-06,2.671841304603874e-07,1.455382766673807e-06,1.3285766185192033e-07,91.63808652659611,91.63808256368804,-3.9629080674785655e-06,0.0028828978538513184,0.0028092265129089355,-7.367134094238281e-05,0.00010222196578979492,0.00014770030975341797,4.547834396362305e-05,,,,
reach-wall,1,fixed_rank4,10,3.2762297393324524e-06,2.9907748863360907e-07,1.3987658976029239e-06,1.2768927246434712e-07,88.54618236978177,88.54617856842556,-3.8013562146943514e-06,0.018112897872924805,0.017848610877990723,-0.00026428699493408203,0.0013790130615234375,0.0015377402305603027,0.00015872716903686523,,,,
reach-wall,1,fixed_rank4,11,3.4329358618271045e-06,3.1338273499852387e-07,1.3461036358656483e-06,1.2288188768388928e-07,80.25846853309523,80.25846281522875,-5.717866471854904e-06,0.0048531293869018555,0.005050480365753174,0.00019735097885131836,0.0021970272064208984,0.0022769570350646973,7.992982864379883e-05,,,,
reach-wall,1,fixed_rank4,12,3.881395072801019e-06,3.543212726604208e-07,1.4320240740941218e-06,1.3072531471196664e-07,71.40865320502493,71.40864715162658,-6.053398351468786e-06,0.013585925102233887,0.0136948823928833,0.00010895729064941406,0.0005033016204833984,0.00019103288650512695,-0.0003122687339782715,,,,
reach-wall,1,fixed_rank4,13,1.118473130248189,0.10210216056672448,0.8186416569304307,0.07473141700236705,63.541209389365996,61.81420724120478,-1.727002148161219,0.0031475424766540527,0.0032672882080078125,0.00011974573135375977,0.00013816356658935547,0.0009443759918212891,0.0008062124252319336,,,,
reach-wall,1,fixed_rank4,14,2.0218344676083144,0.18456739090842028,1.4686935680060569,0.13407276620994418,53.63551569556829,52.6224936208479,-1.0130220747203893,0.0007874965667724609,0.0007404088973999023,-4.7087669372558594e-05,0.0004226565361022949,0.000713050365447998,0.0002903938293457031,,,,
reach-wall,1,matched_random_fixed_rank4,0,0.0,0.0,0.0,0.0,170.27262398456074,170.27262398456074,0.0,0.005713939666748047,0.0065381526947021484,0.0008242130279541016,0.005887508392333984,0.006386756896972656,0.0004992485046386719,True,10.0,0.0002869717280069987,0.0005156755037695883
reach-wall,1,matched_random_fixed_rank4,1,0.0,0.0,0.0,0.0,165.53779122515056,165.53779122515056,0.0,0.0003840923309326172,0.00041365623474121094,2.956390380859375e-05,0.013709783554077148,0.013705968856811523,-3.814697265625e-06,,,,
reach-wall,1,matched_random_fixed_rank4,2,0.0,0.0,0.0,0.0,157.10843399964327,157.10843399964327,0.0,0.0005081892013549805,0.000611424446105957,0.00010323524475097656,0.00588536262512207,0.0057544708251953125,-0.0001308917999267578,,,,
reach-wall,1,matched_random_fixed_rank4,3,0.0,0.0,0.0,0.0,146.04841701070097,146.04841701070097,0.0,0.007731199264526367,0.007859587669372559,0.0001283884048461914,0.010495543479919434,0.010502219200134277,6.67572021484375e-06,,,,
reach-wall,1,matched_random_fixed_rank4,4,0.0,0.0,0.0,0.0,133.35020574939452,133.35020574939452,0.0,0.0263063907623291,0.02620518207550049,-0.00010120868682861328,0.004622340202331543,0.004528403282165527,-9.393692016601562e-05,,,,
reach-wall,1,matched_random_fixed_rank4,5,0.0,0.0,0.0,0.0,125.1341041807971,125.1341041807971,0.0,0.01665318012237549,0.016599059104919434,-5.412101745605469e-05,0.004769325256347656,0.004898667335510254,0.00012934207916259766,,,,
reach-wall,1,matched_random_fixed_rank4,6,0.0,0.0,0.0,0.0,116.77525325447394,116.77525325447394,0.0,0.015597939491271973,0.015631556510925293,3.361701965332031e-05,0.004068851470947266,0.004017829895019531,-5.1021575927734375e-05,,,,
reach-wall,1,matched_random_fixed_rank4,7,0.0,0.0,0.0,0.0,110.23145698292375,110.23145698292376,1.4210854715202004e-14,0.022203922271728516,0.02240300178527832,0.0001990795135498047,0.0019981861114501953,0.0019123554229736328,-8.58306884765625e-05,,,,
reach-wall,1,matched_random_fixed_rank4,8,0.0,0.0,0.0,0.0,101.85448075568524,101.85448075568524,0.0,0.001178145408630371,0.0009989738464355469,-0.00017917156219482422,0.003070831298828125,0.0030279159545898438,-4.291534423828125e-05,,,,
reach-wall,1,matched_random_fixed_rank4,9,0.0,0.0,0.0,0.0,91.63808652659611,91.63808652659611,0.0,0.0028828978538513184,0.0029622316360473633,7.933378219604492e-05,0.00010222196578979492,0.00010037422180175781,-1.8477439880371094e-06,,,,
reach-wall,1,matched_random_fixed_rank4,10,0.0,0.0,0.0,0.0,88.54618236978177,88.54618236978177,0.0,0.018112897872924805,0.018162190914154053,4.929304122924805e-05,0.0013790130615234375,0.00131148099899292,-6.753206253051758e-05,,,,
reach-wall,1,matched_random_fixed_rank4,11,0.0,0.0,0.0,0.0,80.25846853309523,80.25846853309523,0.0,0.0048531293869018555,0.0048337578773498535,-1.9371509552001953e-05,0.0021970272064208984,0.0021682381629943848,-2.8789043426513672e-05,,,,
reach-wall,1,matched_random_fixed_rank4,12,0.0,0.0,0.0,0.0,71.40865320502493,71.40865320502493,0.0,0.013585925102233887,0.013514697551727295,-7.12275505065918e-05,0.0005033016204833984,0.00042253732681274414,-8.07642936706543e-05,,,,
reach-wall,1,matched_random_fixed_rank4,13,0.0,0.0,0.0,0.0,63.541209389365996,63.541209389365996,0.0,0.0031475424766540527,0.0030924081802368164,-5.513429641723633e-05,0.00013816356658935547,0.00016641616821289062,2.8252601623535156e-05,,,,
reach-wall,1,matched_random_fixed_rank4,14,0.0,0.0,0.0,0.0,53.63551569556829,53.63551569556829,0.0,0.0007874965667724609,0.0007488727569580078,-3.8623809814453125e-05,0.0004226565361022949,0.00036448240280151367,-5.817413330078125e-05,,,,
reach-wall,2,fixed_rank4,0,0.0,0.0,0.0,0.0,170.27262398456074,170.27262398456074,0.0,0.15526056289672852,0.15523099899291992,-2.956390380859375e-05,0.00376129150390625,0.003961086273193359,0.00019979476928710938,True,10.0,0.00016113440195719402,0.0004155291405157874
reach-wall,2,fixed_rank4,1,0.0,0.0,0.0,0.0,164.29200188239415,164.29200188239415,0.0,0.0484851598739624,0.048149824142456055,-0.00033533573150634766,0.0007669925689697266,0.003340005874633789,0.0025730133056640625,,,,
reach-wall,2,fixed_rank4,2,0.0,0.0,0.0,0.0,156.99629436262757,156.99629436262757,0.0,0.0011943578720092773,0.002543330192565918,0.0013489723205566406,0.0039556026458740234,0.005449175834655762,0.0014935731887817383,,,,
reach-wall,2,fixed_rank4,3,5.499189705039142e-07,5.020050415750198e-08,4.86061168619993e-07,4.43711110634154e-08,150.2677067406733,150.2677055877345,-1.1529388075359748e-06,0.04329955577850342,0.04280424118041992,-0.0004953145980834961,0.004642605781555176,0.00448000431060791,-0.00016260147094726562,,,,
reach-wall,2,fixed_rank4,4,8.760216379727865e-07,7.996946866338657e-08,6.187122908838598e-07,5.648044638713133e-08,147.66351004718388,147.66350859631072,-1.450873156727539e-06,0.05198836326599121,0.05208265781402588,9.429454803466797e-05,0.004616498947143555,0.002152562141418457,-0.0024639368057250977,,,,
reach-wall,2,fixed_rank4,5,1.232525117226664e-06,1.1251363489945717e-07,5.322864979354069e-07,4.8590886995774896e-08,139.29960747733242,139.29960548463558,-1.992696837760377e-06,0.003751039505004883,0.0028276443481445312,-0.0009233951568603516,0.00019741058349609375,0.000737309455871582,0.0005398988723754883,,,,
reach-wall,2,fixed_rank4,6,1.5949474868379126e-06,1.4559811942954977e-07,6.725361404655431e-07,6.139386914507349e-08,130.25046671446597,130.2504653678254,-1.3466405732742714e-06,0.11263740062713623,0.11234474182128906,-0.00029265880584716797,0.0014074444770812988,0.0017772912979125977,0.00036984682083129883,,,,
reach-wall,2,fixed_rank4,7,2.0140354014629654e-06,1.838554368325399e-07,8.14399923201782e-07,7.43442014613485e-08,124.9355701519566,124.93556822891443,-1.923042162843558e-06,0.03180694580078125,0.03166794776916504,-0.00013899803161621094,0.002191901206970215,0.0025844573974609375,0.00039255619049072266,,,,
reach-wall,2,fixed_rank4,8,2.313296918449687e-06,2.1117415074034703e-07,1.0669689261879353e-06,9.740049150503279e-08,115.01780178600816,115.01779944311788,-2.342890283557608e-06,0.004838705062866211,0.004592537879943848,-0.0002461671829223633,0.00017571449279785156,3.8683414459228516e-05,-0.00013703107833862305,,,,
reach-wall,2,fixed_rank4,9,2.613720592838105e-06,2.385989546188676e-07,1.0904606230968516e-06,9.954498022354743e-08,108.1111767939881,108.11117525558345,-1.5384046463395862e-06,0.0012345314025878906,0.0009035468101501465,-0.00033098459243774414,0.0010097622871398926,0.0005969405174255371,-0.00041282176971435547,,,,
reach-wall,2,fixed_rank4,10,2.7194115239284986e-06,2.482471724658564e-07,1.15596904475805e-06,1.0552505359861382e-07,96.23842145417734,96.23841877455334,-2.679624003576464e-06,0.013688504695892334,0.013536512851715088,-0.0001519918441772461,3.534555435180664e-05,0.0006008148193359375,0.0005654692649841309,,,,
reach-wall,2,fixed_rank4,11,1.1525651953336173,0.10521432607992838,0.9251752109834167,0.08445655545003644,75.900485348961,75.90721576195088,0.006730412989881529,0.0015634894371032715,0.002234816551208496,0.0006713271141052246,0.00026679039001464844,0.0007038712501525879,0.00043708086013793945,,,,
reach-wall,2,fixed_rank4,12,1.745986220428761,0.1593860063370033,1.2362658446407084,0.11285511503048219,59.780707476173916,59.52929406956129,-0.25141340661262745,0.0032413601875305176,0.001982271671295166,-0.0012590885162353516,0.0015236735343933105,0.0008080005645751953,-0.0007156729698181152,,,,
reach-wall,2,fixed_rank4,13,2.3954162461630446,0.2186705854396412,1.7342498967827533,0.15831463146982,54.52470254194339,53.475926474748746,-1.0487760671946447,0.006935596466064453,0.005215764045715332,-0.001719832420349121,0.0011763572692871094,2.1576881408691406e-05,-0.001154780387878418,,,,
reach-wall,2,fixed_rank4,14,2.886732465209812,0.26352141477965185,2.1948277772034044,0.20035944723553795,34.608005778706705,35.65859102901463,1.0505852503079254,0.002263963222503662,0.0020092129707336426,-0.00025475025177001953,6.443262100219727e-05,0.0010038018226623535,0.0009393692016601562,,,,
reach-wall,2,matched_random_fixed_rank4,0,0.0,0.0,0.0,0.0,170.27262398456074,170.27262398456074,0.0,0.15526056289672852,0.15540647506713867,0.00014591217041015625,0.00376129150390625,0.003839731216430664,7.843971252441406e-05,True,10.0,0.00043300390243530276,0.0005911549321693882
reach-wall,2,matched_random_fixed_rank4,1,0.0,0.0,0.0,0.0,164.29200188239415,164.29200188239415,0.0,0.0484851598739624,0.04849255084991455,7.3909759521484375e-06,0.0007669925689697266,0.002115488052368164,0.0013484954833984375,,,,
reach-wall,2,matched_random_fixed_rank4,2,0.0,0.0,0.0,0.0,156.99629436262757,156.99629436262757,0.0,0.0011943578720092773,0.0021066665649414062,0.0009123086929321289,0.0039556026458740234,0.004309296607971191,0.00035369396209716797,,,,
reach-wall,2,matched_random_fixed_rank4,3,5.499189705039142e-07,5.020050415750198e-08,4.86061168619993e-07,4.43711110634154e-08,150.2677067406733,150.2677055877345,-1.1529388075359748e-06,0.04329955577850342,0.04327535629272461,-2.4199485778808594e-05,0.004642605781555176,0.004301309585571289,-0.0003412961959838867,,,,
reach-wall,2,matched_random_fixed_rank4,4,8.760216379727865e-07,7.996946866338657e-08,6.187122908838598e-07,5.648044638713133e-08,147.66351004718388,147.66350859631072,-1.450873156727539e-06,0.05198836326599121,0.05187976360321045,-0.00010859966278076172,0.004616498947143555,0.0046814680099487305,6.496906280517578e-05,,,,
reach-wall,2,matched_random_fixed_rank4,5,1.232525117226664e-06,1.1251363489945717e-07,5.322864979354069e-07,4.8590886995774896e-08,139.29960747733242,139.29960548463558,-1.992696837760377e-06,0.003751039505004883,0.0036606788635253906,-9.036064147949219e-05,0.00019741058349609375,0.0001302957534790039,-6.711483001708984e-05,,,,
reach-wall,2,matched_random_fixed_rank4,6,1.6706424034239494e-06,1.5250808831332385e-07,5.519467347101014e-07,5.038561285700702e-08,130.25046671446597,130.25046473294347,-1.9815225016373006e-06,0.11263740062713623,0.1124962568283081,-0.000141143798828125,0.0014074444770812988,0.0014113783836364746,3.933906555175781e-06,,,,
reach-wall,2,matched_random_fixed_rank4,7,2.066183157664271e-06,1.886158538983291e-07,6.833445720552266e-07,6.238053944389367e-08,124.9355701519566,124.93556788516943,-2.2667871633075265e-06,0.03180694580078125,0.0317344069480896,-7.253885269165039e-05,0.002191901206970215,0.002213120460510254,2.1219253540039062e-05,,,,
reach-wall,2,matched_random_fixed_rank4,8,2.331800372453234e-06,2.1286327726526403e-07,8.213230240059298e-07,7.497619120773413e-08,115.01780178600816,115.01779901739582,-2.7686123473813495e-06,0.004838705062866211,0.004830837249755859,-7.867813110351562e-06,0.00017571449279785156,0.0002884864807128906,0.00011277198791503906,,,,
reach-wall,2,matched_random_fixed_rank4,9,2.3805042243801467e-06,2.1730931032155763e-07,7.904641157314089e-07,7.215917118074447e-08,108.1111767939881,108.1111741783796,-2.615608494238586e-06,0.0012345314025878906,0.0011481642723083496,-8.636713027954102e-05,0.0010097622871398926,0.0009025335311889648,-0.00010722875595092773,,,,
reach-wall,2,matched_random_fixed_rank4,10,2.245522055086325e-06,2.0498718049102307e-07,7.411736318734817e-07,6.765958620085599e-08,96.23842145417734,96.23841851985831,-2.9343190277586473e-06,0.013688504695892334,0.013667464256286621,-2.104043960571289e-05,3.534555435180664e-05,6.276369094848633e-05,2.7418136596679688e-05,,,,
reach-wall,2,matched_random_fixed_rank4,11,1.152565144529435,0.10521432144216226,0.9251750978128873,0.08445654511902781,75.900485348961,75.90721569194709,0.006730342986088544,0.0015634894371032715,0.0023766756057739258,0.0008131861686706543,0.00026679039001464844,0.0006771087646484375,0.00041031837463378906,,,,
reach-wall,2,matched_random_fixed_rank4,12,1.7459861581549407,0.15938600065220723,1.236265864067485,0.11285511680389616,59.780707476173916,59.52929341746619,-0.2514140587077236,0.0032413601875305176,0.0017921924591064453,-0.0014491677284240723,0.0015236735343933105,0.0008513927459716797,-0.0006722807884216309,,,,
reach-wall,2,matched_random_fixed_rank4,13,2.3954164807513205,0.218670606854523,1.734250032368081,0.1583146438470104,54.52470254194339,53.47592586058809,-1.0487766813552994,0.006935596466064453,0.005116522312164307,-0.0018190741539001465,0.0011763572692871094,0.0001074671745300293,-0.00106889009475708,,,,
reach-wall,2,matched_random_fixed_rank4,14,2.6687332225704763,0.2436208976608842,2.1258660679129817,0.19406413327179156,34.608005778706705,38.05261639849948,3.444610619792776,0.002263963222503662,0.00031566619873046875,-0.0019482970237731934,6.443262100219727e-05,0.00038176774978637695,0.0003173351287841797,,,,
reach-wall,3,fixed_rank4,0,0.0,0.0,0.0,0.0,170.27262398456074,170.27262398456074,0.0,0.40804576873779297,0.40664005279541016,-0.0014057159423828125,0.0004546642303466797,0.00041985511779785156,-3.4809112548828125e-05,True,10.0,0.00042765061060587566,0.0005905014121855051
reach-wall,3,fixed_rank4,1,0.0,0.0,0.0,0.0,165.2552715192358,165.2552715192358,0.0,0.03700399398803711,0.03757047653198242,0.0005664825439453125,0.02631521224975586,0.02533268928527832,-0.000982522964477539,,,,
reach-wall,3,fixed_rank4,2,0.0,0.0,0.0,0.0,158.75576522949098,158.75576522949098,0.0,0.18253719806671143,0.18322527408599854,0.0006880760192871094,0.000542759895324707,0.0009368658065795898,0.0003941059112548828,,,,
reach-wall,3,fixed_rank4,3,0.0,0.0,0.0,0.0,151.98164004184207,151.98164004184207,0.0,0.0415874719619751,0.041483402252197266,-0.00010406970977783203,0.005583763122558594,0.004656195640563965,-0.0009275674819946289,,,,
reach-wall,3,fixed_rank4,4,5.563894414380121e-07,5.079117463888314e-08,6.005001568677987e-07,5.481791361698069e-08,140.06634227065243,140.06634341947483,1.148822406094041e-06,0.08086121082305908,0.08016622066497803,-0.0006949901580810547,0.0019491910934448242,0.0026456117630004883,0.0006964206695556641,,,,
reach-wall,3,fixed_rank4,5,7.872856213156846e-07,7.186901566567842e-08,6.07850493620966e-07,5.54889044911422e-08,128.8322987634017,128.83229903955097,2.7614927944341616e-07,0.02253544330596924,0.02247321605682373,-6.222724914550781e-05,0.0004972219467163086,0.0002624988555908203,-0.00023472309112548828,,,,
reach-wall,3,fixed_rank4,6,9.99953133959046e-07,9.128281465289244e-08,6.371880100138575e-07,5.816704107606957e-08,119.507329843518,119.50732990144951,5.79315155846416e-08,0.020379066467285156,0.02049386501312256,0.00011479854583740234,0.004936575889587402,0.0052340030670166016,0.0002974271774291992,,,,
reach-wall,3,fixed_rank4,7,1.3245712193997298e-06,1.2091625598122607e-07,7.76184594225395e-07,7.085563517420716e-08,112.0307249105832,112.03072471170435,-1.9887885116531834e-07,0.018138110637664795,0.017145156860351562,-0.0009929537773132324,0.002621173858642578,0.002066493034362793,-0.0005546808242797852,,,,
reach-wall,3,fixed_rank4,8,1.7988622557472152e-06,1.642129058862295e-07,9.324543751493643e-07,8.512104918561523e-08,99.51428716321881,99.51428611146419,-1.0517546229493746e-06,0.0257948637008667,0.025877296924591064,8.243322372436523e-05,0.0009905099868774414,0.0005978941917419434,-0.00039261579513549805,,,,
reach-wall,3,fixed_rank4,9,2.0249636465454335e-06,1.8485304455680867e-07,1.0975643456624882e-06,1.0019345840545704e-07,93.63243169732529,93.63243082244247,-8.748828150828558e-07,0.008479833602905273,0.00839078426361084,-8.90493392944336e-05,0.000371396541595459,0.00023704767227172852,-0.00013434886932373047,,,,
reach-wall,3,fixed_rank4,10,2.269457887466854e-06,2.071722130456028e-07,1.0925775367747482e-06,9.973822711915995e-08,83.90685878526739,83.90685851614231,-2.6912508133136726e-07,0.014465689659118652,0.014620721340179443,0.00015503168106079102,0.0008641481399536133,0.0010523200035095215,0.0001881718635559082,,,,
reach-wall,3,fixed_rank4,11,2.578283077295814e-06,2.3536396684479217e-07,1.1238281509259226e-06,1.0259100483690801e-07,77.96082115832573,77.96082232440676,1.166081034398303e-06,0.008674323558807373,0.008192896842956543,-0.0004814267158508301,0.00024902820587158203,0.0004608035087585449,0.0002117753028869629,,,,
reach-wall,3,fixed_rank4,12,1.3431538394514597,0.12261260934453948,1.1957058851466438,0.10915251423941635,64.77237267149124,66.62204360612773,1.8496709346364923,0.0015799403190612793,0.002652108669281006,0.0010721683502197266,0.0003197193145751953,3.6835670471191406e-05,-0.0002828836441040039,,,,
reach-wall,3,fixed_rank4,13,1.3055300970882353,0.11917804727952268,1.1839111471344104,0.10807580689455572,54.077753577769215,55.92742499793911,1.8496714201698978,0.007698953151702881,0.005093395709991455,-0.0026055574417114258,2.378225326538086e-05,0.0001055598258972168,8.177757263183594e-05,,,,
reach-wall,3,fixed_rank4,14,1.8334049464066735,0.16736620769808086,1.6232473431967138,0.14818153104652837,46.68944390445266,49.23010689494948,2.54066299049682,0.007791996002197266,0.0073702335357666016,-0.00042176246643066406,0.0010647773742675781,0.0026311278343200684,0.0015663504600524902,,,,
reach-wall,3,matched_random_fixed_rank4,0,0.0,0.0,0.0,0.0,170.27262398456074,170.27262398456074,0.0,0.40804576873779297,0.4071028232574463,-0.0009429454803466797,0.0004546642303466797,0.0004634857177734375,8.821487426757812e-06,True,10.0,0.0005798053741455078,0.0007661360195178772
reach-wall,3,matched_random_fixed_rank4,1,0.0,0.0,0.0,0.0,165.2552715192358,165.2552715192358,0.0,0.03700399398803711,0.03746628761291504,0.0004622936248779297,0.02631521224975586,0.025538921356201172,-0.0007762908935546875,,,,
reach-wall,3,matched_random_fixed_rank4,2,0.0,0.0,0.0,0.0,158.75576522949098,158.75576522949098,0.0,0.18253719806671143,0.1821213960647583,-0.000415802001953125,0.000542759895324707,0.0006556510925292969,0.00011289119720458984,,,,
reach-wall,3,matched_random_fixed_rank4,3,0.0,0.0,0.0,0.0,151.98164004184207,151.98164004184207,0.0,0.0415874719619751,0.04141533374786377,-0.00017213821411132812,0.005583763122558594,0.005956292152404785,0.0003725290298461914,,,,
reach-wall,3,matched_random_fixed_rank4,4,0.0,0.0,0.0,0.0,140.06634227065243,140.06634227065243,0.0,0.08086121082305908,0.08081555366516113,-4.565715789794922e-05,0.0019491910934448242,0.00198519229888916,3.600120544433594e-05,,,,
reach-wall,3,matched_random_fixed_rank4,5,0.0,0.0,0.0,0.0,128.8322987634017,128.8322987634017,0.0,0.02253544330596924,0.02267611026763916,0.00014066696166992188,0.0004972219467163086,0.0004385709762573242,-5.8650970458984375e-05,,,,
reach-wall,3,matched_random_fixed_rank4,6,6.632987921327913e-07,6.055061846951001e-08,3.8325253574883e-07,3.498600984178155e-08,119.507329843518,119.50732966634537,-1.771726232391302e-07,0.020379066467285156,0.02005290985107422,-0.0003261566162109375,0.004936575889587402,0.004809975624084473,-0.0001266002655029297,,,,
reach-wall,3,matched_random_fixed_rank4,7,9.524019940936247e-07,8.694200932966337e-08,5.998064447217802e-07,5.4754586651849084e-08,112.0307249105832,112.03072471762559,-1.9295761433113512e-07,0.018138110637664795,0.017860829830169678,-0.0002772808074951172,0.002621173858642578,0.002161860466003418,-0.00045931339263916016,,,,
reach-wall,3,matched_random_fixed_rank4,8,1.6873665653585284e-06,1.5403478843781353e-07,8.293604010962398e-07,7.570989999699047e-08,99.51428716321881,99.51428643715855,-7.260602643555103e-07,0.0257948637008667,0.025896966457366943,0.00010210275650024414,0.0009905099868774414,0.0009840130805969238,-6.496906280517578e-06,,,,
reach-wall,3,matched_random_fixed_rank4,9,1.9237745458519783e-06,1.756157857195642e-07,1.0762156709694367e-06,9.824459995508636e-08,93.63243169732529,93.63243067572748,-1.0215978107908086e-06,0.008479833602905273,0.008504331111907959,2.4497509002685547e-05,0.000371396541595459,0.0003038644790649414,-6.753206253051758e-05,,,,
reach-wall,3,matched_random_fixed_rank4,10,2.381261973643756e-06,2.1737848304899292e-07,9.749163714809576e-07,8.899728139020112e-08,83.90685878526739,83.90685850664745,-2.7861993601163704e-07,0.014465689659118652,0.0145072340965271,4.1544437408447266e-05,0.0008641481399536133,0.0008673667907714844,3.2186508178710938e-06,,,,
reach-wall,3,matched_random_fixed_rank4,11,2.553680385873392e-06,2.331180586668923e-07,1.0850255735753494e-06,9.90488303528667e-08,77.96082115832573,77.96082154363984,3.853141095078172e-07,0.008674323558807373,0.008669257164001465,-5.066394805908203e-06,0.00024902820587158203,0.00023621320724487305,-1.2814998626708984e-05,,,,
reach-wall,3,matched_random_fixed_rank4,12,2.6761615356775025e-06,2.4429900676970575e-07,8.941317576468108e-07,8.162268884081677e-08,64.77237267149123,64.7723731913144,5.198231747272075e-07,0.0015799403190612793,0.001687765121459961,0.00010782480239868164,0.0003197193145751953,0.0003122091293334961,-7.510185241699219e-06,,,,
reach-wall,3,matched_random_fixed_rank4,13,2.972504267582376e-06,2.713512732725399e-07,9.177077045034699e-07,8.37748684921393e-08,54.077753577769215,54.07775532305112,1.7452819065510994e-06,0.007698953151702881,0.007737100124359131,3.814697265625e-05,2.378225326538086e-05,1.1742115020751953e-05,-1.2040138244628906e-05,,,,
reach-wall,3,matched_random_fixed_rank4,14,1.1201496368269386,0.10225520397855563,0.8624473863712323,0.07873031469614959,46.68944390445266,45.86949917589723,-0.8199447285554271,0.007791996002197266,0.009697496891021729,0.0019055008888244629,0.0010647773742675781,0.0012276768684387207,0.00016289949417114258,,,,
