cohort,task,episode,metric,learned,random,effect
initial8,reach,0,selected_prefix_rms_learned_minus_random,0.7637113536875739,0.7403955988170007,0.023315754870573246
initial8,reach,0,mean_proposal_mean_rms_learned_minus_random,0.30724713626652306,0.30866404111533685,-0.0014169048488137936
initial8,reach,0,mean_proposal_entropy_delta_learned_minus_random,2.9218077050000497,3.5227594762412946,-0.6009517712412449
initial8,reach,1,selected_prefix_rms_learned_minus_random,1.057858215324324,0.22642506524204328,0.8314331500822806
initial8,reach,1,mean_proposal_mean_rms_learned_minus_random,0.42818103452291356,0.014786998714606774,0.4133940358083068
initial8,reach,1,mean_proposal_entropy_delta_learned_minus_random,-3.168038135965791,-0.1034921635419901,-3.064545972423801
initial8,reach,2,selected_prefix_rms_learned_minus_random,0.058496654095754844,0.27674471491846525,-0.21824806082271042
initial8,reach,2,mean_proposal_mean_rms_learned_minus_random,1.5576772636009494e-07,0.02023623298445085,-0.02023607721672449
initial8,reach,2,mean_proposal_entropy_delta_learned_minus_random,-1.3062387201519718e-07,-0.012432101458302706,0.01243197083443069
initial8,reach,3,selected_prefix_rms_learned_minus_random,0.130039125137597,0.0,0.130039125137597
initial8,reach,3,mean_proposal_mean_rms_learned_minus_random,0.004927504327624325,0.0,0.004927504327624325
initial8,reach,3,mean_proposal_entropy_delta_learned_minus_random,-0.11532724155262788,0.0,-0.11532724155262788
extension56,reach,4,selected_prefix_rms_learned_minus_random,0.24050661701316106,1.5799768337153224,-1.3394702167021613
extension56,reach,4,mean_proposal_mean_rms_learned_minus_random,0.015131389891728382,0.7310057269025135,-0.7158743370107852
extension56,reach,4,mean_proposal_entropy_delta_learned_minus_random,0.331424217681554,-1.9189825266763654,2.250406744357919
extension56,reach,5,selected_prefix_rms_learned_minus_random,0.14910581521599858,0.14910580218289227,1.303310631639576e-08
extension56,reach,5,mean_proposal_mean_rms_learned_minus_random,0.004837242335433428,0.004837172170497409,7.016493601842005e-08
extension56,reach,5,mean_proposal_entropy_delta_learned_minus_random,0.03242077499004239,0.03242170343193962,-9.284418972313468e-07
extension56,reach,6,selected_prefix_rms_learned_minus_random,1.275426418395216,0.3186127829679061,0.9568136354273098
extension56,reach,6,mean_proposal_mean_rms_learned_minus_random,0.4736362831692532,0.053578309458657346,0.4200579737105959
extension56,reach,6,mean_proposal_entropy_delta_learned_minus_random,4.701791470478017,0.6761037604112019,4.025687710066815
extension56,reach,7,selected_prefix_rms_learned_minus_random,0.6780579001341093,1.1406933789852046e-07,0.6780577860647714
extension56,reach,7,mean_proposal_mean_rms_learned_minus_random,0.22241892920264267,5.680722760395295e-09,0.22241892352191991
extension56,reach,7,mean_proposal_entropy_delta_learned_minus_random,0.21760164289818487,2.9872087263053496e-08,0.2176016130260976
extension56,reach,8,selected_prefix_rms_learned_minus_random,0.6184819951579074,0.3320114780145308,0.28647051714337657
extension56,reach,8,mean_proposal_mean_rms_learned_minus_random,0.21026048431997235,0.058104461302109674,0.15215602301786268
extension56,reach,8,mean_proposal_entropy_delta_learned_minus_random,2.618319734659273,-0.9153237456196427,3.533643480278916
extension56,reach,9,selected_prefix_rms_learned_minus_random,0.9020791952695859,0.3549365757885842,0.5471426194810017
extension56,reach,9,mean_proposal_mean_rms_learned_minus_random,0.16684695626892843,0.02673063234199952,0.1401163239269289
extension56,reach,9,mean_proposal_entropy_delta_learned_minus_random,-2.5217415637903913,-0.9135252098964173,-1.608216353893974
extension56,reach,10,selected_prefix_rms_learned_minus_random,0.5540414444280399,0.5015080919939876,0.05253335243405233
extension56,reach,10,mean_proposal_mean_rms_learned_minus_random,0.13644502449139911,0.11113821266708165,0.02530681182431746
extension56,reach,10,mean_proposal_entropy_delta_learned_minus_random,-1.046560276367535,-0.42059934943155547,-0.6259609269359796
extension56,reach,11,selected_prefix_rms_learned_minus_random,0.5690973422087241,0.518019037447412,0.05107830476131214
extension56,reach,11,mean_proposal_mean_rms_learned_minus_random,0.20027194692443578,0.1795034621334032,0.020768484791032576
extension56,reach,11,mean_proposal_entropy_delta_learned_minus_random,3.0973770413916055,2.81542347511824,0.28195356627336565
extension56,reach,12,selected_prefix_rms_learned_minus_random,0.980044031347582,0.980043993133271,3.8214311048889726e-08
extension56,reach,12,mean_proposal_mean_rms_learned_minus_random,0.35025050403753843,0.35025048925534413,1.4782194301954377e-08
extension56,reach,12,mean_proposal_entropy_delta_learned_minus_random,5.599100968279866,5.599101462289574,-4.940097078076633e-07
extension56,reach,13,selected_prefix_rms_learned_minus_random,0.1458734338083877,0.05441551810885525,0.09145791569953243
extension56,reach,13,mean_proposal_mean_rms_learned_minus_random,0.005403354541915559,1.396315582826981e-07,0.0054032149103572765
extension56,reach,13,mean_proposal_entropy_delta_learned_minus_random,0.23244375082082247,9.741670690270136e-07,0.23244277665375343
extension56,reach,14,selected_prefix_rms_learned_minus_random,1.031984506924414,0.06377536691443798,0.968209140009976
extension56,reach,14,mean_proposal_mean_rms_learned_minus_random,0.419752211067343,1.3790684211827142e-07,0.4197520731605009
extension56,reach,14,mean_proposal_entropy_delta_learned_minus_random,1.3427050546158683,-2.6205051118684728e-06,1.34270767512098
extension56,reach,15,selected_prefix_rms_learned_minus_random,0.5610684962560937,0.5163895792957597,0.04467891696033399
extension56,reach,15,mean_proposal_mean_rms_learned_minus_random,0.1908446147358086,0.21186741379943436,-0.021022799063625752
extension56,reach,15,mean_proposal_entropy_delta_learned_minus_random,0.4286276138466724,0.40273341403368723,0.025894199812985186
extension56,reach,16,selected_prefix_rms_learned_minus_random,4.162679230426303e-07,0.9160640613222591,-0.9160636450543361
extension56,reach,16,mean_proposal_mean_rms_learned_minus_random,1.4657715505747326e-07,0.349050278082938,-0.3490501315057829
extension56,reach,16,mean_proposal_entropy_delta_learned_minus_random,6.261463044647068e-07,3.2315778295004507,-3.231577203354146
extension56,reach,17,selected_prefix_rms_learned_minus_random,0.7887091713790749,0.7211368722933059,0.067572299085769
extension56,reach,17,mean_proposal_mean_rms_learned_minus_random,0.33992848063240166,0.252250803519799,0.08767767711260266
extension56,reach,17,mean_proposal_entropy_delta_learned_minus_random,-0.42812827837452616,-0.9925033377865691,0.5643750594120429
extension56,reach,18,selected_prefix_rms_learned_minus_random,0.914920280949089,0.9409123408918934,-0.025992059942804402
extension56,reach,18,mean_proposal_mean_rms_learned_minus_random,0.5565504155648683,0.5587105250403733,-0.0021601094755050454
extension56,reach,18,mean_proposal_entropy_delta_learned_minus_random,-1.956509831449865,-2.5926122442742394,0.6361024128243744
extension56,reach,19,selected_prefix_rms_learned_minus_random,0.8295860851905577,0.9602336804525567,-0.1306475952619991
extension56,reach,19,mean_proposal_mean_rms_learned_minus_random,0.3671559916033488,0.3741440272166739,-0.0069880356133251165
extension56,reach,19,mean_proposal_entropy_delta_learned_minus_random,-1.524222862707571,0.7851628817243049,-2.309385744431876
extension56,reach,20,selected_prefix_rms_learned_minus_random,1.7022072713145433,1.7022071954063203,7.590822304059941e-08
extension56,reach,20,mean_proposal_mean_rms_learned_minus_random,0.7305130463248763,0.7305130221269895,2.4197886805410462e-08
extension56,reach,20,mean_proposal_entropy_delta_learned_minus_random,-1.9630715722286547,-1.963073563995386,1.991766731324063e-06
extension56,reach,21,selected_prefix_rms_learned_minus_random,1.0699867644437477,3.4814578938603244e-07,1.0699864162979584
extension56,reach,21,mean_proposal_mean_rms_learned_minus_random,0.30163374348380906,2.7855578904815463e-08,0.30163371562823016
extension56,reach,21,mean_proposal_entropy_delta_learned_minus_random,-4.570529003749065,3.74626228942058e-07,-4.570529378375293
extension56,reach,22,selected_prefix_rms_learned_minus_random,0.8504835762825533,0.9583971371066689,-0.10791356082411552
extension56,reach,22,mean_proposal_mean_rms_learned_minus_random,0.37414003350571134,0.37707365278829363,-0.0029336192825822893
extension56,reach,22,mean_proposal_entropy_delta_learned_minus_random,2.2651433615852876,3.070875527382709,-0.8057321657974215
extension56,reach,23,selected_prefix_rms_learned_minus_random,0.4643589814899038,0.4261325755809856,0.03822640590891818
extension56,reach,23,mean_proposal_mean_rms_learned_minus_random,0.14308280718389824,0.13473018494220748,0.008352622241690755
extension56,reach,23,mean_proposal_entropy_delta_learned_minus_random,1.2406376754587936,-0.2426664390396757,1.4833041144984693
extension56,reach,24,selected_prefix_rms_learned_minus_random,0.23641421767446721,0.25716242193233074,-0.02074820425786353
extension56,reach,24,mean_proposal_mean_rms_learned_minus_random,0.048040147150992425,0.05121622680592411,-0.0031760796549316836
extension56,reach,24,mean_proposal_entropy_delta_learned_minus_random,-1.4238561379580152,-1.3692593156808728,-0.054596822277142465
extension56,reach,25,selected_prefix_rms_learned_minus_random,1.2967433971932891,1.296743346294836,5.089845322991948e-08
extension56,reach,25,mean_proposal_mean_rms_learned_minus_random,0.8003566368902256,0.8003566167389844,2.015124123122547e-08
extension56,reach,25,mean_proposal_entropy_delta_learned_minus_random,-2.523689315201103,-2.5236887227401743,-5.924609287610849e-07
extension56,reach,26,selected_prefix_rms_learned_minus_random,1.0600737972212178,0.6375874618825094,0.4224863353387084
extension56,reach,26,mean_proposal_mean_rms_learned_minus_random,0.44027699762667893,0.25189766820556014,0.1883793294211188
extension56,reach,26,mean_proposal_entropy_delta_learned_minus_random,4.845828379447517,-2.8161076269200502,7.661936006367567
extension56,reach,27,selected_prefix_rms_learned_minus_random,1.1909029095950194,1.1933305488291461,-0.0024276392341266995
extension56,reach,27,mean_proposal_mean_rms_learned_minus_random,0.5049167957476883,0.5057914671004198,-0.0008746713527314487
extension56,reach,27,mean_proposal_entropy_delta_learned_minus_random,2.9173026837529563,3.1260896222996934,-0.20878693854673713
extension56,reach,28,selected_prefix_rms_learned_minus_random,3.6670672663820715e-07,2.3468117777465657e-07,1.320255488635506e-07
extension56,reach,28,mean_proposal_mean_rms_learned_minus_random,1.265930843238569e-07,8.287732679420803e-08,4.3715757529648866e-08
extension56,reach,28,mean_proposal_entropy_delta_learned_minus_random,9.006471168859775e-07,-1.0875113864254141e-07,1.0093982555285189e-06
extension56,reach,29,selected_prefix_rms_learned_minus_random,0.3245657293865446,0.24397599512395698,0.08058973426258761
extension56,reach,29,mean_proposal_mean_rms_learned_minus_random,0.06969599381419475,0.0421317299527663,0.027564263861428448
extension56,reach,29,mean_proposal_entropy_delta_learned_minus_random,-1.9335618899948155,0.6982347723402178,-2.6317966623350335
extension56,reach,30,selected_prefix_rms_learned_minus_random,0.7438143654146844,0.4421249426615518,0.3016894227531326
extension56,reach,30,mean_proposal_mean_rms_learned_minus_random,0.21217374060244634,0.06178470380799209,0.15038903679445426
extension56,reach,30,mean_proposal_entropy_delta_learned_minus_random,-2.1323603835304854,-1.8677901443273024,-0.264570239203183
extension56,reach,31,selected_prefix_rms_learned_minus_random,0.3489404532796045,0.11041720614181422,0.23852324713779027
extension56,reach,31,mean_proposal_mean_rms_learned_minus_random,0.07198882135662912,0.01059898733501007,0.06138983402161905
extension56,reach,31,mean_proposal_entropy_delta_learned_minus_random,1.5050390034036316,0.08295269696533746,1.4220863064382943
initial8,reach-wall,0,selected_prefix_rms_learned_minus_random,0.19455437412693305,2.1111804401668456e-07,0.19455416300888903
initial8,reach-wall,0,mean_proposal_mean_rms_learned_minus_random,0.025364282554217823,2.101020329250775e-08,0.02536426154401453
initial8,reach-wall,0,mean_proposal_entropy_delta_learned_minus_random,-0.26290597620556255,-1.2361199542472907e-07,-0.26290585259356714
initial8,reach-wall,1,selected_prefix_rms_learned_minus_random,0.2485086336173209,0.0,0.2485086336173209
initial8,reach-wall,1,mean_proposal_mean_rms_learned_minus_random,0.019111433391513624,0.0,0.019111433391513624
initial8,reach-wall,1,mean_proposal_entropy_delta_learned_minus_random,-0.18267047447068877,0.0,-0.18267047447068877
initial8,reach-wall,2,selected_prefix_rms_learned_minus_random,0.3275844389806412,0.2809155997659176,0.04666883921472359
initial8,reach-wall,2,mean_proposal_mean_rms_learned_minus_random,0.04978624018624444,0.04845953637180632,0.0013267038144381196
initial8,reach-wall,2,mean_proposal_entropy_delta_learned_minus_random,-0.016192549174662455,0.1434088706238337,-0.15960141979849615
initial8,reach-wall,3,selected_prefix_rms_learned_minus_random,0.2156161939630203,0.16763188443974236,0.047984309523277924
initial8,reach-wall,3,mean_proposal_mean_rms_learned_minus_random,0.027277199385568954,0.0068171098179052895,0.020460089567663663
initial8,reach-wall,3,mean_proposal_entropy_delta_learned_minus_random,0.41600037330973927,-0.05466296496963376,0.470663338279373
extension56,reach-wall,4,selected_prefix_rms_learned_minus_random,0.5343849343869513,2.255390758321639e-07,0.5343847088478755
extension56,reach-wall,4,mean_proposal_mean_rms_learned_minus_random,0.2021286121232487,8.140354490245632e-08,0.2021285307197038
extension56,reach-wall,4,mean_proposal_entropy_delta_learned_minus_random,0.4026172953297704,7.558753606436615e-07,0.4026165394544098
extension56,reach-wall,5,selected_prefix_rms_learned_minus_random,0.7801228239790737,0.482285105695491,0.29783771828358274
extension56,reach-wall,5,mean_proposal_mean_rms_learned_minus_random,0.21000132164933882,0.10599280874286945,0.10400851290646937
extension56,reach-wall,5,mean_proposal_entropy_delta_learned_minus_random,-0.3068520897277234,-1.3843755930797306,1.0775235033520072
extension56,reach-wall,6,selected_prefix_rms_learned_minus_random,4.5235507359592657e-07,3.549376105002567e-07,9.741746309566987e-08
extension56,reach-wall,6,mean_proposal_mean_rms_learned_minus_random,1.7576919974535326e-07,1.0725284262641883e-07,6.851635711893442e-08
extension56,reach-wall,6,mean_proposal_entropy_delta_learned_minus_random,1.453143042103496e-06,-5.520145146912606e-07,2.0051575567947567e-06
extension56,reach-wall,7,selected_prefix_rms_learned_minus_random,0.38373565954074007,0.17127690535665838,0.2124587541840817
extension56,reach-wall,7,mean_proposal_mean_rms_learned_minus_random,0.060138707622471116,0.010458108103752656,0.04968059951871846
extension56,reach-wall,7,mean_proposal_entropy_delta_learned_minus_random,0.11348718042061065,0.07238456433196631,0.041102616088644336
extension56,reach-wall,8,selected_prefix_rms_learned_minus_random,0.14575219127751005,0.04788577550670003,0.09786641577081001
extension56,reach-wall,8,mean_proposal_mean_rms_learned_minus_random,0.00475598427674303,1.3587664003175144e-07,0.0047558484001029985
extension56,reach-wall,8,mean_proposal_entropy_delta_learned_minus_random,0.024867986244510122,-2.605664254436609e-07,0.024868246810935565
extension56,reach-wall,9,selected_prefix_rms_learned_minus_random,0.9909588537897797,1.549290863343481e-07,0.9909586988606933
extension56,reach-wall,9,mean_proposal_mean_rms_learned_minus_random,0.4570629027483617,4.821146563865215e-08,0.45706285453689605
extension56,reach-wall,9,mean_proposal_entropy_delta_learned_minus_random,-5.311034292111155,-3.309961584818666e-08,-5.31103425901154
extension56,reach-wall,10,selected_prefix_rms_learned_minus_random,0.3660165551232812,1.4614288201578224e-07,0.36601640898039917
extension56,reach-wall,10,mean_proposal_mean_rms_learned_minus_random,0.09142316784211028,1.3000886433127555e-08,0.09142315484122385
extension56,reach-wall,10,mean_proposal_entropy_delta_learned_minus_random,-0.6103197778169948,9.33001018665891e-09,-0.610319787147005
extension56,reach-wall,11,selected_prefix_rms_learned_minus_random,3.5305585920372675e-07,0.6782272663892487,-0.6782269133333895
extension56,reach-wall,11,mean_proposal_mean_rms_learned_minus_random,1.6947118590869735e-07,0.2650685197945798,-0.2650683503233939
extension56,reach-wall,11,mean_proposal_entropy_delta_learned_minus_random,3.635540920754465e-07,2.461101342030008,-2.461100978475916
extension56,reach-wall,12,selected_prefix_rms_learned_minus_random,2.5100275116005417e-07,0.2753135416154137,-0.2753132906126626
extension56,reach-wall,12,mean_proposal_mean_rms_learned_minus_random,5.6701895820809585e-08,0.03849690476231336,-0.03849684806041754
extension56,reach-wall,12,mean_proposal_entropy_delta_learned_minus_random,-1.2114992008112797e-07,-0.6785573056671941,0.678557184517274
extension56,reach-wall,13,selected_prefix_rms_learned_minus_random,0.3695490493087351,1.3433102729293113e-07,0.3695489149777078
extension56,reach-wall,13,mean_proposal_mean_rms_learned_minus_random,0.07597766065726431,1.0771112279556577e-07,0.07597755294614152
extension56,reach-wall,13,mean_proposal_entropy_delta_learned_minus_random,-1.2429599504309232,-1.2668037262149784e-07,-1.2429598237505506
extension56,reach-wall,14,selected_prefix_rms_learned_minus_random,1.0396874765833557,3.257421472626855e-07,1.0396871508412084
extension56,reach-wall,14,mean_proposal_mean_rms_learned_minus_random,0.29092794356030294,9.087402890326689e-08,0.290927852686274
extension56,reach-wall,14,mean_proposal_entropy_delta_learned_minus_random,2.2525625595636702,1.0622328531439963e-06,2.252561497330817
extension56,reach-wall,15,selected_prefix_rms_learned_minus_random,1.1091016580468493,3.240486009139081e-07,1.1091013339982485
extension56,reach-wall,15,mean_proposal_mean_rms_learned_minus_random,0.5370475842163498,1.110532594855954e-07,0.5370474731630903
extension56,reach-wall,15,mean_proposal_entropy_delta_learned_minus_random,5.468743916872489,-1.231444271354576e-06,5.46874514831676
extension56,reach-wall,16,selected_prefix_rms_learned_minus_random,0.3969556456986142,4.6864290147515963e-07,0.3969551770557127
extension56,reach-wall,16,mean_proposal_mean_rms_learned_minus_random,0.07867590383074878,1.4941864260609881e-07,0.07867575441210617
extension56,reach-wall,16,mean_proposal_entropy_delta_learned_minus_random,1.5877944845220204,-1.725741016104602e-06,1.5877962102630365
extension56,reach-wall,17,selected_prefix_rms_learned_minus_random,0.396794541681521,2.1252283244376954e-07,0.39679432915868856
extension56,reach-wall,17,mean_proposal_mean_rms_learned_minus_random,0.0509155815381893,1.1288355015148764e-07,0.05091546865463915
extension56,reach-wall,17,mean_proposal_entropy_delta_learned_minus_random,0.9528766359798145,-6.024850662811332e-07,0.9528772384648808
extension56,reach-wall,18,selected_prefix_rms_learned_minus_random,0.4021324494453522,2.186574047822117e-07,0.4021322307879474
extension56,reach-wall,18,mean_proposal_mean_rms_learned_minus_random,0.0211249086660989,1.1086886965545964e-07,0.021124797797229245
extension56,reach-wall,18,mean_proposal_entropy_delta_learned_minus_random,-0.14037784153950195,-1.3883641590458257e-07,-0.14037770270308605
extension56,reach-wall,19,selected_prefix_rms_learned_minus_random,3.3382703076362433e-07,1.4919438843397603,-1.4919435505127296
extension56,reach-wall,19,mean_proposal_mean_rms_learned_minus_random,1.289918521919474e-07,0.8139773179950158,-0.8139771890031636
extension56,reach-wall,19,mean_proposal_entropy_delta_learned_minus_random,-3.2749316432045815e-07,-0.0028746767121144027,0.002874349218950082
extension56,reach-wall,20,selected_prefix_rms_learned_minus_random,0.3471659419076013,1.561249638262926e-07,0.34716578578263746
extension56,reach-wall,20,mean_proposal_mean_rms_learned_minus_random,0.11155736569738914,1.4436233250784399e-08,0.11155735126115589
extension56,reach-wall,20,mean_proposal_entropy_delta_learned_minus_random,-0.24145754972652375,-8.81410282242238e-08,-0.24145746158549553
extension56,reach-wall,21,selected_prefix_rms_learned_minus_random,0.8324568350281119,0.7906482001781143,0.04180863484999753
extension56,reach-wall,21,mean_proposal_mean_rms_learned_minus_random,0.4357451300900054,0.4482004119133848,-0.012455281823379405
extension56,reach-wall,21,mean_proposal_entropy_delta_learned_minus_random,2.7532861975141634,0.809094758965091,1.9441914385490724
extension56,reach-wall,22,selected_prefix_rms_learned_minus_random,6.18350769083471e-07,3.7369884663299446e-07,2.446519224504765e-07
extension56,reach-wall,22,mean_proposal_mean_rms_learned_minus_random,1.04888583659817e-07,7.779797469597941e-08,2.7090608963837595e-08
extension56,reach-wall,22,mean_proposal_entropy_delta_learned_minus_random,1.360506037902572e-06,-2.5604529317509637e-07,1.6165513310776683e-06
extension56,reach-wall,23,selected_prefix_rms_learned_minus_random,0.1719753135486666,2.7446567686757925e-07,0.17197503908298972
extension56,reach-wall,23,mean_proposal_mean_rms_learned_minus_random,0.005657400099725967,8.528487726215743e-08,0.005657314814848705
extension56,reach-wall,23,mean_proposal_entropy_delta_learned_minus_random,0.2772202828677235,-1.830033133624435e-06,0.27722211290085713
extension56,reach-wall,24,selected_prefix_rms_learned_minus_random,0.8982794881073883,0.5868397669101979,0.31143972119719043
extension56,reach-wall,24,mean_proposal_mean_rms_learned_minus_random,0.3807814889438964,0.151433042581115,0.2293484463627814
extension56,reach-wall,24,mean_proposal_entropy_delta_learned_minus_random,2.5112537104117507,1.4385285281162148,1.072725182295536
extension56,reach-wall,25,selected_prefix_rms_learned_minus_random,1.185133126482403,1.6483037084339824e-07,1.185132961652032
extension56,reach-wall,25,mean_proposal_mean_rms_learned_minus_random,0.3726488642307176,0.0,0.3726488642307176
extension56,reach-wall,25,mean_proposal_entropy_delta_learned_minus_random,-2.4107660727990985,0.0,-2.4107660727990985
extension56,reach-wall,26,selected_prefix_rms_learned_minus_random,0.3324688690157562,1.6825978639972532e-07,0.3324687007559698
extension56,reach-wall,26,mean_proposal_mean_rms_learned_minus_random,0.05960558329016439,6.515775576692239e-08,0.05960551813240862
extension56,reach-wall,26,mean_proposal_entropy_delta_learned_minus_random,0.6406545135473887,-1.0612220374165796e-06,0.6406555747694261
extension56,reach-wall,27,selected_prefix_rms_learned_minus_random,0.7746146207661475,5.826948280331636e-07,0.7746140380713195
extension56,reach-wall,27,mean_proposal_mean_rms_learned_minus_random,0.40971296187189227,2.5111703354786745e-07,0.4097127107548587
extension56,reach-wall,27,mean_proposal_entropy_delta_learned_minus_random,1.3029881574791735,1.6966350182556766e-06,1.3029864608441553
extension56,reach-wall,28,selected_prefix_rms_learned_minus_random,0.18170965792144456,3.584654016311464e-07,0.18170929945604292
extension56,reach-wall,28,mean_proposal_mean_rms_learned_minus_random,0.012853148163956713,9.565302627855952e-08,0.012853052510930434
extension56,reach-wall,28,mean_proposal_entropy_delta_learned_minus_random,0.13146063519891887,1.7809712436663478e-07,0.13146045710179452
extension56,reach-wall,29,selected_prefix_rms_learned_minus_random,1.2627943044180048,0.5357374875507304,0.7270568168672744
extension56,reach-wall,29,mean_proposal_mean_rms_learned_minus_random,0.43780251413106885,0.20838045621993667,0.22942205791113218
extension56,reach-wall,29,mean_proposal_entropy_delta_learned_minus_random,4.713060691014404,0.3460051631384455,4.367055527875959
extension56,reach-wall,30,selected_prefix_rms_learned_minus_random,0.9815879465069198,0.932425587377097,0.04916235912982281
extension56,reach-wall,30,mean_proposal_mean_rms_learned_minus_random,0.462166360353731,0.4621024198941122,6.394045961877204e-05
extension56,reach-wall,30,mean_proposal_entropy_delta_learned_minus_random,5.336032997944547,5.2027111214804025,0.1333218764641444
extension56,reach-wall,31,selected_prefix_rms_learned_minus_random,0.11217374618132737,0.08697496025215312,0.025198785929174253
extension56,reach-wall,31,mean_proposal_mean_rms_learned_minus_random,0.004615882837973962,0.0036749998088747918,0.0009408830290991701
extension56,reach-wall,31,mean_proposal_entropy_delta_learned_minus_random,-0.0008318863292764433,-0.129046405484234,0.12821451915495755
