task,left_condition,right_condition,layer,n,n_defined,mean,marginal_95_low,marginal_95_high,simultaneous_six_layer_95_low,simultaneous_six_layer_95_high,practical_log_margin,equivalence_claimed,simultaneous_family_complete
reach,float32_field_bfloat16_roundtrip,float32,0,32,32,5.3136657164670229,5.2988947941547098,5.3285048588630159,5.2941379498923133,5.3331934830417325,0.10000000000000001,False,True
reach,float32_field_bfloat16_roundtrip,float32,1,32,32,5.910132750553859,5.8852002871860778,5.9348194423676084,5.8774606005541861,5.9428049005535302,0.10000000000000001,False,True
reach,float32_field_bfloat16_roundtrip,float32,2,32,32,6.9726277226165925,6.9220864612664341,7.0213479066149205,6.9065893602693667,7.0386660849638201,0.10000000000000001,False,True
reach,float32_field_bfloat16_roundtrip,float32,3,32,32,6.7433811839323852,6.6975720293923118,6.7909593350097728,6.6814289711382004,6.8053333967265681,0.10000000000000001,False,True
reach,float32_field_bfloat16_roundtrip,float32,4,32,32,7.2182790014469971,7.150869582212092,7.2858737921372008,7.1293441806890483,7.3072138222049459,0.10000000000000001,False,True
reach,float32_field_bfloat16_roundtrip,float32,5,32,32,7.771453510007607,7.6591560654919872,7.8889397590389629,7.6193227379987434,7.9235842820164759,0.10000000000000001,False,True
reach,bfloat16,float32,0,32,32,5.6418833700587845,5.6236633204464699,5.6609665553138422,5.6171134064843216,5.6666533336332492,0.10000000000000001,False,True
reach,bfloat16,float32,1,32,32,6.1344874377091205,6.1066046746476923,6.1626311183512987,6.0975529757386093,6.17142189967963,0.10000000000000001,False,True
reach,bfloat16,float32,2,32,32,7.2794742537194095,7.226699758362674,7.3288693337853434,7.2114619662209041,7.3474865412179167,0.10000000000000001,False,True
reach,bfloat16,float32,3,32,32,7.0052006294769527,6.960114404291704,7.0519494244545111,6.9439357716676877,7.0664654872862194,0.10000000000000001,False,True
reach,bfloat16,float32,4,32,32,7.5101627935346862,7.4476771351985747,7.5740008371777021,7.4268601900669982,7.5934653970023742,0.10000000000000001,False,True
reach,bfloat16,float32,5,32,32,8.0730008956531734,7.9639456655496836,8.1865302428052082,7.9251748063296814,8.2208269849766662,0.10000000000000001,False,True
reach,bfloat16,float32_field_bfloat16_roundtrip,0,32,32,0.32821765359176264,0.31259003564898952,0.34396825453584196,0.3076569011433295,0.34877840604019578,0.10000000000000001,False,True
reach,bfloat16,float32_field_bfloat16_roundtrip,1,32,32,0.22435468715526091,0.21284489668244688,0.23623710282532734,0.20897772410725476,0.23973165020326706,0.10000000000000001,False,True
reach,bfloat16,float32_field_bfloat16_roundtrip,2,32,32,0.30684653110281684,0.29507139372460917,0.31867574892652728,0.29118176487231479,0.3225112973333189,0.10000000000000001,False,True
reach,bfloat16,float32_field_bfloat16_roundtrip,3,32,32,0.26181944554456749,0.2538451389311025,0.26987921972984974,0.25122126711083853,0.27241762397829644,0.10000000000000001,False,True
reach,bfloat16,float32_field_bfloat16_roundtrip,4,32,32,0.291883792087689,0.27907625283553184,0.30464435281873842,0.27489322096905794,0.30887436320632006,0.10000000000000001,False,True
reach,bfloat16,float32_field_bfloat16_roundtrip,5,32,32,0.30154738564556649,0.28507801090738488,0.3189299583772065,0.27919608371543847,0.32389868757569451,0.10000000000000001,False,True
reach-wall,float32_field_bfloat16_roundtrip,float32,0,32,32,5.3665577253423393,5.3502418630624184,5.3832224593725995,5.3449734307322094,5.3881420199524692,0.10000000000000001,False,True
reach-wall,float32_field_bfloat16_roundtrip,float32,1,32,32,5.9447273917639869,5.923327674273275,5.9660460909033635,5.9168790900864625,5.9725756934415095,0.10000000000000001,False,True
reach-wall,float32_field_bfloat16_roundtrip,float32,2,32,32,6.8265925669837513,6.7826152914760485,6.8678283330394123,6.7710085663525463,6.8821765676149562,0.10000000000000001,False,True
reach-wall,float32_field_bfloat16_roundtrip,float32,3,32,32,6.7261751014354356,6.6927395582156111,6.7593323091221933,6.6830005274899147,6.7693496753809566,0.10000000000000001,False,True
reach-wall,float32_field_bfloat16_roundtrip,float32,4,32,32,7.2538055071852074,7.1945847406733971,7.3139275297319397,7.1763974884642412,7.3312135259061755,0.10000000000000001,False,True
reach-wall,float32_field_bfloat16_roundtrip,float32,5,32,32,7.8831267941855945,7.7591060719317966,8.0045060488175785,7.7230742482452763,8.0431793401259153,0.10000000000000001,False,True
reach-wall,bfloat16,float32,0,32,32,5.7021529463468514,5.6823511652320597,5.7235765258350533,5.6749585917380134,5.7293473009556859,0.10000000000000001,False,True
reach-wall,bfloat16,float32,1,32,32,6.1810480040165636,6.1597103856502766,6.2037579402828174,6.1521735458293909,6.2099224622037363,0.10000000000000001,False,True
reach-wall,bfloat16,float32,2,32,32,7.1505767235389133,7.1004055094123899,7.1973737595195084,7.0867859655644239,7.2143674815134009,0.10000000000000001,False,True
reach-wall,bfloat16,float32,3,32,32,6.9916569567988205,6.9630456929050641,7.0200493829621067,6.954409173995213,7.0289047396024262,0.10000000000000001,False,True
reach-wall,bfloat16,float32,4,32,32,7.5538592435983762,7.4975892974258729,7.6091301453882378,7.4806888626277432,7.6270296245690092,0.10000000000000001,False,True
reach-wall,bfloat16,float32,5,32,32,8.182872112030406,8.063551549722888,8.2995787487722374,8.0284215212244145,8.3373227028363903,0.10000000000000001,False,True
reach-wall,bfloat16,float32_field_bfloat16_roundtrip,0,32,32,0.33559522100451195,0.31870134153208157,0.35363287551126782,0.31248692840781134,0.35870351360121255,0.10000000000000001,False,True
reach-wall,bfloat16,float32_field_bfloat16_roundtrip,1,32,32,0.23632061225257672,0.22563123439324331,0.24711707482217912,0.22213230974847939,0.25050891475667403,0.10000000000000001,False,True
reach-wall,bfloat16,float32_field_bfloat16_roundtrip,2,32,32,0.32398415655516211,0.31439743785298718,0.33297510279751358,0.31160417552233538,0.33636413758798883,0.10000000000000001,False,True
reach-wall,bfloat16,float32_field_bfloat16_roundtrip,3,32,32,0.26548185536338464,0.25668531040728143,0.27436023617900773,0.25375980764564771,0.27720390308112158,0.10000000000000001,False,True
reach-wall,bfloat16,float32_field_bfloat16_roundtrip,4,32,32,0.30005373641316957,0.28745095761709022,0.31264745552220435,0.28327605948578594,0.3168314133405532,0.10000000000000001,False,True
reach-wall,bfloat16,float32_field_bfloat16_roundtrip,5,32,32,0.29974531784481029,0.28071735912256951,0.31902920050895844,0.27431612022357316,0.32517451546604753,0.10000000000000001,False,True
