task,condition,layer,metric,n,n_defined,mean,marginal_95_low,marginal_95_high,both_positive_count,both_zero_count,linear_zero_count,cubic_zero_count
reach,float32,0,linear_center_mse,32,32,3.9071318780424837e-10,3.8413157683253472e-10,3.9731229385007666e-10,32,0,0,0
reach,float32,0,cubic_center_mse,32,32,1.7603379497523291e-12,1.7352595142378644e-12,1.7856143330921239e-12,32,0,0,0
reach,float32,0,log_ratio,32,32,-5.4021412017883375,-5.4175790337822551,-5.3871570914424254,32,0,0,0
reach,float32,0,donor_response_rms_mean,32,32,0.0037877459524914836,0.0037561545802194439,0.0038203641876711184,32,0,0,0
reach,float32,0,exact_unchanged_fraction_mean,32,32,5.4855346679687496e-05,5.0735473632812496e-05,5.8975219726562503e-05,32,0,0,0
reach,float32,1,linear_center_mse,32,32,1.4296087483576308e-09,1.4007581368112365e-09,1.4579269750286124e-09,32,0,0,0
reach,float32,1,cubic_center_mse,32,32,3.6318999425248616e-12,3.5948330272665016e-12,3.6702187082078133e-12,32,0,0,0
reach,float32,1,log_ratio,32,32,-5.9741613478180593,-5.9980092649975685,-5.9505804758369907,32,0,0,0
reach,float32,1,donor_response_rms_mean,32,32,0.0060569738157779766,0.0060144334153194997,0.0061005783308934677,32,0,0,0
reach,float32,1,exact_unchanged_fraction_mean,32,32,3.3798217773437498e-05,3.0288696289062498e-05,3.7765502929687495e-05,32,0,0,0
reach,float32,2,linear_center_mse,32,32,8.4994004647961336e-09,8.1047175061607963e-09,8.8801988021493556e-09,32,0,0,0
reach,float32,2,cubic_center_mse,32,32,7.5075059108660512e-12,7.4467487801506861e-12,7.5680307913832209e-12,32,0,0,0
reach,float32,2,log_ratio,32,32,-7.0227162055327099,-7.0709715949652017,-6.9719496724005445,32,0,0,0
reach,float32,2,donor_response_rms_mean,32,32,0.010486206990026548,0.010369695428960124,0.010605573385925776,32,0,0,0
reach,float32,2,exact_unchanged_fraction_mean,32,32,2.6245117187499996e-05,2.3956298828125001e-05,2.8533935546875002e-05,32,0,0,0
reach,float32,3,linear_center_mse,32,32,1.3903019729087724e-08,1.3294466467633489e-08,1.4586640284384648e-08,32,0,0,0
reach,float32,3,cubic_center_mse,32,32,1.6243457180286081e-11,1.6108783977958925e-11,1.6391569910804603e-11,32,0,0,0
reach,float32,3,log_ratio,32,32,-6.7438231899558438,-6.7902315705473892,-6.6994086423338581,32,0,0,0
reach,float32,3,donor_response_rms_mean,32,32,0.015058212668625934,0.014817204203185176,0.015316829347292185,32,0,0,0
reach,float32,3,exact_unchanged_fraction_mean,32,32,2.7008056640625e-05,2.4337768554687503e-05,2.9830932617187501e-05,32,0,0,0
reach,float32,4,linear_center_mse,32,32,7.7858594808549639e-08,7.2807735511388774e-08,8.3490521163028656e-08,32,0,0,0
reach,float32,4,cubic_center_mse,32,32,5.6644932802950801e-11,5.6089271889350799e-11,5.7244422196229408e-11,32,0,0,0
reach,float32,4,log_ratio,32,32,-7.2078618876918732,-7.272967437233433,-7.1435753338198102,32,0,0,0
reach,float32,4,donor_response_rms_mean,32,32,0.028676779022454517,0.028091136333129492,0.029284635388466505,32,0,0,0
reach,float32,4,exact_unchanged_fraction_mean,32,32,2.0523071289062503e-05,1.8234252929687501e-05,2.2964477539062498e-05,32,0,0,0
reach,float32,5,linear_center_mse,32,32,7.7815550407994485e-07,6.8582528503277487e-07,8.8179533373057648e-07,32,0,0,0
reach,float32,5,cubic_center_mse,32,32,3.0717243210673095e-10,3.0239933273460717e-10,3.12231609601095e-10,32,0,0,0
reach,float32,5,log_ratio,32,32,-7.7825339216168548,-7.9002792943589872,-7.6706208861483631,32,0,0,0
reach,float32,5,donor_response_rms_mean,32,32,0.070567218042852015,0.068721836392166377,0.072453847367114507,32,0,0,0
reach,float32,5,exact_unchanged_fraction_mean,32,32,1.8692016601562501e-05,1.6403198242187503e-05,2.0982742309570149e-05,32,0,0,0
reach,float32_field_bfloat16_roundtrip,0,linear_center_mse,32,32,3.7603537505619053e-05,3.5497386740898267e-05,3.9773285189399155e-05,32,0,0,0
reach,float32_field_bfloat16_roundtrip,0,cubic_center_mse,32,32,3.4530972114953215e-05,3.2375991254037925e-05,3.6745796283930796e-05,32,0,0,0
reach,float32_field_bfloat16_roundtrip,0,log_ratio,32,32,-0.088475485321315439,-0.097153693909624861,-0.079861563462416615,32,0,0,0
reach,float32_field_bfloat16_roundtrip,0,donor_response_rms_mean,32,32,0.0096614611482244914,0.0094341550894104422,0.0098899085876290316,32,0,0,0
reach,float32_field_bfloat16_roundtrip,0,exact_unchanged_fraction_mean,32,32,0.7208174133300782,0.71996962928771957,0.7216414031982421,32,0,0,0
reach,float32_field_bfloat16_roundtrip,1,linear_center_mse,32,32,6.1423710096937466e-05,5.8929989610871295e-05,6.3949296831933105e-05,32,0,0,0
reach,float32_field_bfloat16_roundtrip,1,cubic_center_mse,32,32,5.7634606498887669e-05,5.524756386793825e-05,6.0094578316040202e-05,32,0,0,0
reach,float32_field_bfloat16_roundtrip,1,log_ratio,32,32,-0.064028597264200626,-0.070243976609928524,-0.058134245037657829,32,0,0,0
reach,float32_field_bfloat16_roundtrip,1,donor_response_rms_mean,32,32,0.012749948805628127,0.012536990801325741,0.012960967452435969,32,0,0,0
reach,float32_field_bfloat16_roundtrip,1,exact_unchanged_fraction_mean,32,32,0.65719131469726566,0.65653198242187494,0.65786037254333496,32,0,0,0
reach,float32_field_bfloat16_roundtrip,2,linear_center_mse,32,32,0.00014579197667552088,0.00014135117259640709,0.0001502520629222756,32,0,0,0
reach,float32_field_bfloat16_roundtrip,2,cubic_center_mse,32,32,0.00013870606030472258,0.00013433002034431819,0.00014304683800037707,32,0,0,0
reach,float32_field_bfloat16_roundtrip,2,log_ratio,32,32,-0.050088482916116783,-0.055008983106010989,-0.045398665116533982,32,0,0,0
reach,float32_field_bfloat16_roundtrip,2,donor_response_rms_mean,32,32,0.020027530900069642,0.019761965895706491,0.020285547960679273,32,0,0,0
reach,float32_field_bfloat16_roundtrip,2,exact_unchanged_fraction_mean,32,32,0.59882209777832029,0.59742491722106927,0.60016559028625482,32,0,0,0
reach,float32_field_bfloat16_roundtrip,3,linear_center_mse,32,32,0.00016824164531701108,0.00016400974218961948,0.0001724441680835267,32,0,0,0
reach,float32_field_bfloat16_roundtrip,3,cubic_center_mse,32,32,0.00016814885692382586,0.00016399529567158143,0.00017228148890231182,32,0,0,0
reach,float32_field_bfloat16_roundtrip,3,log_ratio,32,32,-0.00044200602345856321,-0.0047768405369095377,0.00395113726928128,32,0,0,0
reach,float32_field_bfloat16_roundtrip,3,donor_response_rms_mean,32,32,0.023659562763233766,0.023406312978884583,0.023925976677638513,32,0,0,0
reach,float32_field_bfloat16_roundtrip,3,exact_unchanged_fraction_mean,32,32,0.59015968322753909,0.58700472640991208,0.59304886245727539,32,0,0,0
reach,float32_field_bfloat16_roundtrip,4,linear_center_mse,32,32,0.00051723930325604903,0.00050207969353868839,0.00053224411802594239,32,0,0,0
reach,float32_field_bfloat16_roundtrip,4,cubic_center_mse,32,32,0.00052247018675851862,0.00050810578063524667,0.00053660271188726546,32,0,0,0
reach,float32_field_bfloat16_roundtrip,4,log_ratio,32,32,0.010417113755123275,0.0046428630821397886,0.016253765686190934,32,0,0,0
reach,float32_field_bfloat16_roundtrip,4,donor_response_rms_mean,32,32,0.042961991922432961,0.042403988552734168,0.04350405063902428,32,0,0,0
reach,float32_field_bfloat16_roundtrip,4,exact_unchanged_fraction_mean,32,32,0.55163764953613281,0.54743739891052245,0.55575457572937026,32,0,0,0
reach,float32_field_bfloat16_roundtrip,5,linear_center_mse,32,32,0.003329661292852702,0.0032480534714951106,0.0034133115031723181,32,0,0,0
reach,float32_field_bfloat16_roundtrip,5,cubic_center_mse,32,32,0.0032930911435495921,0.0032119175128069986,0.0033775286489718024,32,0,0,0
reach,float32_field_bfloat16_roundtrip,5,log_ratio,32,32,-0.011080411609247137,-0.016097192685280544,-0.0060042714053041672,32,0,0,0
reach,float32_field_bfloat16_roundtrip,5,donor_response_rms_mean,32,32,0.10616368917427899,0.104537518693189,0.10784240159830401,32,0,0,0
reach,float32_field_bfloat16_roundtrip,5,exact_unchanged_fraction_mean,32,32,0.52755432128906254,0.52093519592285165,0.53394169807434089,32,0,0,0
reach,bfloat16,0,linear_center_mse,32,32,6.6357535508715024e-05,6.4673707558041206e-05,6.8050106931355169e-05,32,0,0,0
reach,bfloat16,0,cubic_center_mse,32,32,8.4384393100970798e-05,8.2002386431614144e-05,8.6764893631447132e-05,32,0,0,0
reach,bfloat16,0,log_ratio,32,32,0.2397421682704472,0.2261256617674294,0.25395559340122958,32,0,0,0
reach,bfloat16,0,donor_response_rms_mean,32,32,0.011263264180596276,0.011170713388635574,0.011357415282929965,32,0,0,0
reach,bfloat16,0,exact_unchanged_fraction_mean,32,32,0.091811981201171872,0.091448587417602548,0.092185073852539073,32,0,0,0
reach,bfloat16,1,linear_center_mse,32,32,0.00011735575117731207,0.00011492396681208213,0.00011993552707935473,32,0,0,0
reach,bfloat16,1,cubic_center_mse,32,32,0.00013769542357904536,0.0001352428520353947,0.00014026022019750101,32,0,0,0
reach,bfloat16,1,log_ratio,32,32,0.16032608989106029,0.14985709058585739,0.17074987679787967,32,0,0,0
reach,bfloat16,1,donor_response_rms_mean,32,32,0.015114841700013803,0.01501727051705427,0.015216549840955983,32,0,0,0
reach,bfloat16,1,exact_unchanged_fraction_mean,32,32,0.028028793334960937,0.027879028320312499,0.028173980712890626,32,0,0,0
reach,bfloat16,2,linear_center_mse,32,32,0.00021039600885972164,0.00020785116903209016,0.00021292485717078235,32,0,0,0
reach,bfloat16,2,cubic_center_mse,32,32,0.00027198188838236281,0.00026875023351583839,0.00027529149165760828,32,0,0,0
reach,bfloat16,2,log_ratio,32,32,0.25675804818670006,0.2465124901438738,0.26717217764666845,32,0,0,0
reach,bfloat16,2,donor_response_rms_mean,32,32,0.02091303102767985,0.020815039867207827,0.021014533706509259,32,0,0,0
reach,bfloat16,2,exact_unchanged_fraction_mean,32,32,0.014750900268554688,0.014635314941406252,0.014861452102661134,32,0,0,0
reach,bfloat16,3,linear_center_mse,32,32,0.00043568556206279426,0.00043077974081904793,0.00044099120298728763,32,0,0,0
reach,bfloat16,3,cubic_center_mse,32,32,0.00056579540839612357,0.00055973139838833529,0.0005721055292740939,32,0,0,0
reach,bfloat16,3,log_ratio,32,32,0.26137743952110892,0.25455966992750451,0.26827890308425772,32,0,0,0
reach,bfloat16,3,donor_response_rms_mean,32,32,0.031660110398954035,0.031471493121029696,0.031858153939877329,32,0,0,0
reach,bfloat16,3,exact_unchanged_fraction_mean,32,32,0.0089553833007812497,0.0088823680877685544,0.0090287799835205088,32,0,0,0
reach,bfloat16,4,linear_center_mse,32,32,0.0014349704477543729,0.0014127613843584086,0.0014615255748625037,32,0,0,0
reach,bfloat16,4,cubic_center_mse,32,32,0.0019411564368326849,0.0019127033615524754,0.0019732959167019564,32,0,0,0
reach,bfloat16,4,log_ratio,32,32,0.30230090584281227,0.29206462783515413,0.31296090409694793,32,0,0,0
reach,bfloat16,4,donor_response_rms_mean,32,32,0.058451496649258472,0.057985140858313126,0.058927030039823254,32,0,0,0
reach,bfloat16,4,exact_unchanged_fraction_mean,32,32,0.0051055908203124995,0.0050495910644531251,0.0051598358154296871,32,0,0,0
reach,bfloat16,5,linear_center_mse,32,32,0.0089369693446518326,0.0087819544109240359,0.0090946243047436183,32,0,0,0
reach,bfloat16,5,cubic_center_mse,32,32,0.011955834273066922,0.011707603552154522,0.012208405423185908,32,0,0,0
reach,bfloat16,5,log_ratio,32,32,0.29046697403631938,0.27619103929235422,0.30546479886768996,32,0,0,0
reach,bfloat16,5,donor_response_rms_mean,32,32,0.14738177182195764,0.1459841879366684,0.14877073388310938,32,0,0,0
reach,bfloat16,5,exact_unchanged_fraction_mean,32,32,0.0026190185546875002,0.0025674438476562503,0.0026667022705078123,32,0,0,0
reach-wall,float32,0,linear_center_mse,32,32,4.1167068977694957e-10,4.0766152860044422e-10,4.1578822243162723e-10,32,0,0,0
reach-wall,float32,0,cubic_center_mse,32,32,1.7438995901105017e-12,1.721600802401281e-12,1.7664261749593122e-12,32,0,0,0
reach-wall,float32,0,log_ratio,32,32,-5.4643844535122517,-5.4812237499337728,-5.4477114636568142,32,0,0,0
reach-wall,float32,0,donor_response_rms_mean,32,32,0.0038822668021067032,0.0038683478487203599,0.0038964425585848229,32,0,0,0
reach-wall,float32,0,exact_unchanged_fraction_mean,32,32,5.6228637695312501e-05,5.14984130859375e-05,6.103515625e-05,32,0,0,0
reach-wall,float32,1,linear_center_mse,32,32,1.4916775773825676e-09,1.4613756602827935e-09,1.5223759156142852e-09,32,0,0,0
reach-wall,float32,1,cubic_center_mse,32,32,3.6278905014999019e-12,3.5998759603277562e-12,3.6558837670366043e-12,32,0,0,0
reach-wall,float32,1,log_ratio,32,32,-6.0175525958280378,-6.0371609685516532,-5.9981382381297905,32,0,0,0
reach-wall,float32,1,donor_response_rms_mean,32,32,0.0061318824005420431,0.0061013691558473261,0.0061640212937276867,32,0,0,0
reach-wall,float32,1,exact_unchanged_fraction_mean,32,32,3.7155151367187494e-05,3.3493041992187504e-05,4.0817260742187497e-05,32,0,0,0
reach-wall,float32,2,linear_center_mse,32,32,7.4737046125721607e-09,7.143765713729284e-09,7.802398525003912e-09,32,0,0,0
reach-wall,float32,2,cubic_center_mse,32,32,7.6675659392330455e-12,7.6040665122800858e-12,7.7304120380160116e-12,32,0,0,0
reach-wall,float32,2,log_ratio,32,32,-6.8740339760226554,-6.9171781154688423,-6.8274856525617604,32,0,0,0
reach-wall,float32,2,donor_response_rms_mean,32,32,0.010688206949830935,0.010636488456945902,0.010738265802637757,32,0,0,0
reach-wall,float32,2,exact_unchanged_fraction_mean,32,32,2.51007080078125e-05,2.1820068359374999e-05,2.8381347656250005e-05,32,0,0,0
reach-wall,float32,3,linear_center_mse,32,32,1.3907559754365852e-08,1.3492966149760242e-08,1.432539122880899e-08,32,0,0,0
reach-wall,float32,3,cubic_center_mse,32,32,1.6653777193697199e-11,1.6528742680444279e-11,1.6785744326709022e-11,32,0,0,0
reach-wall,float32,3,log_ratio,32,32,-6.7239589690701109,-6.7556125295019571,-6.691952791274149,32,0,0,0
reach-wall,float32,3,donor_response_rms_mean,32,32,0.015520305449761261,0.015351761498753894,0.015690829907336713,32,0,0,0
reach-wall,float32,3,exact_unchanged_fraction_mean,32,32,2.3117065429687502e-05,2.0675659179687503e-05,2.5405883789062504e-05,32,0,0,0
reach-wall,float32,4,linear_center_mse,32,32,8.2594476593953622e-08,7.7853671711429631e-08,8.7544210446654145e-08,32,0,0,0
reach-wall,float32,4,cubic_center_mse,32,32,5.7976647817877157e-11,5.74523361681794e-11,5.8572697239336604e-11,32,0,0,0
reach-wall,float32,4,log_ratio,32,32,-7.2482122917481622,-7.3067601322917302,-7.1905036434922023,32,0,0,0
reach-wall,float32,4,donor_response_rms_mean,32,32,0.02942220501713437,0.028884239074304891,0.029963202847744556,32,0,0,0
reach-wall,float32,4,exact_unchanged_fraction_mean,32,32,1.922607421875e-05,1.6937255859374998e-05,2.1591186523437501e-05,32,0,0,0
reach-wall,float32,5,linear_center_mse,32,32,8.882930311083019e-07,7.8050431823739536e-07,1.0069668194580348e-06,32,0,0,0
reach-wall,float32,5,cubic_center_mse,32,32,3.1272020957707552e-10,3.0857446713085747e-10,3.1697636318149384e-10,32,0,0,0
reach-wall,float32,5,log_ratio,32,32,-7.8881356508777802,-8.007807218275742,-7.767148445676054,32,0,0,0
reach-wall,float32,5,donor_response_rms_mean,32,32,0.072833545920819268,0.070843846731143453,0.074865583426356255,32,0,0,0
reach-wall,float32,5,exact_unchanged_fraction_mean,32,32,1.7547607421874999e-05,1.556396484375e-05,1.953125e-05,32,0,0,0
reach-wall,float32_field_bfloat16_roundtrip,0,linear_center_mse,32,32,3.7908219237604887e-05,3.6165023817468068e-05,3.9647969203594187e-05,32,0,0,0
reach-wall,float32_field_bfloat16_roundtrip,0,cubic_center_mse,32,32,3.4406945583503475e-05,3.2738353553101913e-05,3.606807599319498e-05,32,0,0,0
reach-wall,float32_field_bfloat16_roundtrip,0,log_ratio,32,32,-0.097826728169912391,-0.10521146603659508,-0.090727184393116958,32,0,0,0
reach-wall,float32_field_bfloat16_roundtrip,0,donor_response_rms_mean,32,32,0.0097604262473457402,0.0095637967649925878,0.0099540278233862089,32,0,0,0
reach-wall,float32_field_bfloat16_roundtrip,0,exact_unchanged_fraction_mean,32,32,0.71903335571289073,0.71858832931518557,0.71945922851562494,32,0,0,0
reach-wall,float32_field_bfloat16_roundtrip,1,linear_center_mse,32,32,6.6385384311478768e-05,6.3772235675104417e-05,6.9015975489133849e-05,32,0,0,0
reach-wall,float32_field_bfloat16_roundtrip,1,cubic_center_mse,32,32,6.1775034976025911e-05,5.9177655256658862e-05,6.4371100301479413e-05,32,0,0,0
reach-wall,float32_field_bfloat16_roundtrip,1,log_ratio,32,32,-0.07282520406405063,-0.07966432480497064,-0.066552856520104953,32,0,0,0
reach-wall,float32_field_bfloat16_roundtrip,1,donor_response_rms_mean,32,32,0.013207871945925688,0.013000452954585445,0.013416030007129025,32,0,0,0
reach-wall,float32_field_bfloat16_roundtrip,1,exact_unchanged_fraction_mean,32,32,0.65623519897460936,0.65589728355407706,0.65657661819458013,32,0,0,0
reach-wall,float32_field_bfloat16_roundtrip,2,linear_center_mse,32,32,0.00014986825808492056,0.00014552363205726048,0.00015423174121312821,32,0,0,0
reach-wall,float32_field_bfloat16_roundtrip,2,cubic_center_mse,32,32,0.00014296539486377674,0.00013864251550873999,0.00014727198712853783,32,0,0,0
reach-wall,float32_field_bfloat16_roundtrip,2,log_ratio,32,32,-0.047441409038904092,-0.05225346103024707,-0.042569383490254221,32,0,0,0
reach-wall,float32_field_bfloat16_roundtrip,2,donor_response_rms_mean,32,32,0.020289387173777353,0.020057270529201868,0.020527656775267293,32,0,0,0
reach-wall,float32_field_bfloat16_roundtrip,2,exact_unchanged_fraction_mean,32,32,0.59694473266601566,0.59623054504394535,0.59763881492614734,32,0,0,0
reach-wall,float32_field_bfloat16_roundtrip,3,linear_center_mse,32,32,0.00017151284584292629,0.00016645913325975408,0.00017692203336654619,32,0,0,0
reach-wall,float32_field_bfloat16_roundtrip,3,cubic_center_mse,32,32,0.00017192981347727027,0.00016672833235685723,0.00017746555173641304,32,0,0,0
reach-wall,float32_field_bfloat16_roundtrip,3,log_ratio,32,32,0.0022161323653251408,-0.0014022003878207262,0.0057143248766768637,32,0,0,0
reach-wall,float32_field_bfloat16_roundtrip,3,donor_response_rms_mean,32,32,0.024057736096150219,0.023788899791772705,0.024327199638705974,32,0,0,0
reach-wall,float32_field_bfloat16_roundtrip,3,exact_unchanged_fraction_mean,32,32,0.58631858825683603,0.58506095886230469,0.58749916458129881,32,0,0,0
reach-wall,float32_field_bfloat16_roundtrip,4,linear_center_mse,32,32,0.00051538339970588678,0.00050133670058762243,0.00053040526700304236,32,0,0,0
reach-wall,float32_field_bfloat16_roundtrip,4,cubic_center_mse,32,32,0.00051811855713024399,0.00050465172901799815,0.00053248188947687411,32,0,0,0
reach-wall,float32_field_bfloat16_roundtrip,4,log_ratio,32,32,0.0055932154370454956,0.00048635002671578028,0.010681975932144292,32,0,0,0
reach-wall,float32_field_bfloat16_roundtrip,4,donor_response_rms_mean,32,32,0.043341687709992867,0.04280063976542408,0.043876124793587636,32,0,0,0
reach-wall,float32_field_bfloat16_roundtrip,4,exact_unchanged_fraction_mean,32,32,0.55052703857421881,0.54736214256286631,0.55365060806274413,32,0,0,0
reach-wall,float32_field_bfloat16_roundtrip,5,linear_center_mse,32,32,0.0035780011551212534,0.003512047621547026,0.0036463312709894983,32,0,0,0
reach-wall,float32_field_bfloat16_roundtrip,5,cubic_center_mse,32,32,0.0035610947881583237,0.0034892929761761006,0.0036341204319655269,32,0,0,0
reach-wall,float32_field_bfloat16_roundtrip,5,log_ratio,32,32,-0.0050088566921847877,-0.0099762121608809456,-0.00034179954287997068,32,0,0,0
reach-wall,float32_field_bfloat16_roundtrip,5,donor_response_rms_mean,32,32,0.1096899854564222,0.10807413128059987,0.11129065019788612,32,0,0,0
reach-wall,float32_field_bfloat16_roundtrip,5,exact_unchanged_fraction_mean,32,32,0.52798187255859375,0.52396899223327631,0.532102216720581,32,0,0,0
reach-wall,bfloat16,0,linear_center_mse,32,32,6.8712199354855339e-05,6.6941740648714378e-05,7.0505716193197917e-05,32,0,0,0
reach-wall,bfloat16,0,cubic_center_mse,32,32,8.7248095125790439e-05,8.4665403124406906e-05,8.993985734637485e-05,32,0,0,0
reach-wall,bfloat16,0,log_ratio,32,32,0.23776849283459955,0.22296092341255425,0.25363887381171218,32,0,0,0
reach-wall,bfloat16,0,donor_response_rms_mean,32,32,0.011297226905660195,0.011209915007738899,0.011385876789994953,32,0,0,0
reach-wall,bfloat16,0,exact_unchanged_fraction_mean,32,32,0.092945098876953125,0.092580791473388671,0.093294382095336914,32,0,0,0
reach-wall,bfloat16,1,linear_center_mse,32,32,0.00011938880982309994,0.00011760299799237538,0.00012118499395523257,32,0,0,0
reach-wall,bfloat16,1,cubic_center_mse,32,32,0.00014060327524514883,0.00013849973826402252,0.00014282263076763444,32,0,0,0
reach-wall,bfloat16,1,log_ratio,32,32,0.16349540818852609,0.1544561664892514,0.17283537527216467,32,0,0,0
reach-wall,bfloat16,1,donor_response_rms_mean,32,32,0.01510289369418583,0.015032935861128525,0.015172398805059431,32,0,0,0
reach-wall,bfloat16,1,exact_unchanged_fraction_mean,32,32,0.028393936157226563,0.028267822265624999,0.028517990112304686,32,0,0,0
reach-wall,bfloat16,2,linear_center_mse,32,32,0.00021386450622724472,0.00021102902094342535,0.00021661183025353258,32,0,0,0
reach-wall,bfloat16,2,cubic_center_mse,32,32,0.00028195908721694019,0.00027864345736354224,0.00028535778333954153,32,0,0,0
reach-wall,bfloat16,2,log_ratio,32,32,0.27654274751625801,0.26864753526562019,0.28413598763185255,32,0,0,0
reach-wall,bfloat16,2,donor_response_rms_mean,32,32,0.021077579829324476,0.02098934697881329,0.021164245732897685,32,0,0,0
reach-wall,bfloat16,2,exact_unchanged_fraction_mean,32,32,0.015047607421875001,0.014953460693359375,0.015136110305786134,32,0,0,0
reach-wall,bfloat16,3,linear_center_mse,32,32,0.00044435061006639512,0.00044057167526798157,0.00044848293612172684,32,0,0,0
reach-wall,bfloat16,3,cubic_center_mse,32,32,0.00058069026039169434,0.00057642140601219872,0.00058505611833037884,32,0,0,0
reach-wall,bfloat16,3,log_ratio,32,32,0.26769798772870979,0.25980529749702047,0.27556573176047311,32,0,0,0
reach-wall,bfloat16,3,donor_response_rms_mean,32,32,0.032058357352197572,0.031883206425389103,0.032241024656566662,32,0,0,0
reach-wall,bfloat16,3,exact_unchanged_fraction_mean,32,32,0.0091065216064453117,0.0090488433837890639,0.0091634368896484387,32,0,0,0
reach-wall,bfloat16,4,linear_center_mse,32,32,0.001478548849698804,0.0014566321144370738,0.0015023859035023692,32,0,0,0
reach-wall,bfloat16,4,cubic_center_mse,32,32,0.0020071703824848085,0.0019770978806948596,0.002039597129051429,32,0,0,0
reach-wall,bfloat16,4,log_ratio,32,32,0.30564695185021507,0.2950679041870406,0.31634022813086482,32,0,0,0
reach-wall,bfloat16,4,donor_response_rms_mean,32,32,0.05947410130634237,0.059081104611745094,0.059869461555024955,32,0,0,0
reach-wall,bfloat16,4,exact_unchanged_fraction_mean,32,32,0.0051670074462890625,0.0051163482666015626,0.0052165222167968751,32,0,0,0
reach-wall,bfloat16,5,linear_center_mse,32,32,0.0092893513856024835,0.0091062208650896561,0.0094677542518135701,32,0,0,0
reach-wall,bfloat16,5,cubic_center_mse,32,32,0.012477857146974292,0.012207942107788744,0.012755517174487193,32,0,0,0
reach-wall,bfloat16,5,log_ratio,32,32,0.29473646115262553,0.27762713390747101,0.31177545636709747,32,0,0,0
reach-wall,bfloat16,5,donor_response_rms_mean,32,32,0.1506458913633073,0.14920358834720823,0.15212732620114272,32,0,0,0
reach-wall,bfloat16,5,exact_unchanged_fraction_mean,32,32,0.0026589965820312499,0.0026232147216796878,0.0026969146728515626,32,0,0,0
