task,bank,site,comparison,metric,n,n_defined,mean,min,max,sum
reach,fresh,B0,h3_vs_counterfactual,spearman,8,8,0.76734285936510405,0.71013455705063389,0.80768186313181256,6.1387428749208324
reach,fresh,B0,h3_vs_counterfactual,elite_overlap,8,8,5.125,3,8,41
reach,fresh,B0,h3_vs_counterfactual,winner_agreement,8,8,0.375,0,1,3
reach,fresh,B0,h3_vs_counterfactual,winner_mismatch,8,8,0.625,0,1,5
reach,fresh,B0,h3_vs_counterfactual,minimum_sets_disjoint,8,8,0.625,0,1,5
reach,fresh,B0,persistent_vs_counterfactual,spearman,8,8,0.7969026878076424,0.75575417504638942,0.8396795519950222,6.3752215024611392
reach,fresh,B0,persistent_vs_counterfactual,elite_overlap,8,8,6,4,8,48
reach,fresh,B0,persistent_vs_counterfactual,winner_agreement,8,8,0.375,0,1,3
reach,fresh,B0,persistent_vs_counterfactual,winner_mismatch,8,8,0.625,0,1,5
reach,fresh,B0,persistent_vs_counterfactual,minimum_sets_disjoint,8,8,0.625,0,1,5
reach,fresh,B0,persistent_vs_h3,spearman,8,8,0.9959639551550572,0.99231058122868032,0.99761108456760628,7.9677116412404576
reach,fresh,B0,persistent_vs_h3,elite_overlap,8,8,9,8,10,72
reach,fresh,B0,persistent_vs_h3,winner_agreement,8,8,0.875,0,1,7
reach,fresh,B0,persistent_vs_h3,winner_mismatch,8,8,0.125,0,1,1
reach,fresh,B0,persistent_vs_h3,minimum_sets_disjoint,8,8,0.125,0,1,1
reach,fresh,B1,h3_vs_counterfactual,spearman,8,8,0.80628942548412685,0.76586273180813125,0.83675196391071016,6.4503154038730148
reach,fresh,B1,h3_vs_counterfactual,elite_overlap,8,8,5.875,4,8,47
reach,fresh,B1,h3_vs_counterfactual,winner_agreement,8,8,0.375,0,1,3
reach,fresh,B1,h3_vs_counterfactual,winner_mismatch,8,8,0.625,0,1,5
reach,fresh,B1,h3_vs_counterfactual,minimum_sets_disjoint,8,8,0.625,0,1,5
reach,fresh,B1,persistent_vs_counterfactual,spearman,8,8,0.93934871498572203,0.92518005755619503,0.96025244724941383,7.5147897198857763
reach,fresh,B1,persistent_vs_counterfactual,elite_overlap,8,8,8,6,9,64
reach,fresh,B1,persistent_vs_counterfactual,winner_agreement,8,8,0.75,0,1,6
reach,fresh,B1,persistent_vs_counterfactual,winner_mismatch,8,8,0.25,0,1,2
reach,fresh,B1,persistent_vs_counterfactual,minimum_sets_disjoint,8,8,0.25,0,1,2
reach,fresh,B1,persistent_vs_h3,spearman,8,8,0.9366985727437106,0.91742397137745979,0.9594476560237013,7.4935885819496848
reach,fresh,B1,persistent_vs_h3,elite_overlap,8,8,7.125,5,8,57
reach,fresh,B1,persistent_vs_h3,winner_agreement,8,8,0.5,0,1,4
reach,fresh,B1,persistent_vs_h3,winner_mismatch,8,8,0.5,0,1,4
reach,fresh,B1,persistent_vs_h3,minimum_sets_disjoint,8,8,0.5,0,1,4
reach,fresh,B2,h3_vs_counterfactual,spearman,8,8,0.772107589192915,0.71766664074045272,0.8095254391715464,6.17686071354332
reach,fresh,B2,h3_vs_counterfactual,elite_overlap,8,8,5.125,3,8,41
reach,fresh,B2,h3_vs_counterfactual,winner_agreement,8,8,0.375,0,1,3
reach,fresh,B2,h3_vs_counterfactual,winner_mismatch,8,8,0.625,0,1,5
reach,fresh,B2,h3_vs_counterfactual,minimum_sets_disjoint,8,8,0.625,0,1,5
reach,fresh,B2,persistent_vs_counterfactual,spearman,8,8,0.79277725308058977,0.74342026022511365,0.82842831587017629,6.3422180246447182
reach,fresh,B2,persistent_vs_counterfactual,elite_overlap,8,8,5.875,4,8,47
reach,fresh,B2,persistent_vs_counterfactual,winner_agreement,8,8,0.375,0,1,3
reach,fresh,B2,persistent_vs_counterfactual,winner_mismatch,8,8,0.625,0,1,5
reach,fresh,B2,persistent_vs_counterfactual,minimum_sets_disjoint,8,8,0.625,0,1,5
reach,fresh,B2,persistent_vs_h3,spearman,8,8,0.99863894319001889,0.99786530961455122,0.99898487760975119,7.9891115455201511
reach,fresh,B2,persistent_vs_h3,elite_overlap,8,8,9.25,9,10,74
reach,fresh,B2,persistent_vs_h3,winner_agreement,8,8,1,1,1,8
reach,fresh,B2,persistent_vs_h3,winner_mismatch,8,8,0,0,0,0
reach,fresh,B2,persistent_vs_h3,minimum_sets_disjoint,8,8,0,0,0,0
reach,fresh,B3,h3_vs_counterfactual,spearman,8,8,0.75058310011742302,0.69091523239147101,0.80020889120990235,6.0046648009393842
reach,fresh,B3,h3_vs_counterfactual,elite_overlap,8,8,5,2,8,40
reach,fresh,B3,h3_vs_counterfactual,winner_agreement,8,8,0.25,0,1,2
reach,fresh,B3,h3_vs_counterfactual,winner_mismatch,8,8,0.75,0,1,6
reach,fresh,B3,h3_vs_counterfactual,minimum_sets_disjoint,8,8,0.75,0,1,6
reach,fresh,B3,persistent_vs_counterfactual,spearman,8,8,0.7595936065956288,0.7044860498449983,0.8108272314136824,6.0767488527650304
reach,fresh,B3,persistent_vs_counterfactual,elite_overlap,8,8,5,2,8,40
reach,fresh,B3,persistent_vs_counterfactual,winner_agreement,8,8,0.25,0,1,2
reach,fresh,B3,persistent_vs_counterfactual,winner_mismatch,8,8,0.75,0,1,6
reach,fresh,B3,persistent_vs_counterfactual,minimum_sets_disjoint,8,8,0.75,0,1,6
reach,fresh,B3,persistent_vs_h3,spearman,8,8,0.99963078755931467,0.99951866131845912,0.99976799742219358,7.9970463004745174
reach,fresh,B3,persistent_vs_h3,elite_overlap,8,8,10,10,10,80
reach,fresh,B3,persistent_vs_h3,winner_agreement,8,8,1,1,1,8
reach,fresh,B3,persistent_vs_h3,winner_mismatch,8,8,0,0,0,0
reach,fresh,B3,persistent_vs_h3,minimum_sets_disjoint,8,8,0,0,0,0
reach,fresh,B4,h3_vs_counterfactual,spearman,8,8,0.79239178724717929,0.70500738897098858,0.83391948799431104,6.3391342979774343
reach,fresh,B4,h3_vs_counterfactual,elite_overlap,8,8,5.625,3,8,45
reach,fresh,B4,h3_vs_counterfactual,winner_agreement,8,8,0.25,0,1,2
reach,fresh,B4,h3_vs_counterfactual,winner_mismatch,8,8,0.75,0,1,6
reach,fresh,B4,h3_vs_counterfactual,minimum_sets_disjoint,8,8,0.75,0,1,6
reach,fresh,B4,persistent_vs_counterfactual,spearman,8,8,0.79456210624562496,0.70781364237380417,0.83614617940199332,6.3564968499649996
reach,fresh,B4,persistent_vs_counterfactual,elite_overlap,8,8,5.625,3,8,45
reach,fresh,B4,persistent_vs_counterfactual,winner_agreement,8,8,0.25,0,1,2
reach,fresh,B4,persistent_vs_counterfactual,winner_mismatch,8,8,0.75,0,1,6
reach,fresh,B4,persistent_vs_counterfactual,minimum_sets_disjoint,8,8,0.75,0,1,6
reach,fresh,B4,persistent_vs_h3,spearman,8,8,0.99992498527617513,0.9998963321699561,0.99995555506172296,7.999399882209401
reach,fresh,B4,persistent_vs_h3,elite_overlap,8,8,10,10,10,80
reach,fresh,B4,persistent_vs_h3,winner_agreement,8,8,0.875,0,1,7
reach,fresh,B4,persistent_vs_h3,winner_mismatch,8,8,0.125,0,1,1
reach,fresh,B4,persistent_vs_h3,minimum_sets_disjoint,8,8,0.125,0,1,1
reach,fresh,B5,h3_vs_counterfactual,spearman,8,8,0.75259152879476443,0.68496716630184784,0.79747374970833007,6.0207322303581154
reach,fresh,B5,h3_vs_counterfactual,elite_overlap,8,8,5,2,8,40
reach,fresh,B5,h3_vs_counterfactual,winner_agreement,8,8,0.375,0,1,3
reach,fresh,B5,h3_vs_counterfactual,winner_mismatch,8,8,0.625,0,1,5
reach,fresh,B5,h3_vs_counterfactual,minimum_sets_disjoint,8,8,0.625,0,1,5
reach,fresh,B5,persistent_vs_counterfactual,spearman,8,8,0.75247491043221137,0.6848898321092457,0.79743286036511518,6.019799283457691
reach,fresh,B5,persistent_vs_counterfactual,elite_overlap,8,8,5,2,8,40
reach,fresh,B5,persistent_vs_counterfactual,winner_agreement,8,8,0.375,0,1,3
reach,fresh,B5,persistent_vs_counterfactual,winner_mismatch,8,8,0.625,0,1,5
reach,fresh,B5,persistent_vs_counterfactual,minimum_sets_disjoint,8,8,0.625,0,1,5
reach,fresh,B5,persistent_vs_h3,spearman,8,8,0.99999138879296501,0.99998711096789961,0.99999466660740677,7.9999311103437201
reach,fresh,B5,persistent_vs_h3,elite_overlap,8,8,10,10,10,80
reach,fresh,B5,persistent_vs_h3,winner_agreement,8,8,1,1,1,8
reach,fresh,B5,persistent_vs_h3,winner_mismatch,8,8,0,0,0,0
reach,fresh,B5,persistent_vs_h3,minimum_sets_disjoint,8,8,0,0,0,0
reach,fresh,all_blocks,h3_vs_counterfactual,spearman,8,8,0.88137423749152766,0.84150135001500015,0.91880265336281519,7.0509938999322213
reach,fresh,all_blocks,h3_vs_counterfactual,elite_overlap,8,8,6.875,5,8,55
reach,fresh,all_blocks,h3_vs_counterfactual,winner_agreement,8,8,0.375,0,1,3
reach,fresh,all_blocks,h3_vs_counterfactual,winner_mismatch,8,8,0.625,0,1,5
reach,fresh,all_blocks,h3_vs_counterfactual,minimum_sets_disjoint,8,8,0.625,0,1,5
reach,fresh,all_blocks,persistent_vs_counterfactual,spearman,8,8,1,1,1,8
reach,fresh,all_blocks,persistent_vs_counterfactual,elite_overlap,8,8,10,10,10,80
reach,fresh,all_blocks,persistent_vs_counterfactual,winner_agreement,8,8,1,1,1,8
reach,fresh,all_blocks,persistent_vs_counterfactual,winner_mismatch,8,8,0,0,0,0
reach,fresh,all_blocks,persistent_vs_counterfactual,minimum_sets_disjoint,8,8,0,0,0,0
reach,fresh,all_blocks,persistent_vs_h3,spearman,8,8,0.88137423749152766,0.84150135001500015,0.91880265336281519,7.0509938999322213
reach,fresh,all_blocks,persistent_vs_h3,elite_overlap,8,8,6.875,5,8,55
reach,fresh,all_blocks,persistent_vs_h3,winner_agreement,8,8,0.375,0,1,3
reach,fresh,all_blocks,persistent_vs_h3,winner_mismatch,8,8,0.625,0,1,5
reach,fresh,all_blocks,persistent_vs_h3,minimum_sets_disjoint,8,8,0.625,0,1,5
reach,fresh,reference,native_vs_counterfactual,spearman,8,8,0.74901148901654468,0.68142934921499132,0.79478616429071436,5.9920919121323575
reach,fresh,reference,native_vs_counterfactual,elite_overlap,8,8,5,2,8,40
reach,fresh,reference,native_vs_counterfactual,winner_agreement,8,8,0.375,0,1,3
reach,fresh,reference,native_vs_counterfactual,winner_mismatch,8,8,0.625,0,1,5
reach,fresh,reference,native_vs_counterfactual,minimum_sets_disjoint,8,8,0.625,0,1,5
reach,original,B0,h3_vs_counterfactual,spearman,8,8,0.75846124328893461,0.68264269602995586,0.81548594984388711,6.0676899463114768
reach,original,B0,h3_vs_counterfactual,elite_overlap,8,8,4.625,2,7,37
reach,original,B0,h3_vs_counterfactual,winner_agreement,8,8,0.5,0,1,4
reach,original,B0,h3_vs_counterfactual,winner_mismatch,8,8,0.5,0,1,4
reach,original,B0,h3_vs_counterfactual,minimum_sets_disjoint,8,8,0.5,0,1,4
reach,original,B0,persistent_vs_counterfactual,spearman,8,8,0.78565945177168639,0.72672229691441015,0.83907776753075036,6.2852756141734911
reach,original,B0,persistent_vs_counterfactual,elite_overlap,8,8,5,3,7,40
reach,original,B0,persistent_vs_counterfactual,winner_agreement,8,8,0.5,0,1,4
reach,original,B0,persistent_vs_counterfactual,winner_mismatch,8,8,0.5,0,1,4
reach,original,B0,persistent_vs_counterfactual,minimum_sets_disjoint,8,8,0.5,0,1,4
reach,original,B0,persistent_vs_h3,spearman,8,8,0.99662992085363489,0.99528705874509715,0.99763686263180706,7.9730393668290791
reach,original,B0,persistent_vs_h3,elite_overlap,8,8,9.125,8,10,73
reach,original,B0,persistent_vs_h3,winner_agreement,8,8,1,1,1,8
reach,original,B0,persistent_vs_h3,winner_mismatch,8,8,0,0,0,0
reach,original,B0,persistent_vs_h3,minimum_sets_disjoint,8,8,0,0,0,0
reach,original,B1,h3_vs_counterfactual,spearman,8,8,0.79785936510405664,0.72507027855865069,0.84955432838142642,6.3828749208324531
reach,original,B1,h3_vs_counterfactual,elite_overlap,8,8,5.25,4,7,42
reach,original,B1,h3_vs_counterfactual,winner_agreement,8,8,0.625,0,1,5
reach,original,B1,h3_vs_counterfactual,winner_mismatch,8,8,0.375,0,1,3
reach,original,B1,h3_vs_counterfactual,minimum_sets_disjoint,8,8,0.375,0,1,3
reach,original,B1,persistent_vs_counterfactual,spearman,8,8,0.93492616584628718,0.92293469927443639,0.95211324570273004,7.4794093267702975
reach,original,B1,persistent_vs_counterfactual,elite_overlap,8,8,7,6,8,56
reach,original,B1,persistent_vs_counterfactual,winner_agreement,8,8,0.625,0,1,5
reach,original,B1,persistent_vs_counterfactual,winner_mismatch,8,8,0.375,0,1,3
reach,original,B1,persistent_vs_counterfactual,minimum_sets_disjoint,8,8,0.375,0,1,3
reach,original,B1,persistent_vs_h3,spearman,8,8,0.93918915765730726,0.91299458882876472,0.95453460594006601,7.5135132612584581
reach,original,B1,persistent_vs_h3,elite_overlap,8,8,7,4,9,56
reach,original,B1,persistent_vs_h3,winner_agreement,8,8,0.625,0,1,5
reach,original,B1,persistent_vs_h3,winner_mismatch,8,8,0.375,0,1,3
reach,original,B1,persistent_vs_h3,minimum_sets_disjoint,8,8,0.375,0,1,3
reach,original,B2,h3_vs_counterfactual,spearman,8,8,0.7637248191646574,0.68123601373348597,0.82496027733641486,6.1097985533172592
reach,original,B2,h3_vs_counterfactual,elite_overlap,8,8,5.125,3,7,41
reach,original,B2,h3_vs_counterfactual,winner_agreement,8,8,0.5,0,1,4
reach,original,B2,h3_vs_counterfactual,winner_mismatch,8,8,0.5,0,1,4
reach,original,B2,h3_vs_counterfactual,minimum_sets_disjoint,8,8,0.5,0,1,4
reach,original,B2,persistent_vs_counterfactual,spearman,8,8,0.78471139636383924,0.71654529494772168,0.84210446782742032,6.2776911709107139
reach,original,B2,persistent_vs_counterfactual,elite_overlap,8,8,5.125,3,7,41
reach,original,B2,persistent_vs_counterfactual,winner_agreement,8,8,0.5,0,1,4
reach,original,B2,persistent_vs_counterfactual,winner_mismatch,8,8,0.5,0,1,4
reach,original,B2,persistent_vs_counterfactual,minimum_sets_disjoint,8,8,0.5,0,1,4
reach,original,B2,persistent_vs_h3,spearman,8,8,0.99864027654306242,0.99785464282936476,0.99900843342703805,7.9891222123444994
reach,original,B2,persistent_vs_h3,elite_overlap,8,8,9.875,9,10,79
reach,original,B2,persistent_vs_h3,winner_agreement,8,8,1,1,1,8
reach,original,B2,persistent_vs_h3,winner_mismatch,8,8,0,0,0,0
reach,original,B2,persistent_vs_h3,minimum_sets_disjoint,8,8,0,0,0,0
reach,original,B3,h3_vs_counterfactual,spearman,8,8,0.74107462305136718,0.65968021866909632,0.79760797342192691,5.9285969844109374
reach,original,B3,h3_vs_counterfactual,elite_overlap,8,8,4.5,2,7,36
reach,original,B3,h3_vs_counterfactual,winner_agreement,8,8,0.375,0,1,3
reach,original,B3,h3_vs_counterfactual,winner_mismatch,8,8,0.625,0,1,5
reach,original,B3,h3_vs_counterfactual,minimum_sets_disjoint,8,8,0.625,0,1,5
reach,original,B3,persistent_vs_counterfactual,spearman,8,8,0.75052372804142276,0.67356259513994599,0.80634495938843764,6.004189824331382
reach,original,B3,persistent_vs_counterfactual,elite_overlap,8,8,4.625,2,7,37
reach,original,B3,persistent_vs_counterfactual,winner_agreement,8,8,0.375,0,1,3
reach,original,B3,persistent_vs_counterfactual,winner_mismatch,8,8,0.625,0,1,5
reach,original,B3,persistent_vs_counterfactual,minimum_sets_disjoint,8,8,0.625,0,1,5
reach,original,B3,persistent_vs_h3,spearman,8,8,0.99960894009933443,0.99949554995055501,0.99973999711107897,7.9968715207946754
reach,original,B3,persistent_vs_h3,elite_overlap,8,8,9.625,8,10,77
reach,original,B3,persistent_vs_h3,winner_agreement,8,8,1,1,1,8
reach,original,B3,persistent_vs_h3,winner_mismatch,8,8,0,0,0,0
reach,original,B3,persistent_vs_h3,minimum_sets_disjoint,8,8,0,0,0,0
reach,original,B4,h3_vs_counterfactual,spearman,8,8,0.7897986088734319,0.73158546206068953,0.84575339725996956,6.3183888709874552
reach,original,B4,h3_vs_counterfactual,elite_overlap,8,8,4.75,3,7,38
reach,original,B4,h3_vs_counterfactual,winner_agreement,8,8,0.625,0,1,5
reach,original,B4,h3_vs_counterfactual,winner_mismatch,8,8,0.375,0,1,3
reach,original,B4,h3_vs_counterfactual,minimum_sets_disjoint,8,8,0.375,0,1,3
reach,original,B4,persistent_vs_counterfactual,spearman,8,8,0.79237713752375027,0.73593173257480637,0.84775564172935258,6.3390171001900022
reach,original,B4,persistent_vs_counterfactual,elite_overlap,8,8,4.75,3,7,38
reach,original,B4,persistent_vs_counterfactual,winner_agreement,8,8,0.625,0,1,5
reach,original,B4,persistent_vs_counterfactual,winner_mismatch,8,8,0.375,0,1,3
reach,original,B4,persistent_vs_counterfactual,minimum_sets_disjoint,8,8,0.375,0,1,3
reach,original,B4,persistent_vs_h3,spearman,8,8,0.99991383237591536,0.99987777641973796,0.99995644396048844,7.9993106590073229
reach,original,B4,persistent_vs_h3,elite_overlap,8,8,10,10,10,80
reach,original,B4,persistent_vs_h3,winner_agreement,8,8,1,1,1,8
reach,original,B4,persistent_vs_h3,winner_mismatch,8,8,0,0,0,0
reach,original,B4,persistent_vs_h3,minimum_sets_disjoint,8,8,0,0,0,0
reach,original,B5,h3_vs_counterfactual,spearman,8,8,0.74461677351970579,0.66222913587928756,0.80418049089434329,5.9569341881576463
reach,original,B5,h3_vs_counterfactual,elite_overlap,8,8,4.625,3,7,37
reach,original,B5,h3_vs_counterfactual,winner_agreement,8,8,0.375,0,1,3
reach,original,B5,h3_vs_counterfactual,winner_mismatch,8,8,0.625,0,1,5
reach,original,B5,h3_vs_counterfactual,minimum_sets_disjoint,8,8,0.625,0,1,5
reach,original,B5,persistent_vs_counterfactual,spearman,8,8,0.7444632718141313,0.6621166901854465,0.80406937854865057,5.9557061745130504
reach,original,B5,persistent_vs_counterfactual,elite_overlap,8,8,4.625,3,7,37
reach,original,B5,persistent_vs_counterfactual,winner_agreement,8,8,0.375,0,1,3
reach,original,B5,persistent_vs_counterfactual,winner_mismatch,8,8,0.625,0,1,5
reach,original,B5,persistent_vs_counterfactual,minimum_sets_disjoint,8,8,0.625,0,1,5
reach,original,B5,persistent_vs_h3,spearman,8,8,0.99999272214135715,0.99998577761975138,0.99999733330370333,7.9999417771308572
reach,original,B5,persistent_vs_h3,elite_overlap,8,8,10,10,10,80
reach,original,B5,persistent_vs_h3,winner_agreement,8,8,1,1,1,8
reach,original,B5,persistent_vs_h3,winner_mismatch,8,8,0,0,0,0
reach,original,B5,persistent_vs_h3,minimum_sets_disjoint,8,8,0,0,0,0
reach,original,all_blocks,h3_vs_counterfactual,spearman,8,8,0.87752208357870631,0.8252185024278047,0.91163546261625128,7.0201766686296505
reach,original,all_blocks,h3_vs_counterfactual,elite_overlap,8,8,6.625,6,8,53
reach,original,all_blocks,h3_vs_counterfactual,winner_agreement,8,8,0.625,0,1,5
reach,original,all_blocks,h3_vs_counterfactual,winner_mismatch,8,8,0.375,0,1,3
reach,original,all_blocks,h3_vs_counterfactual,minimum_sets_disjoint,8,8,0.375,0,1,3
reach,original,all_blocks,persistent_vs_counterfactual,spearman,8,8,1,1,1,8
reach,original,all_blocks,persistent_vs_counterfactual,elite_overlap,8,8,10,10,10,80
reach,original,all_blocks,persistent_vs_counterfactual,winner_agreement,8,8,1,1,1,8
reach,original,all_blocks,persistent_vs_counterfactual,winner_mismatch,8,8,0,0,0,0
reach,original,all_blocks,persistent_vs_counterfactual,minimum_sets_disjoint,8,8,0,0,0,0
reach,original,all_blocks,persistent_vs_h3,spearman,8,8,0.87752208357870631,0.8252185024278047,0.91163546261625128,7.0201766686296505
reach,original,all_blocks,persistent_vs_h3,elite_overlap,8,8,6.625,6,8,53
reach,original,all_blocks,persistent_vs_h3,winner_agreement,8,8,0.625,0,1,5
reach,original,all_blocks,persistent_vs_h3,winner_mismatch,8,8,0.375,0,1,3
reach,original,all_blocks,persistent_vs_h3,minimum_sets_disjoint,8,8,0.375,0,1,3
reach,original,reference,native_vs_counterfactual,spearman,8,8,0.74111923465816287,0.65739397104412267,0.80090001000011113,5.928953877265303
reach,original,reference,native_vs_counterfactual,elite_overlap,8,8,4.375,2,7,35
reach,original,reference,native_vs_counterfactual,winner_agreement,8,8,0.375,0,1,3
reach,original,reference,native_vs_counterfactual,winner_mismatch,8,8,0.625,0,1,5
reach,original,reference,native_vs_counterfactual,minimum_sets_disjoint,8,8,0.625,0,1,5
reach-wall,fresh,B0,h3_vs_counterfactual,spearman,8,8,0.77055006166735185,0.72611917910198998,0.81473394148823874,6.1644004933388148
reach-wall,fresh,B0,h3_vs_counterfactual,elite_overlap,8,8,4.875,3,7,39
reach-wall,fresh,B0,h3_vs_counterfactual,winner_agreement,8,8,0.25,0,1,2
reach-wall,fresh,B0,h3_vs_counterfactual,winner_mismatch,8,8,0.75,0,1,6
reach-wall,fresh,B0,h3_vs_counterfactual,minimum_sets_disjoint,8,8,0.75,0,1,6
reach-wall,fresh,B0,persistent_vs_counterfactual,spearman,8,8,0.80192018800208897,0.74602606695629947,0.8391031011455683,6.4153615040167118
reach-wall,fresh,B0,persistent_vs_counterfactual,elite_overlap,8,8,5.375,3,8,43
reach-wall,fresh,B0,persistent_vs_counterfactual,winner_agreement,8,8,0.25,0,1,2
reach-wall,fresh,B0,persistent_vs_counterfactual,winner_mismatch,8,8,0.75,0,1,6
reach-wall,fresh,B0,persistent_vs_counterfactual,minimum_sets_disjoint,8,8,0.75,0,1,6
reach-wall,fresh,B0,persistent_vs_h3,spearman,8,8,0.99570289669885215,0.99353548372759692,0.99719196879965333,7.9656231735908172
reach-wall,fresh,B0,persistent_vs_h3,elite_overlap,8,8,9.125,9,10,73
reach-wall,fresh,B0,persistent_vs_h3,winner_agreement,8,8,1,1,1,8
reach-wall,fresh,B0,persistent_vs_h3,winner_mismatch,8,8,0,0,0,0
reach-wall,fresh,B0,persistent_vs_h3,minimum_sets_disjoint,8,8,0,0,0,0
reach-wall,fresh,B1,h3_vs_counterfactual,spearman,8,8,0.82006311181235347,0.78045756063956262,0.85728730319225765,6.5605048944988278
reach-wall,fresh,B1,h3_vs_counterfactual,elite_overlap,8,8,5.875,3,9,47
reach-wall,fresh,B1,h3_vs_counterfactual,winner_agreement,8,8,0.375,0,1,3
reach-wall,fresh,B1,h3_vs_counterfactual,winner_mismatch,8,8,0.625,0,1,5
reach-wall,fresh,B1,h3_vs_counterfactual,minimum_sets_disjoint,8,8,0.625,0,1,5
reach-wall,fresh,B1,persistent_vs_counterfactual,spearman,8,8,0.95063750708341199,0.93304903387815419,0.95949510550117223,7.6051000566672959
reach-wall,fresh,B1,persistent_vs_counterfactual,elite_overlap,8,8,7.625,6,9,61
reach-wall,fresh,B1,persistent_vs_counterfactual,winner_agreement,8,8,0.625,0,1,5
reach-wall,fresh,B1,persistent_vs_counterfactual,winner_mismatch,8,8,0.375,0,1,3
reach-wall,fresh,B1,persistent_vs_counterfactual,minimum_sets_disjoint,8,8,0.375,0,1,3
reach-wall,fresh,B1,persistent_vs_h3,spearman,8,8,0.93625645840509342,0.91957466194068826,0.95609551217235744,7.4900516672407473
reach-wall,fresh,B1,persistent_vs_h3,elite_overlap,8,8,7.375,5,9,59
reach-wall,fresh,B1,persistent_vs_h3,winner_agreement,8,8,0.5,0,1,4
reach-wall,fresh,B1,persistent_vs_h3,winner_mismatch,8,8,0.5,0,1,4
reach-wall,fresh,B1,persistent_vs_h3,minimum_sets_disjoint,8,8,0.5,0,1,4
reach-wall,fresh,B2,h3_vs_counterfactual,spearman,8,8,0.78199502216691297,0.74355715063500705,0.82524250269447441,6.2559601773353037
reach-wall,fresh,B2,h3_vs_counterfactual,elite_overlap,8,8,5.375,3,8,43
reach-wall,fresh,B2,h3_vs_counterfactual,winner_agreement,8,8,0.25,0,1,2
reach-wall,fresh,B2,h3_vs_counterfactual,winner_mismatch,8,8,0.75,0,1,6
reach-wall,fresh,B2,h3_vs_counterfactual,minimum_sets_disjoint,8,8,0.75,0,1,6
reach-wall,fresh,B2,persistent_vs_counterfactual,spearman,8,8,0.80297747752752813,0.76667474083045373,0.83896221069122989,6.423819820220225
reach-wall,fresh,B2,persistent_vs_counterfactual,elite_overlap,8,8,5.5,3,9,44
reach-wall,fresh,B2,persistent_vs_counterfactual,winner_agreement,8,8,0.25,0,1,2
reach-wall,fresh,B2,persistent_vs_counterfactual,winner_mismatch,8,8,0.75,0,1,6
reach-wall,fresh,B2,persistent_vs_counterfactual,minimum_sets_disjoint,8,8,0.75,0,1,6
reach-wall,fresh,B2,persistent_vs_h3,spearman,8,8,0.99865070723008031,0.99780930899232212,0.99927954755052839,7.9892056578406425
reach-wall,fresh,B2,persistent_vs_h3,elite_overlap,8,8,9.375,9,10,75
reach-wall,fresh,B2,persistent_vs_h3,winner_agreement,8,8,1,1,1,8
reach-wall,fresh,B2,persistent_vs_h3,winner_mismatch,8,8,0,0,0,0
reach-wall,fresh,B2,persistent_vs_h3,minimum_sets_disjoint,8,8,0,0,0,0
reach-wall,fresh,B3,h3_vs_counterfactual,spearman,8,8,0.76065856287292077,0.71784619829109209,0.80580895343281589,6.0852685029833662
reach-wall,fresh,B3,h3_vs_counterfactual,elite_overlap,8,8,4.5,2,6,36
reach-wall,fresh,B3,h3_vs_counterfactual,winner_agreement,8,8,0.25,0,1,2
reach-wall,fresh,B3,h3_vs_counterfactual,winner_mismatch,8,8,0.75,0,1,6
reach-wall,fresh,B3,h3_vs_counterfactual,minimum_sets_disjoint,8,8,0.75,0,1,6
reach-wall,fresh,B3,persistent_vs_counterfactual,spearman,8,8,0.77031422571361907,0.72512494583273146,0.81246547183857598,6.1625138057089526
reach-wall,fresh,B3,persistent_vs_counterfactual,elite_overlap,8,8,4.625,2,7,37
reach-wall,fresh,B3,persistent_vs_counterfactual,winner_agreement,8,8,0.25,0,1,2
reach-wall,fresh,B3,persistent_vs_counterfactual,winner_mismatch,8,8,0.75,0,1,6
reach-wall,fresh,B3,persistent_vs_counterfactual,minimum_sets_disjoint,8,8,0.75,0,1,6
reach-wall,fresh,B3,persistent_vs_h3,spearman,8,8,0.99967227413637927,0.99952755030611451,0.99977955310614564,7.9973781930910341
reach-wall,fresh,B3,persistent_vs_h3,elite_overlap,8,8,9.625,9,10,77
reach-wall,fresh,B3,persistent_vs_h3,winner_agreement,8,8,1,1,1,8
reach-wall,fresh,B3,persistent_vs_h3,winner_mismatch,8,8,0,0,0,0
reach-wall,fresh,B3,persistent_vs_h3,minimum_sets_disjoint,8,8,0,0,0,0
reach-wall,fresh,B4,h3_vs_counterfactual,spearman,8,8,0.80417721308014534,0.75807420082445365,0.84844498272203028,6.4334177046411627
reach-wall,fresh,B4,h3_vs_counterfactual,elite_overlap,8,8,5.875,4,8,47
reach-wall,fresh,B4,h3_vs_counterfactual,winner_agreement,8,8,0.25,0,1,2
reach-wall,fresh,B4,h3_vs_counterfactual,winner_mismatch,8,8,0.75,0,1,6
reach-wall,fresh,B4,h3_vs_counterfactual,minimum_sets_disjoint,8,8,0.75,0,1,6
reach-wall,fresh,B4,persistent_vs_counterfactual,spearman,8,8,0.80611824552679523,0.76051467238524872,0.84981433127034745,6.4489459642143618
reach-wall,fresh,B4,persistent_vs_counterfactual,elite_overlap,8,8,5.875,4,8,47
reach-wall,fresh,B4,persistent_vs_counterfactual,winner_agreement,8,8,0.25,0,1,2
reach-wall,fresh,B4,persistent_vs_counterfactual,winner_mismatch,8,8,0.75,0,1,6
reach-wall,fresh,B4,persistent_vs_counterfactual,minimum_sets_disjoint,8,8,0.75,0,1,6
reach-wall,fresh,B4,persistent_vs_h3,spearman,8,8,0.99993448538237384,0.99991466571850796,0.99995733285925403,7.9994758830589907
reach-wall,fresh,B4,persistent_vs_h3,elite_overlap,8,8,10,10,10,80
reach-wall,fresh,B4,persistent_vs_h3,winner_agreement,8,8,1,1,1,8
reach-wall,fresh,B4,persistent_vs_h3,winner_mismatch,8,8,0,0,0,0
reach-wall,fresh,B4,persistent_vs_h3,minimum_sets_disjoint,8,8,0,0,0,0
reach-wall,fresh,B5,h3_vs_counterfactual,spearman,8,8,0.76137451527239186,0.71821375793064368,0.80706452293914377,6.0909961221791349
reach-wall,fresh,B5,h3_vs_counterfactual,elite_overlap,8,8,4.75,2,7,38
reach-wall,fresh,B5,h3_vs_counterfactual,winner_agreement,8,8,0.25,0,1,2
reach-wall,fresh,B5,h3_vs_counterfactual,winner_mismatch,8,8,0.75,0,1,6
reach-wall,fresh,B5,h3_vs_counterfactual,minimum_sets_disjoint,8,8,0.75,0,1,6
reach-wall,fresh,B5,persistent_vs_counterfactual,spearman,8,8,0.76129201435571514,0.71829331437015964,0.80699785553172809,6.0903361148457211
reach-wall,fresh,B5,persistent_vs_counterfactual,elite_overlap,8,8,4.75,2,7,38
reach-wall,fresh,B5,persistent_vs_counterfactual,winner_agreement,8,8,0.25,0,1,2
reach-wall,fresh,B5,persistent_vs_counterfactual,winner_mismatch,8,8,0.75,0,1,6
reach-wall,fresh,B5,persistent_vs_counterfactual,minimum_sets_disjoint,8,8,0.75,0,1,6
reach-wall,fresh,B5,persistent_vs_h3,spearman,8,8,0.99999422215802403,0.99999022211357902,0.99999777775308618,7.9999537772641922
reach-wall,fresh,B5,persistent_vs_h3,elite_overlap,8,8,10,10,10,80
reach-wall,fresh,B5,persistent_vs_h3,winner_agreement,8,8,1,1,1,8
reach-wall,fresh,B5,persistent_vs_h3,winner_mismatch,8,8,0,0,0,0
reach-wall,fresh,B5,persistent_vs_h3,minimum_sets_disjoint,8,8,0,0,0,0
reach-wall,fresh,all_blocks,h3_vs_counterfactual,spearman,8,8,0.89069377008006945,0.85717619084656493,0.91557995088834321,7.1255501606405556
reach-wall,fresh,all_blocks,h3_vs_counterfactual,elite_overlap,8,8,6.875,5,9,55
reach-wall,fresh,all_blocks,h3_vs_counterfactual,winner_agreement,8,8,0.5,0,1,4
reach-wall,fresh,all_blocks,h3_vs_counterfactual,winner_mismatch,8,8,0.5,0,1,4
reach-wall,fresh,all_blocks,h3_vs_counterfactual,minimum_sets_disjoint,8,8,0.5,0,1,4
reach-wall,fresh,all_blocks,persistent_vs_counterfactual,spearman,8,8,1,1,1,8
reach-wall,fresh,all_blocks,persistent_vs_counterfactual,elite_overlap,8,8,10,10,10,80
reach-wall,fresh,all_blocks,persistent_vs_counterfactual,winner_agreement,8,8,1,1,1,8
reach-wall,fresh,all_blocks,persistent_vs_counterfactual,winner_mismatch,8,8,0,0,0,0
reach-wall,fresh,all_blocks,persistent_vs_counterfactual,minimum_sets_disjoint,8,8,0,0,0,0
reach-wall,fresh,all_blocks,persistent_vs_h3,spearman,8,8,0.89069377008006945,0.85717619084656493,0.91557995088834321,7.1255501606405556
reach-wall,fresh,all_blocks,persistent_vs_h3,elite_overlap,8,8,6.875,5,9,55
reach-wall,fresh,all_blocks,persistent_vs_h3,winner_agreement,8,8,0.5,0,1,4
reach-wall,fresh,all_blocks,persistent_vs_h3,winner_mismatch,8,8,0.5,0,1,4
reach-wall,fresh,all_blocks,persistent_vs_h3,minimum_sets_disjoint,8,8,0.5,0,1,4
reach-wall,fresh,reference,native_vs_counterfactual,spearman,8,8,0.75767675196391071,0.71637818197979974,0.8040907121190235,6.0614140157112857
reach-wall,fresh,reference,native_vs_counterfactual,elite_overlap,8,8,4.5,2,6,36
reach-wall,fresh,reference,native_vs_counterfactual,winner_agreement,8,8,0.25,0,1,2
reach-wall,fresh,reference,native_vs_counterfactual,winner_mismatch,8,8,0.75,0,1,6
reach-wall,fresh,reference,native_vs_counterfactual,minimum_sets_disjoint,8,8,0.75,0,1,6
reach-wall,original,B0,h3_vs_counterfactual,spearman,8,8,0.77802708918987995,0.74516294625495838,0.81225835842620475,6.2242167135190396
reach-wall,original,B0,h3_vs_counterfactual,elite_overlap,8,8,4.5,2,6,36
reach-wall,original,B0,h3_vs_counterfactual,winner_agreement,8,8,0.5,0,1,4
reach-wall,original,B0,h3_vs_counterfactual,winner_mismatch,8,8,0.5,0,1,4
reach-wall,original,B0,h3_vs_counterfactual,minimum_sets_disjoint,8,8,0.5,0,1,4
reach-wall,original,B0,persistent_vs_counterfactual,spearman,8,8,0.80836837075967516,0.78138912654585047,0.84726896965521836,6.4669469660774013
reach-wall,original,B0,persistent_vs_counterfactual,elite_overlap,8,8,5,3,7,40
reach-wall,original,B0,persistent_vs_counterfactual,winner_agreement,8,8,0.5,0,1,4
reach-wall,original,B0,persistent_vs_counterfactual,winner_mismatch,8,8,0.5,0,1,4
reach-wall,original,B0,persistent_vs_counterfactual,minimum_sets_disjoint,8,8,0.5,0,1,4
reach-wall,original,B0,persistent_vs_h3,spearman,8,8,0.99598106645629392,0.99468082978699768,0.99741730463671818,7.9678485316503513
reach-wall,original,B0,persistent_vs_h3,elite_overlap,8,8,8.875,8,10,71
reach-wall,original,B0,persistent_vs_h3,winner_agreement,8,8,1,1,1,8
reach-wall,original,B0,persistent_vs_h3,winner_mismatch,8,8,0,0,0,0
reach-wall,original,B0,persistent_vs_h3,minimum_sets_disjoint,8,8,0,0,0,0
reach-wall,original,B1,h3_vs_counterfactual,spearman,8,8,0.82538339314881282,0.79576839742663807,0.85413215702396694,6.6030671451905025
reach-wall,original,B1,h3_vs_counterfactual,elite_overlap,8,8,4.625,3,6,37
reach-wall,original,B1,h3_vs_counterfactual,winner_agreement,8,8,0.5,0,1,4
reach-wall,original,B1,h3_vs_counterfactual,winner_mismatch,8,8,0.5,0,1,4
reach-wall,original,B1,h3_vs_counterfactual,minimum_sets_disjoint,8,8,0.5,0,1,4
reach-wall,original,B1,persistent_vs_counterfactual,spearman,8,8,0.95031350348337207,0.93847487194302159,0.96324492494361047,7.6025080278669765
reach-wall,original,B1,persistent_vs_counterfactual,elite_overlap,8,8,7.75,7,9,62
reach-wall,original,B1,persistent_vs_counterfactual,winner_agreement,8,8,0.625,0,1,5
reach-wall,original,B1,persistent_vs_counterfactual,winner_mismatch,8,8,0.375,0,1,3
reach-wall,original,B1,persistent_vs_counterfactual,minimum_sets_disjoint,8,8,0.375,0,1,3
reach-wall,original,B1,persistent_vs_h3,spearman,8,8,0.94078328648096088,0.92563695152168357,0.95182879809775667,7.526266291847687
reach-wall,original,B1,persistent_vs_h3,elite_overlap,8,8,6.375,4,7,51
reach-wall,original,B1,persistent_vs_h3,winner_agreement,8,8,0.75,0,1,6
reach-wall,original,B1,persistent_vs_h3,winner_mismatch,8,8,0.25,0,1,2
reach-wall,original,B1,persistent_vs_h3,minimum_sets_disjoint,8,8,0.25,0,1,2
reach-wall,original,B2,h3_vs_counterfactual,spearman,8,8,0.78718235758175092,0.75491505461171793,0.81875843064922948,6.2974588606540074
reach-wall,original,B2,h3_vs_counterfactual,elite_overlap,8,8,4.625,3,6,37
reach-wall,original,B2,h3_vs_counterfactual,winner_agreement,8,8,0.5,0,1,4
reach-wall,original,B2,h3_vs_counterfactual,winner_mismatch,8,8,0.5,0,1,4
reach-wall,original,B2,h3_vs_counterfactual,minimum_sets_disjoint,8,8,0.5,0,1,4
reach-wall,original,B2,persistent_vs_counterfactual,spearman,8,8,0.80753241702685585,0.7776739741552684,0.83552572806364511,6.4602593362148468
reach-wall,original,B2,persistent_vs_counterfactual,elite_overlap,8,8,4.625,3,6,37
reach-wall,original,B2,persistent_vs_counterfactual,winner_agreement,8,8,0.5,0,1,4
reach-wall,original,B2,persistent_vs_counterfactual,winner_mismatch,8,8,0.5,0,1,4
reach-wall,original,B2,persistent_vs_counterfactual,minimum_sets_disjoint,8,8,0.5,0,1,4
reach-wall,original,B2,persistent_vs_h3,spearman,8,8,0.99865920732452584,0.9983995377726419,0.99889643218257984,7.9892736585962068
reach-wall,original,B2,persistent_vs_h3,elite_overlap,8,8,9.625,9,10,77
reach-wall,original,B2,persistent_vs_h3,winner_agreement,8,8,0.875,0,1,7
reach-wall,original,B2,persistent_vs_h3,winner_mismatch,8,8,0.125,0,1,1
reach-wall,original,B2,persistent_vs_h3,minimum_sets_disjoint,8,8,0.125,0,1,1
reach-wall,original,B3,h3_vs_counterfactual,spearman,8,8,0.76621545794953283,0.73404193379926441,0.80210535672618588,6.1297236635962626
reach-wall,original,B3,h3_vs_counterfactual,elite_overlap,8,8,4.25,3,5,34
reach-wall,original,B3,h3_vs_counterfactual,winner_agreement,8,8,0.5,0,1,4
reach-wall,original,B3,h3_vs_counterfactual,winner_mismatch,8,8,0.5,0,1,4
reach-wall,original,B3,h3_vs_counterfactual,minimum_sets_disjoint,8,8,0.5,0,1,4
reach-wall,original,B3,persistent_vs_counterfactual,spearman,8,8,0.77526016955743948,0.7432380359781775,0.81070945232724811,6.2020813564595159
reach-wall,original,B3,persistent_vs_counterfactual,elite_overlap,8,8,4.375,3,6,35
reach-wall,original,B3,persistent_vs_counterfactual,winner_agreement,8,8,0.5,0,1,4
reach-wall,original,B3,persistent_vs_counterfactual,winner_mismatch,8,8,0.5,0,1,4
reach-wall,original,B3,persistent_vs_counterfactual,minimum_sets_disjoint,8,8,0.5,0,1,4
reach-wall,original,B3,persistent_vs_h3,spearman,8,8,0.999663329592551,0.9995973288592096,0.99972710807897869,7.997306636740408
reach-wall,original,B3,persistent_vs_h3,elite_overlap,8,8,9.625,9,10,77
reach-wall,original,B3,persistent_vs_h3,winner_agreement,8,8,1,1,1,8
reach-wall,original,B3,persistent_vs_h3,winner_mismatch,8,8,0,0,0,0
reach-wall,original,B3,persistent_vs_h3,minimum_sets_disjoint,8,8,0,0,0,0
reach-wall,original,B4,h3_vs_counterfactual,spearman,8,8,0.81143651596128841,0.78054511716796848,0.8436498183313148,6.4914921276903073
reach-wall,original,B4,h3_vs_counterfactual,elite_overlap,8,8,4.75,3,6,38
reach-wall,original,B4,h3_vs_counterfactual,winner_agreement,8,8,0.5,0,1,4
reach-wall,original,B4,h3_vs_counterfactual,winner_mismatch,8,8,0.5,0,1,4
reach-wall,original,B4,h3_vs_counterfactual,minimum_sets_disjoint,8,8,0.5,0,1,4
reach-wall,original,B4,persistent_vs_counterfactual,spearman,8,8,0.813419426882521,0.78240158223980272,0.84515605728952548,6.507355415060168
reach-wall,original,B4,persistent_vs_counterfactual,elite_overlap,8,8,4.75,3,6,38
reach-wall,original,B4,persistent_vs_counterfactual,winner_agreement,8,8,0.5,0,1,4
reach-wall,original,B4,persistent_vs_counterfactual,winner_mismatch,8,8,0.5,0,1,4
reach-wall,original,B4,persistent_vs_counterfactual,minimum_sets_disjoint,8,8,0.5,0,1,4
reach-wall,original,B4,persistent_vs_h3,spearman,8,8,0.99992505472283022,0.99990488783208697,0.99995066611851247,7.9994004377826418
reach-wall,original,B4,persistent_vs_h3,elite_overlap,8,8,9.875,9,10,79
reach-wall,original,B4,persistent_vs_h3,winner_agreement,8,8,1,1,1,8
reach-wall,original,B4,persistent_vs_h3,winner_mismatch,8,8,0,0,0,0
reach-wall,original,B4,persistent_vs_h3,minimum_sets_disjoint,8,8,0,0,0,0
reach-wall,original,B5,h3_vs_counterfactual,spearman,8,8,0.76911454571717464,0.73747974977499753,0.80410671229680331,6.1529163657373971
reach-wall,original,B5,h3_vs_counterfactual,elite_overlap,8,8,4.375,3,5,35
reach-wall,original,B5,h3_vs_counterfactual,winner_agreement,8,8,0.5,0,1,4
reach-wall,original,B5,h3_vs_counterfactual,winner_mismatch,8,8,0.5,0,1,4
reach-wall,original,B5,h3_vs_counterfactual,minimum_sets_disjoint,8,8,0.5,0,1,4
reach-wall,original,B5,persistent_vs_counterfactual,spearman,8,8,0.76900676674185275,0.73755308392315466,0.80382982033133699,6.152054133934822
reach-wall,original,B5,persistent_vs_counterfactual,elite_overlap,8,8,4.375,3,5,35
reach-wall,original,B5,persistent_vs_counterfactual,winner_agreement,8,8,0.5,0,1,4
reach-wall,original,B5,persistent_vs_counterfactual,winner_mismatch,8,8,0.5,0,1,4
reach-wall,original,B5,persistent_vs_counterfactual,minimum_sets_disjoint,8,8,0.5,0,1,4
reach-wall,original,B5,persistent_vs_h3,spearman,8,8,0.99999505550061674,0.99999333325925843,0.99999644440493785,7.9999604440049339
reach-wall,original,B5,persistent_vs_h3,elite_overlap,8,8,10,10,10,80
reach-wall,original,B5,persistent_vs_h3,winner_agreement,8,8,1,1,1,8
reach-wall,original,B5,persistent_vs_h3,winner_mismatch,8,8,0,0,0,0
reach-wall,original,B5,persistent_vs_h3,minimum_sets_disjoint,8,8,0,0,0,0
reach-wall,original,all_blocks,h3_vs_counterfactual,spearman,8,8,0.89398704430049214,0.86112467916310176,0.91668662985144278,7.1518963544039371
reach-wall,original,all_blocks,h3_vs_counterfactual,elite_overlap,8,8,5.75,3,8,46
reach-wall,original,all_blocks,h3_vs_counterfactual,winner_agreement,8,8,0.375,0,1,3
reach-wall,original,all_blocks,h3_vs_counterfactual,winner_mismatch,8,8,0.625,0,1,5
reach-wall,original,all_blocks,h3_vs_counterfactual,minimum_sets_disjoint,8,8,0.625,0,1,5
reach-wall,original,all_blocks,persistent_vs_counterfactual,spearman,8,8,1,1,1,8
reach-wall,original,all_blocks,persistent_vs_counterfactual,elite_overlap,8,8,10,10,10,80
reach-wall,original,all_blocks,persistent_vs_counterfactual,winner_agreement,8,8,1,1,1,8
reach-wall,original,all_blocks,persistent_vs_counterfactual,winner_mismatch,8,8,0,0,0,0
reach-wall,original,all_blocks,persistent_vs_counterfactual,minimum_sets_disjoint,8,8,0,0,0,0
reach-wall,original,all_blocks,persistent_vs_h3,spearman,8,8,0.89398704430049214,0.86112467916310176,0.91668662985144278,7.1518963544039371
reach-wall,original,all_blocks,persistent_vs_h3,elite_overlap,8,8,5.75,3,8,46
reach-wall,original,all_blocks,persistent_vs_h3,winner_agreement,8,8,0.375,0,1,3
reach-wall,original,all_blocks,persistent_vs_h3,winner_mismatch,8,8,0.625,0,1,5
reach-wall,original,all_blocks,persistent_vs_h3,minimum_sets_disjoint,8,8,0.625,0,1,5
reach-wall,original,reference,native_vs_counterfactual,spearman,8,8,0.76569445216057952,0.73381926465849623,0.80028622540250449,6.1255556172846362
reach-wall,original,reference,native_vs_counterfactual,elite_overlap,8,8,4.375,3,5,35
reach-wall,original,reference,native_vs_counterfactual,winner_agreement,8,8,0.5,0,1,4
reach-wall,original,reference,native_vs_counterfactual,winner_mismatch,8,8,0.5,0,1,4
reach-wall,original,reference,native_vs_counterfactual,minimum_sets_disjoint,8,8,0.5,0,1,4
