task,episode,bank,site,comparison,spearman,elite_overlap,winner_agreement,winner_mismatch,left_winner,right_winner,left_minimum_ties,right_minimum_ties,minimum_sets_disjoint,left_cutoff_ties,right_cutoff_ties,left_cutoff_ambiguous,right_cutoff_ambiguous
reach,0,original,reference,native_vs_counterfactual,0.72891921021344686,7,1,0,247,247,1,1,0,1,1,False,False
reach,0,original,all_blocks,h3_vs_counterfactual,0.89924821386904297,8,1,0,247,247,1,1,0,1,1,False,False
reach,0,original,all_blocks,persistent_vs_counterfactual,1,10,1,0,247,247,1,1,0,1,1,False,False
reach,0,original,all_blocks,persistent_vs_h3,0.89924821386904297,8,1,0,247,247,1,1,0,1,1,False,False
reach,0,original,B0,h3_vs_counterfactual,0.74780861429667622,7,1,0,247,247,1,1,0,1,1,False,False
reach,0,original,B0,persistent_vs_counterfactual,0.76936899298881101,7,1,0,247,247,1,1,0,1,1,False,False
reach,0,original,B0,persistent_vs_h3,0.9975249722246945,10,1,0,247,247,1,1,0,1,1,False,False
reach,0,original,B1,h3_vs_counterfactual,0.78967099634440385,7,1,0,247,247,1,1,0,1,1,False,False
reach,0,original,B1,persistent_vs_counterfactual,0.92861965132945923,8,1,0,247,247,1,1,0,1,1,False,False
reach,0,original,B1,persistent_vs_h3,0.93856331737019305,8,1,0,247,247,1,1,0,1,1,False,False
reach,0,original,B2,h3_vs_counterfactual,0.75135368170757455,7,1,0,247,247,1,1,0,1,1,False,False
reach,0,original,B2,persistent_vs_counterfactual,0.76907929744545389,7,1,0,247,247,1,1,0,1,1,False,False
reach,0,original,B2,persistent_vs_h3,0.99887920964446997,10,1,0,247,247,1,1,0,1,1,False,False
reach,0,original,B3,h3_vs_counterfactual,0.7263831820353559,6,1,0,247,247,1,1,0,1,1,False,False
reach,0,original,B3,persistent_vs_counterfactual,0.73197302192246583,6,1,0,247,247,1,1,0,1,1,False,False
reach,0,original,B3,persistent_vs_h3,0.99971510794564389,10,1,0,247,247,1,1,0,1,1,False,False
reach,0,original,B4,h3_vs_counterfactual,0.79251458349537218,7,1,0,247,247,1,1,0,1,1,False,False
reach,0,original,B4,persistent_vs_counterfactual,0.79552706141179341,7,1,0,247,247,1,1,0,1,1,False,False
reach,0,original,B4,persistent_vs_h3,0.99989466549628325,10,1,0,247,247,1,1,0,1,1,False,False
reach,0,original,B5,h3_vs_counterfactual,0.73164101823353589,7,1,0,247,247,1,1,0,1,1,False,False
reach,0,original,B5,persistent_vs_counterfactual,0.73145301614462388,7,1,0,247,247,1,1,0,1,1,False,False
reach,0,original,B5,persistent_vs_h3,0.99998933321481354,10,1,0,247,247,1,1,0,1,1,False,False
reach,0,fresh,reference,native_vs_counterfactual,0.77247080523116929,3,0,1,221,162,1,1,1,1,1,False,False
reach,0,fresh,all_blocks,h3_vs_counterfactual,0.90555495061056235,6,0,1,247,162,1,1,1,1,1,False,False
reach,0,fresh,all_blocks,persistent_vs_counterfactual,1,10,1,0,162,162,1,1,0,1,1,False,False
reach,0,fresh,all_blocks,persistent_vs_h3,0.90555495061056235,6,0,1,162,247,1,1,1,1,1,False,False
reach,0,fresh,B0,h3_vs_counterfactual,0.79179813109034547,3,0,1,221,162,1,1,1,1,1,False,False
reach,0,fresh,B0,persistent_vs_counterfactual,0.81470594117712414,4,0,1,221,162,1,1,1,1,1,False,False
reach,0,fresh,B0,persistent_vs_h3,0.99729508105645615,9,1,0,221,221,1,1,0,1,1,False,False
reach,0,fresh,B1,h3_vs_counterfactual,0.83662116652642959,4,0,1,221,162,1,1,1,1,1,False,False
reach,0,fresh,B1,persistent_vs_counterfactual,0.93665129612551246,9,0,1,221,162,1,1,1,1,1,False,False
reach,0,fresh,B1,persistent_vs_h3,0.9594476560237013,5,1,0,221,221,1,1,0,1,1,False,False
reach,0,fresh,B2,h3_vs_counterfactual,0.79733330370337452,3,0,1,221,162,1,1,1,1,1,False,False
reach,0,fresh,B2,persistent_vs_counterfactual,0.81482816475738618,4,0,1,221,162,1,1,1,1,1,False,False
reach,0,fresh,B2,persistent_vs_h3,0.99882532028133642,9,1,0,221,221,1,1,0,1,1,False,False
reach,0,fresh,B3,h3_vs_counterfactual,0.76743741597128856,3,0,1,221,162,1,1,1,1,1,False,False
reach,0,fresh,B3,persistent_vs_counterfactual,0.7729325881398682,3,0,1,221,162,1,1,1,1,1,False,False
reach,0,fresh,B3,persistent_vs_h3,0.99976799742219358,10,1,0,221,221,1,1,0,1,1,False,False
reach,0,fresh,B4,h3_vs_counterfactual,0.82942610473449707,5,0,1,221,162,1,1,1,1,1,False,False
reach,0,fresh,B4,persistent_vs_counterfactual,0.83197279969777438,5,0,1,221,162,1,1,1,1,1,False,False
reach,0,fresh,B4,persistent_vs_h3,0.99992844364937383,10,1,0,221,221,1,1,0,1,1,False,False
reach,0,fresh,B5,h3_vs_counterfactual,0.77562595139946,3,0,1,221,162,1,1,1,1,1,False,False
reach,0,fresh,B5,persistent_vs_counterfactual,0.77528772541917135,3,0,1,221,162,1,1,1,1,1,False,False
reach,0,fresh,B5,persistent_vs_h3,0.99999022211357902,10,1,0,221,221,1,1,0,1,1,False,False
reach,1,original,reference,native_vs_counterfactual,0.74898387759863994,3,1,0,205,205,1,1,0,1,1,False,False
reach,1,original,all_blocks,h3_vs_counterfactual,0.87356837298192203,6,1,0,205,205,1,1,0,1,1,False,False
reach,1,original,all_blocks,persistent_vs_counterfactual,1,10,1,0,205,205,1,1,0,1,1,False,False
reach,1,original,all_blocks,persistent_vs_h3,0.87356837298192203,6,1,0,205,205,1,1,0,1,1,False,False
reach,1,original,B0,h3_vs_counterfactual,0.76916187957643978,4,1,0,205,205,1,1,0,1,1,False,False
reach,1,original,B0,persistent_vs_counterfactual,0.80446493849931666,4,1,0,205,205,1,1,0,1,1,False,False
reach,1,original,B0,persistent_vs_h3,0.9954043933821487,8,1,0,205,205,1,1,0,1,1,False,False
reach,1,original,B1,h3_vs_counterfactual,0.81316147957199525,5,1,0,205,205,1,1,0,1,1,False,False
reach,1,original,B1,persistent_vs_counterfactual,0.93830998122201359,7,1,0,205,205,1,1,0,1,1,False,False
reach,1,original,B1,persistent_vs_h3,0.94830964788497651,7,1,0,205,205,1,1,0,1,1,False,False
reach,1,original,B2,h3_vs_counterfactual,0.77397571084123162,5,1,0,205,205,1,1,0,1,1,False,False
reach,1,original,B2,persistent_vs_counterfactual,0.79505416726852518,5,1,0,205,205,1,1,0,1,1,False,False
reach,1,original,B2,persistent_vs_h3,0.99850087223191364,10,1,0,205,205,1,1,0,1,1,False,False
reach,1,original,B3,h3_vs_counterfactual,0.75531817020189118,4,1,0,205,205,1,1,0,1,1,False,False
reach,1,original,B3,persistent_vs_counterfactual,0.76631829242547145,4,1,0,205,205,1,1,0,1,1,False,False
reach,1,original,B3,persistent_vs_h3,0.99955332837031519,8,1,0,205,205,1,1,0,1,1,False,False
reach,1,original,B4,h3_vs_counterfactual,0.76455116167957426,3,1,0,205,205,1,1,0,1,1,False,False
reach,1,original,B4,persistent_vs_counterfactual,0.76570628562539589,3,1,0,205,205,1,1,0,1,1,False,False
reach,1,original,B4,persistent_vs_h3,0.99995644396048844,10,1,0,205,205,1,1,0,1,1,False,False
reach,1,original,B5,h3_vs_counterfactual,0.75116656851742802,3,1,0,205,205,1,1,0,1,1,False,False
reach,1,original,B5,persistent_vs_counterfactual,0.75107767864087382,3,1,0,205,205,1,1,0,1,1,False,False
reach,1,original,B5,persistent_vs_h3,0.99999466660740677,10,1,0,205,205,1,1,0,1,1,False,False
reach,1,fresh,reference,native_vs_counterfactual,0.68142934921499132,5,1,0,149,149,1,1,0,1,1,False,False
reach,1,fresh,all_blocks,h3_vs_counterfactual,0.85650640562672919,7,1,0,149,149,1,1,0,1,1,False,False
reach,1,fresh,all_blocks,persistent_vs_counterfactual,1,10,1,0,149,149,1,1,0,1,1,False,False
reach,1,fresh,all_blocks,persistent_vs_h3,0.85650640562672919,7,1,0,149,149,1,1,0,1,1,False,False
reach,1,fresh,B0,h3_vs_counterfactual,0.71013455705063389,5,1,0,149,149,1,1,0,1,1,False,False
reach,1,fresh,B0,persistent_vs_counterfactual,0.76339514883498705,6,1,0,149,149,1,1,0,1,1,False,False
reach,1,fresh,B0,persistent_vs_h3,0.99231058122868032,9,1,0,149,149,1,1,0,1,1,False,False
reach,1,fresh,B1,h3_vs_counterfactual,0.76586273180813125,6,1,0,149,149,1,1,0,1,1,False,False
reach,1,fresh,B1,persistent_vs_counterfactual,0.9355797286636518,7,1,0,149,149,1,1,0,1,1,False,False
reach,1,fresh,B1,persistent_vs_h3,0.91742397137745979,8,1,0,149,149,1,1,0,1,1,False,False
reach,1,fresh,B2,h3_vs_counterfactual,0.71766664074045272,5,1,0,149,149,1,1,0,1,1,False,False
reach,1,fresh,B2,persistent_vs_counterfactual,0.74342026022511365,6,1,0,149,149,1,1,0,1,1,False,False
reach,1,fresh,B2,persistent_vs_h3,0.99786530961455122,9,1,0,149,149,1,1,0,1,1,False,False
reach,1,fresh,B3,h3_vs_counterfactual,0.69091523239147101,5,1,0,149,149,1,1,0,1,1,False,False
reach,1,fresh,B3,persistent_vs_counterfactual,0.7044860498449983,5,1,0,149,149,1,1,0,1,1,False,False
reach,1,fresh,B3,persistent_vs_h3,0.99953155035055941,10,1,0,149,149,1,1,0,1,1,False,False
reach,1,fresh,B4,h3_vs_counterfactual,0.70500738897098858,5,1,0,149,149,1,1,0,1,1,False,False
reach,1,fresh,B4,persistent_vs_counterfactual,0.70781364237380417,5,1,0,149,149,1,1,0,1,1,False,False
reach,1,fresh,B4,persistent_vs_h3,0.99994177713085697,10,1,0,149,149,1,1,0,1,1,False,False
reach,1,fresh,B5,h3_vs_counterfactual,0.68496716630184784,5,1,0,149,149,1,1,0,1,1,False,False
reach,1,fresh,B5,persistent_vs_counterfactual,0.6848898321092457,5,1,0,149,149,1,1,0,1,1,False,False
reach,1,fresh,B5,persistent_vs_h3,0.99999288880987569,10,1,0,149,149,1,1,0,1,1,False,False
reach,2,original,reference,native_vs_counterfactual,0.7551986133179257,4,0,1,184,78,1,1,1,1,1,False,False
reach,2,original,all_blocks,h3_vs_counterfactual,0.88185824286936521,6,1,0,78,78,1,1,0,1,1,False,False
reach,2,original,all_blocks,persistent_vs_counterfactual,1,10,1,0,78,78,1,1,0,1,1,False,False
reach,2,original,all_blocks,persistent_vs_h3,0.88185824286936521,6,1,0,78,78,1,1,0,1,1,False,False
reach,2,original,B0,h3_vs_counterfactual,0.76978010866787405,4,1,0,78,78,1,1,0,1,1,False,False
reach,2,original,B0,persistent_vs_counterfactual,0.7901261125123612,5,1,0,78,78,1,1,0,1,1,False,False
reach,2,original,B0,persistent_vs_h3,0.99672929699218882,9,1,0,78,78,1,1,0,1,1,False,False
reach,2,original,B1,h3_vs_counterfactual,0.80607517861309574,5,1,0,78,78,1,1,0,1,1,False,False
reach,2,original,B1,persistent_vs_counterfactual,0.93441527128079205,8,1,0,78,78,1,1,0,1,1,False,False
reach,2,original,B1,persistent_vs_h3,0.94050156112845695,6,1,0,78,78,1,1,0,1,1,False,False
reach,2,original,B2,h3_vs_counterfactual,0.77302947810531231,5,1,0,78,78,1,1,0,1,1,False,False
reach,2,original,B2,persistent_vs_counterfactual,0.79519905776730848,5,1,0,78,78,1,1,0,1,1,False,False
reach,2,original,B2,persistent_vs_h3,0.99844976055289503,10,1,0,78,78,1,1,0,1,1,False,False
reach,2,original,B3,h3_vs_counterfactual,0.75346570517450195,4,0,1,184,78,1,1,1,1,1,False,False
reach,2,original,B3,persistent_vs_counterfactual,0.7627302525583618,5,0,1,184,78,1,1,1,1,1,False,False
reach,2,original,B3,persistent_vs_h3,0.99953199479994226,9,1,0,184,184,1,1,0,1,1,False,False
reach,2,original,B4,h3_vs_counterfactual,0.80448893876598626,4,1,0,78,78,1,1,0,1,1,False,False
reach,2,original,B4,persistent_vs_counterfactual,0.80735785953177253,4,1,0,78,78,1,1,0,1,1,False,False
reach,2,original,B4,persistent_vs_h3,0.9998999988888766,10,1,0,78,78,1,1,0,1,1,False,False
reach,2,original,B5,h3_vs_counterfactual,0.76075600840009339,4,0,1,184,78,1,1,1,1,1,False,False
reach,2,original,B5,persistent_vs_counterfactual,0.76051956132845921,4,0,1,184,78,1,1,1,1,1,False,False
reach,2,original,B5,persistent_vs_h3,0.99999466660740677,10,1,0,184,184,1,1,0,1,1,False,False
reach,2,fresh,reference,native_vs_counterfactual,0.72126268069645216,2,0,1,59,213,1,1,1,1,1,False,False
reach,2,fresh,all_blocks,h3_vs_counterfactual,0.84526005844509389,5,0,1,216,213,1,1,1,1,1,False,False
reach,2,fresh,all_blocks,persistent_vs_counterfactual,1,10,1,0,213,213,1,1,0,1,1,False,False
reach,2,fresh,all_blocks,persistent_vs_h3,0.84526005844509389,5,0,1,213,216,1,1,1,1,1,False,False
reach,2,fresh,B0,h3_vs_counterfactual,0.73412860142890479,3,0,1,59,213,1,1,1,1,1,False,False
reach,2,fresh,B0,persistent_vs_counterfactual,0.75575417504638942,4,0,1,15,213,1,1,1,1,1,False,False
reach,2,fresh,B0,persistent_vs_h3,0.99680929788108752,8,0,1,15,59,1,1,1,1,1,False,False
reach,2,fresh,B1,h3_vs_counterfactual,0.76657473971933021,4,0,1,59,213,1,1,1,1,1,False,False
reach,2,fresh,B1,persistent_vs_counterfactual,0.92518005755619503,6,0,1,216,213,1,1,1,1,1,False,False
reach,2,fresh,B1,persistent_vs_h3,0.92423604706718965,7,0,1,216,59,1,1,1,1,1,False,False
reach,2,fresh,B2,h3_vs_counterfactual,0.73647973866376293,3,0,1,59,213,1,1,1,1,1,False,False
reach,2,fresh,B2,persistent_vs_counterfactual,0.7608840098223314,4,0,1,59,213,1,1,1,1,1,False,False
reach,2,fresh,B2,persistent_vs_h3,0.99850087223191364,9,1,0,59,59,1,1,0,1,1,False,False
reach,2,fresh,B3,h3_vs_counterfactual,0.71922132468138533,2,0,1,59,213,1,1,1,1,1,False,False
reach,2,fresh,B3,persistent_vs_counterfactual,0.72872454138379317,2,0,1,59,213,1,1,1,1,1,False,False
reach,2,fresh,B3,persistent_vs_h3,0.99959999555550616,10,1,0,59,59,1,1,0,1,1,False,False
reach,2,fresh,B4,h3_vs_counterfactual,0.76836706723042592,3,0,1,59,213,1,1,1,1,1,False,False
reach,2,fresh,B4,persistent_vs_counterfactual,0.77140768230758117,3,0,1,15,213,1,1,1,1,1,False,False
reach,2,fresh,B4,persistent_vs_h3,0.9998963321699561,10,0,1,15,59,1,1,1,1,1,False,False
reach,2,fresh,B5,h3_vs_counterfactual,0.72723874709718994,2,0,1,59,213,1,1,1,1,1,False,False
reach,2,fresh,B5,persistent_vs_counterfactual,0.72720852453916152,2,0,1,59,213,1,1,1,1,1,False,False
reach,2,fresh,B5,persistent_vs_h3,0.99999155546172735,10,1,0,59,59,1,1,0,1,1,False,False
reach,3,original,reference,native_vs_counterfactual,0.65739397104412267,2,0,1,78,111,1,1,1,1,1,False,False
reach,3,original,all_blocks,h3_vs_counterfactual,0.83656085067611863,6,0,1,78,111,1,1,1,1,1,False,False
reach,3,original,all_blocks,persistent_vs_counterfactual,1,10,1,0,111,111,1,1,0,1,1,False,False
reach,3,original,all_blocks,persistent_vs_h3,0.83656085067611863,6,0,1,111,78,1,1,1,1,1,False,False
reach,3,original,B0,h3_vs_counterfactual,0.68264269602995586,2,0,1,78,111,1,1,1,1,1,False,False
reach,3,original,B0,persistent_vs_counterfactual,0.72672229691441015,3,0,1,78,111,1,1,1,1,1,False,False
reach,3,original,B0,persistent_vs_h3,0.99528705874509715,9,1,0,78,78,1,1,0,1,1,False,False
reach,3,original,B1,h3_vs_counterfactual,0.72507027855865069,4,0,1,78,111,1,1,1,1,1,False,False
reach,3,original,B1,persistent_vs_counterfactual,0.92293469927443639,6,0,1,78,111,1,1,1,1,1,False,False
reach,3,original,B1,persistent_vs_h3,0.91299458882876472,7,1,0,78,78,1,1,0,1,1,False,False
reach,3,original,B2,h3_vs_counterfactual,0.68123601373348597,3,0,1,78,111,1,1,1,1,1,False,False
reach,3,original,B2,persistent_vs_counterfactual,0.71654529494772168,3,0,1,78,111,1,1,1,1,1,False,False
reach,3,original,B2,persistent_vs_h3,0.99785464282936476,10,1,0,78,78,1,1,0,1,1,False,False
reach,3,original,B3,h3_vs_counterfactual,0.65968021866909632,2,0,1,78,111,1,1,1,1,1,False,False
reach,3,original,B3,persistent_vs_counterfactual,0.67356259513994599,2,0,1,78,111,1,1,1,1,1,False,False
reach,3,original,B3,persistent_vs_h3,0.99949554995055501,10,1,0,78,78,1,1,0,1,1,False,False
reach,3,original,B4,h3_vs_counterfactual,0.73158546206068953,3,0,1,78,111,1,1,1,1,1,False,False
reach,3,original,B4,persistent_vs_counterfactual,0.73593173257480637,3,0,1,78,111,1,1,1,1,1,False,False
reach,3,original,B4,persistent_vs_h3,0.99987777641973796,10,1,0,78,78,1,1,0,1,1,False,False
reach,3,original,B5,h3_vs_counterfactual,0.66222913587928756,3,0,1,78,111,1,1,1,1,1,False,False
reach,3,original,B5,persistent_vs_counterfactual,0.6621166901854465,3,0,1,78,111,1,1,1,1,1,False,False
reach,3,original,B5,persistent_vs_h3,0.99999333325925843,10,1,0,78,78,1,1,0,1,1,False,False
reach,3,fresh,reference,native_vs_counterfactual,0.71816042400471114,6,0,1,113,112,1,1,1,1,1,False,False
reach,3,fresh,all_blocks,h3_vs_counterfactual,0.84150135001500015,8,1,0,112,112,1,1,0,1,1,False,False
reach,3,fresh,all_blocks,persistent_vs_counterfactual,1,10,1,0,112,112,1,1,0,1,1,False,False
reach,3,fresh,all_blocks,persistent_vs_h3,0.84150135001500015,8,1,0,112,112,1,1,0,1,1,False,False
reach,3,fresh,B0,h3_vs_counterfactual,0.734244602717808,6,0,1,113,112,1,1,1,1,1,False,False
reach,3,fresh,B0,persistent_vs_counterfactual,0.77053700596673291,8,0,1,113,112,1,1,1,1,1,False,False
reach,3,fresh,B0,persistent_vs_h3,0.99471727463638482,8,1,0,113,113,1,1,0,1,1,False,False
reach,3,fresh,B1,h3_vs_counterfactual,0.76669549291609196,7,0,1,113,112,1,1,1,1,1,False,False
reach,3,fresh,B1,persistent_vs_counterfactual,0.92919832442582695,9,1,0,112,112,1,1,0,1,1,False,False
reach,3,fresh,B1,persistent_vs_h3,0.91924120481797089,8,0,1,112,113,1,1,1,1,1,False,False
reach,3,fresh,B2,h3_vs_counterfactual,0.73581847974072168,6,0,1,113,112,1,1,1,1,1,False,False
reach,3,fresh,B2,persistent_vs_counterfactual,0.75987644307158964,7,0,1,113,112,1,1,1,1,1,False,False
reach,3,fresh,B2,persistent_vs_h3,0.99852676124477124,9,1,0,113,113,1,1,0,1,1,False,False
reach,3,fresh,B3,h3_vs_counterfactual,0.72285603173368596,6,0,1,113,112,1,1,1,1,1,False,False
reach,3,fresh,B3,persistent_vs_counterfactual,0.73578906432293689,6,0,1,113,112,1,1,1,1,1,False,False
reach,3,fresh,B3,persistent_vs_h3,0.99951866131845912,10,1,0,113,113,1,1,0,1,1,False,False
reach,3,fresh,B4,h3_vs_counterfactual,0.75887109856776191,7,0,1,113,112,1,1,1,1,1,False,False
reach,3,fresh,B4,persistent_vs_counterfactual,0.76064267380748674,7,0,1,113,112,1,1,1,1,1,False,False
reach,3,fresh,B4,persistent_vs_h3,0.99990399893332149,10,1,0,113,113,1,1,0,1,1,False,False
reach,3,fresh,B5,h3_vs_counterfactual,0.72145201613351262,6,0,1,113,112,1,1,1,1,1,False,False
reach,3,fresh,B5,persistent_vs_counterfactual,0.72162757363970709,6,0,1,113,112,1,1,1,1,1,False,False
reach,3,fresh,B5,persistent_vs_h3,0.99999155546172735,10,1,0,113,113,1,1,0,1,1,False,False
reach,4,original,reference,native_vs_counterfactual,0.74010644562717365,5,0,1,19,268,1,1,1,1,1,False,False
reach,4,original,all_blocks,h3_vs_counterfactual,0.89220502450027217,7,1,0,268,268,1,1,0,1,1,False,False
reach,4,original,all_blocks,persistent_vs_counterfactual,1,10,1,0,268,268,1,1,0,1,1,False,False
reach,4,original,all_blocks,persistent_vs_h3,0.89220502450027217,7,1,0,268,268,1,1,0,1,1,False,False
reach,4,original,B0,h3_vs_counterfactual,0.75923732485916506,5,0,1,19,268,1,1,1,1,1,False,False
reach,4,original,B0,persistent_vs_counterfactual,0.78746697185524284,5,0,1,19,268,1,1,1,1,1,False,False
reach,4,original,B0,persistent_vs_h3,0.99685596506627849,10,1,0,19,19,1,1,0,1,1,False,False
reach,4,original,B1,h3_vs_counterfactual,0.80376004177824201,5,1,0,268,268,1,1,0,1,1,False,False
reach,4,original,B1,persistent_vs_counterfactual,0.93023522483583154,6,1,0,268,268,1,1,0,1,1,False,False
reach,4,original,B1,persistent_vs_h3,0.94798253313925707,7,1,0,268,268,1,1,0,1,1,False,False
reach,4,original,B2,h3_vs_counterfactual,0.76874276380848672,5,0,1,19,268,1,1,1,1,1,False,False
reach,4,original,B2,persistent_vs_counterfactual,0.79012522361359572,5,0,1,19,268,1,1,1,1,1,False,False
reach,4,original,B2,persistent_vs_h3,0.99863954043933822,10,1,0,19,19,1,1,0,1,1,False,False
reach,4,original,B3,h3_vs_counterfactual,0.73711930132557024,5,0,1,19,268,1,1,1,1,1,False,False
reach,4,original,B3,persistent_vs_counterfactual,0.74438427093634374,5,0,1,19,268,1,1,1,1,1,False,False
reach,4,original,B3,persistent_vs_h3,0.99973999711107897,10,1,0,19,19,1,1,0,1,1,False,False
reach,4,original,B4,h3_vs_counterfactual,0.8059818442427138,5,1,0,268,268,1,1,0,1,1,False,False
reach,4,original,B4,persistent_vs_counterfactual,0.8086623184702052,5,1,0,268,268,1,1,0,1,1,False,False
reach,4,original,B4,persistent_vs_h3,0.99992088800986678,10,1,0,268,268,1,1,0,1,1,False,False
reach,4,original,B5,h3_vs_counterfactual,0.74409848998322203,5,0,1,19,268,1,1,1,1,1,False,False
reach,4,original,B5,persistent_vs_counterfactual,0.74384604273380817,5,0,1,19,268,1,1,1,1,1,False,False
reach,4,original,B5,persistent_vs_h3,0.99999333325925843,10,1,0,19,19,1,1,0,1,1,False,False
reach,4,fresh,reference,native_vs_counterfactual,0.78313003477816423,5,1,0,289,289,1,1,0,1,1,False,False
reach,4,fresh,all_blocks,h3_vs_counterfactual,0.91113101256680629,7,0,1,68,289,1,1,1,1,1,False,False
reach,4,fresh,all_blocks,persistent_vs_counterfactual,1,10,1,0,289,289,1,1,0,1,1,False,False
reach,4,fresh,all_blocks,persistent_vs_h3,0.91113101256680629,7,0,1,289,68,1,1,1,1,1,False,False
reach,4,fresh,B0,h3_vs_counterfactual,0.79924754719496882,5,1,0,289,289,1,1,0,1,1,False,False
reach,4,fresh,B0,persistent_vs_counterfactual,0.81988688763208484,5,1,0,289,289,1,1,0,1,1,False,False
reach,4,fresh,B0,persistent_vs_h3,0.99761108456760628,10,1,0,289,289,1,1,0,1,1,False,False
reach,4,fresh,B1,h3_vs_counterfactual,0.8349630551450572,6,1,0,289,289,1,1,0,1,1,False,False
reach,4,fresh,B1,persistent_vs_counterfactual,0.94441493794375497,9,1,0,289,289,1,1,0,1,1,False,False
reach,4,fresh,B1,persistent_vs_h3,0.95387504305603399,7,1,0,289,289,1,1,0,1,1,False,False
reach,4,fresh,B2,h3_vs_counterfactual,0.80801964466271847,5,1,0,289,289,1,1,0,1,1,False,False
reach,4,fresh,B2,persistent_vs_counterfactual,0.82558561761797356,6,1,0,289,289,1,1,0,1,1,False,False
reach,4,fresh,B2,persistent_vs_h3,0.99898487760975119,9,1,0,289,289,1,1,0,1,1,False,False
reach,4,fresh,B3,h3_vs_counterfactual,0.78305092278803101,5,0,1,68,289,1,1,1,1,1,False,False
reach,4,fresh,B3,persistent_vs_counterfactual,0.7892678807542306,5,0,1,68,289,1,1,1,1,1,False,False
reach,4,fresh,B3,persistent_vs_h3,0.99970488560984005,10,1,0,68,68,1,1,0,1,1,False,False
reach,4,fresh,B4,h3_vs_counterfactual,0.83391948799431104,5,0,1,68,289,1,1,1,1,1,False,False
reach,4,fresh,B4,persistent_vs_counterfactual,0.83614617940199332,5,0,1,68,289,1,1,1,1,1,False,False
reach,4,fresh,B4,persistent_vs_h3,0.99992222135801512,10,1,0,68,68,1,1,0,1,1,False,False
reach,4,fresh,B5,h3_vs_counterfactual,0.78571984133157036,5,1,0,289,289,1,1,0,1,1,False,False
reach,4,fresh,B5,persistent_vs_counterfactual,0.78559534785840635,5,1,0,289,289,1,1,0,1,1,False,False
reach,4,fresh,B5,persistent_vs_h3,0.99999111101039406,10,1,0,289,289,1,1,0,1,1,False,False
reach,5,original,reference,native_vs_counterfactual,0.78016911299014435,4,0,1,252,3,1,1,1,1,1,False,False
reach,5,original,all_blocks,h3_vs_counterfactual,0.89988199868887431,6,0,1,252,3,1,1,1,1,1,False,False
reach,5,original,all_blocks,persistent_vs_counterfactual,1,10,1,0,3,3,1,1,0,1,1,False,False
reach,5,original,all_blocks,persistent_vs_h3,0.89988199868887431,6,0,1,3,252,1,1,1,1,1,False,False
reach,5,original,B0,h3_vs_counterfactual,0.7949443882709808,4,0,1,252,3,1,1,1,1,1,False,False
reach,5,original,B0,persistent_vs_counterfactual,0.80681740908232313,5,0,1,252,3,1,1,1,1,1,False,False
reach,5,original,B0,persistent_vs_h3,0.99763686263180706,9,1,0,252,252,1,1,0,1,1,False,False
reach,5,original,B1,h3_vs_counterfactual,0.83375104167824088,5,0,1,252,3,1,1,1,1,1,False,False
reach,5,original,B1,persistent_vs_counterfactual,0.93971488572095241,6,1,0,3,3,1,1,0,1,1,False,False
reach,5,original,B1,persistent_vs_h3,0.95122879143101591,8,0,1,3,252,1,1,1,1,1,False,False
reach,5,original,B2,h3_vs_counterfactual,0.80436849298325541,5,0,1,252,3,1,1,1,1,1,False,False
reach,5,original,B2,persistent_vs_counterfactual,0.82179890887676532,5,0,1,252,3,1,1,1,1,1,False,False
reach,5,original,B2,persistent_vs_h3,0.99885376504183376,10,1,0,252,252,1,1,0,1,1,False,False
reach,5,original,B3,h3_vs_counterfactual,0.77864909610106781,4,0,1,252,3,1,1,1,1,1,False,False
reach,5,original,B3,persistent_vs_counterfactual,0.78610517894643273,4,0,1,252,3,1,1,1,1,1,False,False
reach,5,original,B3,persistent_vs_h3,0.99963510705674508,10,1,0,252,252,1,1,0,1,1,False,False
reach,5,original,B4,h3_vs_counterfactual,0.82881987577639749,5,0,1,252,3,1,1,1,1,1,False,False
reach,5,original,B4,persistent_vs_counterfactual,0.83086256513961265,5,0,1,252,3,1,1,1,1,1,False,False
reach,5,original,B4,persistent_vs_h3,0.99989955443949374,10,1,0,252,252,1,1,0,1,1,False,False
reach,5,original,B5,h3_vs_counterfactual,0.78284025378059752,4,0,1,252,3,1,1,1,1,1,False,False
reach,5,original,B5,persistent_vs_counterfactual,0.78263402926699188,4,0,1,252,3,1,1,1,1,1,False,False
reach,5,original,B5,persistent_vs_h3,0.99998577761975138,10,1,0,252,252,1,1,0,1,1,False,False
reach,5,fresh,reference,native_vs_counterfactual,0.74215713507927861,6,0,1,89,234,1,1,1,1,1,False,False
reach,5,fresh,all_blocks,h3_vs_counterfactual,0.89234324825831401,7,0,1,89,234,1,1,1,1,1,False,False
reach,5,fresh,all_blocks,persistent_vs_counterfactual,1,10,1,0,234,234,1,1,0,1,1,False,False
reach,5,fresh,all_blocks,persistent_vs_h3,0.89234324825831401,7,0,1,234,89,1,1,1,1,1,False,False
reach,5,fresh,B0,h3_vs_counterfactual,0.76579561995133283,6,0,1,89,234,1,1,1,1,1,False,False
reach,5,fresh,B0,persistent_vs_counterfactual,0.78887898754430608,7,0,1,89,234,1,1,1,1,1,False,False
reach,5,fresh,B0,persistent_vs_h3,0.99664662940699345,9,1,0,89,89,1,1,0,1,1,False,False
reach,5,fresh,B1,h3_vs_counterfactual,0.80714852387248748,7,0,1,89,234,1,1,1,1,1,False,False
reach,5,fresh,B1,persistent_vs_counterfactual,0.93570906343403815,7,1,0,234,234,1,1,0,1,1,False,False
reach,5,fresh,B1,persistent_vs_h3,0.93684152046133851,8,0,1,234,89,1,1,1,1,1,False,False
reach,5,fresh,B2,h3_vs_counterfactual,0.76721119123545822,6,0,1,89,234,1,1,1,1,1,False,False
reach,5,fresh,B2,persistent_vs_counterfactual,0.78891587684307607,7,0,1,89,234,1,1,1,1,1,False,False
reach,5,fresh,B2,persistent_vs_h3,0.99866887409860106,9,1,0,89,89,1,1,0,1,1,False,False
reach,5,fresh,B3,h3_vs_counterfactual,0.74197432660078089,6,0,1,89,234,1,1,1,1,1,False,False
reach,5,fresh,B3,persistent_vs_counterfactual,0.74892209913443486,6,0,1,89,234,1,1,1,1,1,False,False
reach,5,fresh,B3,persistent_vs_h3,0.99964055152175102,10,1,0,89,89,1,1,0,1,1,False,False
reach,5,fresh,B4,h3_vs_counterfactual,0.79634662607362305,7,0,1,89,234,1,1,1,1,1,False,False
reach,5,fresh,B4,persistent_vs_counterfactual,0.79792708807875645,7,0,1,89,234,1,1,1,1,1,False,False
reach,5,fresh,B4,persistent_vs_h3,0.99992355470616345,10,1,0,89,89,1,1,0,1,1,False,False
reach,5,fresh,B5,h3_vs_counterfactual,0.74498249980555342,6,0,1,89,234,1,1,1,1,1,False,False
reach,5,fresh,B5,persistent_vs_counterfactual,0.7448273869709664,6,0,1,89,234,1,1,1,1,1,False,False
reach,5,fresh,B5,persistent_vs_h3,0.99998711096789961,10,1,0,89,89,1,1,0,1,1,False,False
reach,6,original,reference,native_vs_counterfactual,0.80090001000011113,7,0,1,12,55,1,1,1,1,1,False,False
reach,6,original,all_blocks,h3_vs_counterfactual,0.91163546261625128,7,0,1,12,55,1,1,1,1,1,False,False
reach,6,original,all_blocks,persistent_vs_counterfactual,1,10,1,0,55,55,1,1,0,1,1,False,False
reach,6,original,all_blocks,persistent_vs_h3,0.91163546261625128,7,0,1,55,12,1,1,1,1,1,False,False
reach,6,original,B0,h3_vs_counterfactual,0.81548594984388711,7,0,1,12,55,1,1,1,1,1,False,False
reach,6,original,B0,persistent_vs_counterfactual,0.83907776753075036,7,0,1,12,55,1,1,1,1,1,False,False
reach,6,original,B0,persistent_vs_h3,0.9975733063700708,10,1,0,12,12,1,1,0,1,1,False,False
reach,6,original,B1,h3_vs_counterfactual,0.84955432838142642,7,0,1,12,55,1,1,1,1,1,False,False
reach,6,original,B1,persistent_vs_counterfactual,0.95211324570273004,7,0,1,176,55,1,1,1,1,1,False,False
reach,6,original,B1,persistent_vs_h3,0.95453460594006601,9,0,1,176,12,1,1,1,1,1,False,False
reach,6,original,B2,h3_vs_counterfactual,0.82496027733641486,7,0,1,12,55,1,1,1,1,1,False,False
reach,6,original,B2,persistent_vs_counterfactual,0.84210446782742032,7,0,1,12,55,1,1,1,1,1,False,False
reach,6,original,B2,persistent_vs_h3,0.99900843342703805,10,1,0,12,12,1,1,0,1,1,False,False
reach,6,original,B3,h3_vs_counterfactual,0.79760797342192691,7,0,1,12,55,1,1,1,1,1,False,False
reach,6,original,B3,persistent_vs_counterfactual,0.80634495938843764,7,0,1,12,55,1,1,1,1,1,False,False
reach,6,original,B3,persistent_vs_h3,0.99965377393082144,10,1,0,12,12,1,1,0,1,1,False,False
reach,6,original,B4,h3_vs_counterfactual,0.84575339725996956,7,0,1,12,55,1,1,1,1,1,False,False
reach,6,original,B4,persistent_vs_counterfactual,0.84775564172935258,7,0,1,12,55,1,1,1,1,1,False,False
reach,6,original,B4,persistent_vs_h3,0.99993866598517767,10,1,0,12,12,1,1,0,1,1,False,False
reach,6,original,B5,h3_vs_counterfactual,0.80418049089434329,7,0,1,12,55,1,1,1,1,1,False,False
reach,6,original,B5,persistent_vs_counterfactual,0.80406937854865057,7,0,1,12,55,1,1,1,1,1,False,False
reach,6,original,B5,persistent_vs_h3,0.99999733330370333,10,1,0,12,12,1,1,0,1,1,False,False
reach,6,fresh,reference,native_vs_counterfactual,0.77869531883687593,5,0,1,241,73,1,1,1,1,1,False,False
reach,6,fresh,all_blocks,h3_vs_counterfactual,0.91880265336281519,7,0,1,241,73,1,1,1,1,1,False,False
reach,6,fresh,all_blocks,persistent_vs_counterfactual,1,10,1,0,73,73,1,1,0,1,1,False,False
reach,6,fresh,all_blocks,persistent_vs_h3,0.91880265336281519,7,0,1,73,241,1,1,1,1,1,False,False
reach,6,fresh,B0,h3_vs_counterfactual,0.79571195235502612,5,0,1,241,73,1,1,1,1,1,False,False
reach,6,fresh,B0,persistent_vs_counterfactual,0.82238380426449187,6,0,1,241,73,1,1,1,1,1,False,False
reach,6,fresh,B0,persistent_vs_h3,0.9973306370070778,9,1,0,241,241,1,1,0,1,1,False,False
reach,6,fresh,B1,h3_vs_counterfactual,0.83675196391071016,5,0,1,241,73,1,1,1,1,1,False,False
reach,6,fresh,B1,persistent_vs_counterfactual,0.94780386448738319,8,1,0,73,73,1,1,0,1,1,False,False
reach,6,fresh,B1,persistent_vs_h3,0.9511087900976678,6,0,1,73,241,1,1,1,1,1,False,False
reach,6,fresh,B2,h3_vs_counterfactual,0.8095254391715464,5,0,1,23,73,1,1,1,1,1,False,False
reach,6,fresh,B2,persistent_vs_counterfactual,0.82842831587017629,5,0,1,23,73,1,1,1,1,1,False,False
reach,6,fresh,B2,persistent_vs_h3,0.99889509883443151,10,1,0,23,23,1,1,0,1,1,False,False
reach,6,fresh,B3,h3_vs_counterfactual,0.77900065556283959,5,0,1,241,73,1,1,1,1,1,False,False
reach,6,fresh,B3,persistent_vs_counterfactual,0.78579939777108632,5,0,1,241,73,1,1,1,1,1,False,False
reach,6,fresh,B3,persistent_vs_h3,0.99973066367404084,10,1,0,241,241,1,1,0,1,1,False,False
reach,6,fresh,B4,h3_vs_counterfactual,0.83318792431027011,5,0,1,241,73,1,1,1,1,1,False,False
reach,6,fresh,B4,persistent_vs_counterfactual,0.83578573095256614,5,0,1,241,73,1,1,1,1,1,False,False
reach,6,fresh,B4,persistent_vs_h3,0.99992799919999109,10,1,0,241,241,1,1,0,1,1,False,False
reach,6,fresh,B5,h3_vs_counterfactual,0.78327225858065086,5,0,1,241,73,1,1,1,1,1,False,False
reach,6,fresh,B5,persistent_vs_counterfactual,0.78293003255591731,5,0,1,241,73,1,1,1,1,1,False,False
reach,6,fresh,B5,persistent_vs_h3,0.9999919999111101,10,1,0,241,241,1,1,0,1,1,False,False
reach,7,original,reference,native_vs_counterfactual,0.71728263647373858,3,1,0,213,213,1,1,0,1,1,False,False
reach,7,original,all_blocks,h3_vs_counterfactual,0.8252185024278047,7,1,0,213,213,1,1,0,1,1,False,False
reach,7,original,all_blocks,persistent_vs_counterfactual,1,10,1,0,213,213,1,1,0,1,1,False,False
reach,7,original,all_blocks,persistent_vs_h3,0.8252185024278047,7,1,0,213,213,1,1,0,1,1,False,False
reach,7,original,B0,h3_vs_counterfactual,0.7286289847664974,4,1,0,213,213,1,1,0,1,1,False,False
reach,7,original,B0,persistent_vs_counterfactual,0.76123112479027544,4,1,0,213,213,1,1,0,1,1,False,False
reach,7,original,B0,persistent_vs_h3,0.99602751141679347,8,1,0,213,213,1,1,0,1,1,False,False
reach,7,original,B1,h3_vs_counterfactual,0.76183157590639894,4,1,0,213,213,1,1,0,1,1,False,False
reach,7,original,B1,persistent_vs_counterfactual,0.93306636740408222,8,0,1,9,213,1,1,1,1,1,False,False
reach,7,original,B1,persistent_vs_h3,0.9193982155357282,4,0,1,9,213,1,1,1,1,1,False,False
reach,7,original,B2,h3_vs_counterfactual,0.73213213480149775,4,1,0,213,213,1,1,0,1,1,False,False
reach,7,original,B2,persistent_vs_counterfactual,0.74778475316392401,4,1,0,213,213,1,1,0,1,1,False,False
reach,7,original,B2,persistent_vs_h3,0.99893598817764639,9,1,0,213,213,1,1,0,1,1,False,False
reach,7,original,B3,h3_vs_counterfactual,0.72037333748152754,4,1,0,213,213,1,1,0,1,1,False,False
reach,7,original,B3,persistent_vs_counterfactual,0.73277125301392243,4,1,0,213,213,1,1,0,1,1,False,False
reach,7,original,B3,persistent_vs_h3,0.99954666162957362,10,1,0,213,213,1,1,0,1,1,False,False
reach,7,original,B4,h3_vs_counterfactual,0.7446936077067523,4,1,0,213,213,1,1,0,1,1,False,False
reach,7,original,B4,persistent_vs_counterfactual,0.74721363570706345,4,1,0,213,213,1,1,0,1,1,False,False
reach,7,original,B4,persistent_vs_h3,0.99992266580739786,10,1,0,213,213,1,1,0,1,1,False,False
reach,7,original,B5,h3_vs_counterfactual,0.7200222224691385,4,1,0,213,213,1,1,0,1,1,False,False
reach,7,original,B5,persistent_vs_counterfactual,0.71998977766419625,4,1,0,213,213,1,1,0,1,1,False,False
reach,7,original,B5,persistent_vs_h3,0.99999333325925843,10,1,0,213,213,1,1,0,1,1,False,False
reach,7,fresh,reference,native_vs_counterfactual,0.79478616429071436,8,1,0,150,150,1,1,0,1,1,False,False
reach,7,fresh,all_blocks,h3_vs_counterfactual,0.87989422104690052,8,1,0,150,150,1,1,0,1,1,False,False
reach,7,fresh,all_blocks,persistent_vs_counterfactual,1,10,1,0,150,150,1,1,0,1,1,False,False
reach,7,fresh,all_blocks,persistent_vs_h3,0.87989422104690052,8,1,0,150,150,1,1,0,1,1,False,False
reach,7,fresh,B0,h3_vs_counterfactual,0.80768186313181256,8,1,0,150,150,1,1,0,1,1,False,False
reach,7,fresh,B0,persistent_vs_counterfactual,0.8396795519950222,8,1,0,150,150,1,1,0,1,1,False,False
reach,7,fresh,B0,persistent_vs_h3,0.99499105545617172,10,1,0,150,150,1,1,0,1,1,False,False
reach,7,fresh,B1,h3_vs_counterfactual,0.83569772997477754,8,1,0,150,150,1,1,0,1,1,False,False
reach,7,fresh,B1,persistent_vs_counterfactual,0.96025244724941383,9,1,0,150,150,1,1,0,1,1,False,False
reach,7,fresh,B1,persistent_vs_h3,0.93141434904832276,8,1,0,150,150,1,1,0,1,1,False,False
reach,7,fresh,B2,h3_vs_counterfactual,0.80480627562528473,8,1,0,150,150,1,1,0,1,1,False,False
reach,7,fresh,B2,persistent_vs_counterfactual,0.82027933643707152,8,1,0,150,150,1,1,0,1,1,False,False
reach,7,fresh,B2,persistent_vs_h3,0.99884443160479564,10,1,0,150,150,1,1,0,1,1,False,False
reach,7,fresh,B3,h3_vs_counterfactual,0.80020889120990235,8,1,0,150,150,1,1,0,1,1,False,False
reach,7,fresh,B3,persistent_vs_counterfactual,0.8108272314136824,8,1,0,150,150,1,1,0,1,1,False,False
reach,7,fresh,B3,persistent_vs_h3,0.99955199502216696,10,1,0,150,150,1,1,0,1,1,False,False
reach,7,fresh,B4,h3_vs_counterfactual,0.81400860009555664,8,1,0,150,150,1,1,0,1,1,False,False
reach,7,fresh,B4,persistent_vs_counterfactual,0.81480105334503716,8,1,0,150,150,1,1,0,1,1,False,False
reach,7,fresh,B4,persistent_vs_h3,0.99995555506172296,10,1,0,150,150,1,1,0,1,1,False,False
reach,7,fresh,B5,h3_vs_counterfactual,0.79747374970833007,8,1,0,150,150,1,1,0,1,1,False,False
reach,7,fresh,B5,persistent_vs_counterfactual,0.79743286036511518,8,1,0,150,150,1,1,0,1,1,False,False
reach,7,fresh,B5,persistent_vs_h3,0.99999466660740677,10,1,0,150,150,1,1,0,1,1,False,False
reach-wall,0,original,reference,native_vs_counterfactual,0.73429215880176446,4,1,0,4,4,1,1,0,1,1,False,False
reach-wall,0,original,all_blocks,h3_vs_counterfactual,0.89344148268314094,6,1,0,4,4,1,1,0,1,1,False,False
reach-wall,0,original,all_blocks,persistent_vs_counterfactual,1,10,1,0,4,4,1,1,0,1,1,False,False
reach-wall,0,original,all_blocks,persistent_vs_h3,0.89344148268314094,6,1,0,4,4,1,1,0,1,1,False,False
reach-wall,0,original,B0,h3_vs_counterfactual,0.74942877143079367,4,1,0,4,4,1,1,0,1,1,False,False
reach-wall,0,original,B0,persistent_vs_counterfactual,0.78138912654585047,4,1,0,4,4,1,1,0,1,1,False,False
reach-wall,0,original,B0,persistent_vs_h3,0.99634929276991968,8,1,0,4,4,1,1,0,1,1,False,False
reach-wall,0,original,B1,h3_vs_counterfactual,0.80499961110679008,4,1,0,4,4,1,1,0,1,1,False,False
reach-wall,0,original,B1,persistent_vs_counterfactual,0.93847487194302159,7,1,0,4,4,1,1,0,1,1,False,False
reach-wall,0,original,B1,persistent_vs_h3,0.93926910299003319,6,1,0,4,4,1,1,0,1,1,False,False
reach-wall,0,original,B2,h3_vs_counterfactual,0.75538439315992401,4,1,0,4,4,1,1,0,1,1,False,False
reach-wall,0,original,B2,persistent_vs_counterfactual,0.7776739741552684,4,1,0,4,4,1,1,0,1,1,False,False
reach-wall,0,original,B2,persistent_vs_h3,0.99847687196524404,9,1,0,4,4,1,1,0,1,1,False,False
reach-wall,0,original,B3,h3_vs_counterfactual,0.73492638807097854,4,1,0,4,4,1,1,0,1,1,False,False
reach-wall,0,original,B3,persistent_vs_counterfactual,0.7432380359781775,4,1,0,4,4,1,1,0,1,1,False,False
reach-wall,0,original,B3,persistent_vs_h3,0.99966266291847683,9,1,0,4,4,1,1,0,1,1,False,False
reach-wall,0,original,B4,h3_vs_counterfactual,0.79942443804931163,5,1,0,4,4,1,1,0,1,1,False,False
reach-wall,0,original,B4,persistent_vs_counterfactual,0.80292625473616375,5,1,0,4,4,1,1,0,1,1,False,False
reach-wall,0,original,B4,persistent_vs_h3,0.99990488783208697,10,1,0,4,4,1,1,0,1,1,False,False
reach-wall,0,original,B5,h3_vs_counterfactual,0.73842198246647184,4,1,0,4,4,1,1,0,1,1,False,False
reach-wall,0,original,B5,persistent_vs_counterfactual,0.73820642451582796,4,1,0,4,4,1,1,0,1,1,False,False
reach-wall,0,original,B5,persistent_vs_h3,0.99999555550617225,10,1,0,4,4,1,1,0,1,1,False,False
reach-wall,0,fresh,reference,native_vs_counterfactual,0.8040907121190235,6,0,1,161,69,1,1,1,1,1,False,False
reach-wall,0,fresh,all_blocks,h3_vs_counterfactual,0.91557995088834321,8,0,1,161,69,1,1,1,1,1,False,False
reach-wall,0,fresh,all_blocks,persistent_vs_counterfactual,1,10,1,0,69,69,1,1,0,1,1,False,False
reach-wall,0,fresh,all_blocks,persistent_vs_h3,0.91557995088834321,8,0,1,69,161,1,1,1,1,1,False,False
reach-wall,0,fresh,B0,h3_vs_counterfactual,0.81473394148823874,6,0,1,161,69,1,1,1,1,1,False,False
reach-wall,0,fresh,B0,persistent_vs_counterfactual,0.8391031011455683,7,0,1,161,69,1,1,1,1,1,False,False
reach-wall,0,fresh,B0,persistent_vs_h3,0.99660174001933355,9,1,0,161,161,1,1,0,1,1,False,False
reach-wall,0,fresh,B1,h3_vs_counterfactual,0.85728730319225765,8,0,1,161,69,1,1,1,1,1,False,False
reach-wall,0,fresh,B1,persistent_vs_counterfactual,0.95518927988088753,8,0,1,106,69,1,1,1,1,1,False,False
reach-wall,0,fresh,B1,persistent_vs_h3,0.95609551217235744,9,0,1,106,161,1,1,1,1,1,False,False
reach-wall,0,fresh,B2,h3_vs_counterfactual,0.82296292181024233,7,0,1,161,69,1,1,1,1,1,False,False
reach-wall,0,fresh,B2,persistent_vs_counterfactual,0.83896221069122989,7,0,1,161,69,1,1,1,1,1,False,False
reach-wall,0,fresh,B2,persistent_vs_h3,0.99889509883443151,10,1,0,161,161,1,1,0,1,1,False,False
reach-wall,0,fresh,B3,h3_vs_counterfactual,0.80580895343281589,5,0,1,106,69,1,1,1,1,1,False,False
reach-wall,0,fresh,B3,persistent_vs_counterfactual,0.81246547183857598,5,0,1,106,69,1,1,1,1,1,False,False
reach-wall,0,fresh,B3,persistent_vs_h3,0.99973288592095466,10,1,0,106,106,1,1,0,1,1,False,False
reach-wall,0,fresh,B4,h3_vs_counterfactual,0.84844498272203028,7,0,1,161,69,1,1,1,1,1,False,False
reach-wall,0,fresh,B4,persistent_vs_counterfactual,0.84981433127034745,7,0,1,161,69,1,1,1,1,1,False,False
reach-wall,0,fresh,B4,persistent_vs_h3,0.99995466616295736,10,1,0,161,161,1,1,0,1,1,False,False
reach-wall,0,fresh,B5,h3_vs_counterfactual,0.80706452293914377,6,0,1,161,69,1,1,1,1,1,False,False
reach-wall,0,fresh,B5,persistent_vs_counterfactual,0.80699785553172809,6,0,1,161,69,1,1,1,1,1,False,False
reach-wall,0,fresh,B5,persistent_vs_h3,0.99999511105678951,10,1,0,161,161,1,1,0,1,1,False,False
reach-wall,1,original,reference,native_vs_counterfactual,0.76877165301836692,3,0,1,102,218,1,1,1,1,1,False,False
reach-wall,1,original,all_blocks,h3_vs_counterfactual,0.86726030289225431,3,0,1,193,218,1,1,1,1,1,False,False
reach-wall,1,original,all_blocks,persistent_vs_counterfactual,1,10,1,0,218,218,1,1,0,1,1,False,False
reach-wall,1,original,all_blocks,persistent_vs_h3,0.86726030289225431,3,0,1,218,193,1,1,1,1,1,False,False
reach-wall,1,original,B0,h3_vs_counterfactual,0.77979533105923404,2,0,1,102,218,1,1,1,1,1,False,False
reach-wall,1,original,B0,persistent_vs_counterfactual,0.81362370693007702,3,0,1,102,218,1,1,1,1,1,False,False
reach-wall,1,original,B0,persistent_vs_h3,0.99468082978699768,8,1,0,102,102,1,1,0,1,1,False,False
reach-wall,1,original,B1,h3_vs_counterfactual,0.81401126679185321,3,0,1,102,218,1,1,1,1,1,False,False
reach-wall,1,original,B1,persistent_vs_counterfactual,0.94699052211691237,8,0,1,102,218,1,1,1,1,1,False,False
reach-wall,1,original,B1,persistent_vs_h3,0.93503661151790574,4,1,0,102,102,1,1,0,1,1,False,False
reach-wall,1,original,B2,h3_vs_counterfactual,0.78680163112923474,3,0,1,235,218,1,1,1,1,1,False,False
reach-wall,1,original,B2,persistent_vs_counterfactual,0.80533783708707873,3,0,1,102,218,1,1,1,1,1,False,False
reach-wall,1,original,B2,persistent_vs_h3,0.99857553972821922,10,0,1,102,235,1,1,1,1,1,False,False
reach-wall,1,original,B3,h3_vs_counterfactual,0.7706316736852632,3,0,1,102,218,1,1,1,1,1,False,False
reach-wall,1,original,B3,persistent_vs_counterfactual,0.78165801842242688,3,0,1,102,218,1,1,1,1,1,False,False
reach-wall,1,original,B3,persistent_vs_h3,0.99960799564439606,10,1,0,102,102,1,1,0,1,1,False,False
reach-wall,1,original,B4,h3_vs_counterfactual,0.79076834187046519,3,0,1,102,218,1,1,1,1,1,False,False
reach-wall,1,original,B4,persistent_vs_counterfactual,0.79178257536194852,3,0,1,102,218,1,1,1,1,1,False,False
reach-wall,1,original,B4,persistent_vs_h3,0.99995066611851247,9,1,0,102,102,1,1,0,1,1,False,False
reach-wall,1,original,B5,h3_vs_counterfactual,0.7717765752952811,3,0,1,102,218,1,1,1,1,1,False,False
reach-wall,1,original,B5,persistent_vs_counterfactual,0.77179257547306079,3,0,1,102,218,1,1,1,1,1,False,False
reach-wall,1,original,B5,persistent_vs_h3,0.99999333325925843,10,1,0,102,102,1,1,0,1,1,False,False
reach-wall,1,fresh,reference,native_vs_counterfactual,0.76156312847920538,5,0,1,79,263,1,1,1,1,1,False,False
reach-wall,1,fresh,all_blocks,h3_vs_counterfactual,0.89074888507082683,6,0,1,145,263,1,1,1,1,1,False,False
reach-wall,1,fresh,all_blocks,persistent_vs_counterfactual,1,10,1,0,263,263,1,1,0,1,1,False,False
reach-wall,1,fresh,all_blocks,persistent_vs_h3,0.89074888507082683,6,0,1,263,145,1,1,1,1,1,False,False
reach-wall,1,fresh,B0,h3_vs_counterfactual,0.7789188768764097,5,0,1,79,263,1,1,1,1,1,False,False
reach-wall,1,fresh,B0,persistent_vs_counterfactual,0.82032689252102797,6,0,1,79,263,1,1,1,1,1,False,False
reach-wall,1,fresh,B0,persistent_vs_h3,0.99360748452760583,9,1,0,79,79,1,1,0,1,1,False,False
reach-wall,1,fresh,B1,h3_vs_counterfactual,0.82498516650185005,5,0,1,79,263,1,1,1,1,1,False,False
reach-wall,1,fresh,B1,persistent_vs_counterfactual,0.95914176824186936,7,0,1,32,263,1,1,1,1,1,False,False
reach-wall,1,fresh,B1,persistent_vs_h3,0.92473827486972082,8,0,1,32,79,1,1,1,1,1,False,False
reach-wall,1,fresh,B2,h3_vs_counterfactual,0.78424782497583312,5,0,1,79,263,1,1,1,1,1,False,False
reach-wall,1,fresh,B2,persistent_vs_counterfactual,0.80560672896365515,5,0,1,79,263,1,1,1,1,1,False,False
reach-wall,1,fresh,B2,persistent_vs_h3,0.99865598506650077,9,1,0,79,79,1,1,0,1,1,False,False
reach-wall,1,fresh,B3,h3_vs_counterfactual,0.76868187424304713,5,0,1,79,263,1,1,1,1,1,False,False
reach-wall,1,fresh,B3,persistent_vs_counterfactual,0.78205402282247583,5,0,1,79,263,1,1,1,1,1,False,False
reach-wall,1,fresh,B3,persistent_vs_h3,0.99955821731352568,9,1,0,79,79,1,1,0,1,1,False,False
reach-wall,1,fresh,B4,h3_vs_counterfactual,0.79525505838953769,5,0,1,79,263,1,1,1,1,1,False,False
reach-wall,1,fresh,B4,persistent_vs_counterfactual,0.79714352381693132,5,0,1,79,263,1,1,1,1,1,False,False
reach-wall,1,fresh,B4,persistent_vs_h3,0.99991866576295296,10,1,0,79,79,1,1,0,1,1,False,False
reach-wall,1,fresh,B5,h3_vs_counterfactual,0.76658451760575119,5,0,1,79,263,1,1,1,1,1,False,False
reach-wall,1,fresh,B5,persistent_vs_counterfactual,0.76659785108723433,5,0,1,79,263,1,1,1,1,1,False,False
reach-wall,1,fresh,B5,persistent_vs_h3,0.99999333325925843,10,1,0,79,79,1,1,0,1,1,False,False
reach-wall,2,original,reference,native_vs_counterfactual,0.80028622540250449,5,1,0,109,109,1,1,0,1,1,False,False
reach-wall,2,original,all_blocks,h3_vs_counterfactual,0.90473716374626389,6,1,0,109,109,1,1,0,1,1,False,False
reach-wall,2,original,all_blocks,persistent_vs_counterfactual,1,10,1,0,109,109,1,1,0,1,1,False,False
reach-wall,2,original,all_blocks,persistent_vs_h3,0.90473716374626389,6,1,0,109,109,1,1,0,1,1,False,False
reach-wall,2,original,B0,h3_vs_counterfactual,0.81225835842620475,6,1,0,109,109,1,1,0,1,1,False,False
reach-wall,2,original,B0,persistent_vs_counterfactual,0.84726896965521836,7,1,0,109,109,1,1,0,1,1,False,False
reach-wall,2,original,B0,persistent_vs_h3,0.99485505394504381,9,1,0,109,109,1,1,0,1,1,False,False
reach-wall,2,original,B1,h3_vs_counterfactual,0.85413215702396694,5,1,0,109,109,1,1,0,1,1,False,False
reach-wall,2,original,B1,persistent_vs_counterfactual,0.96324492494361047,7,1,0,109,109,1,1,0,1,1,False,False
reach-wall,2,original,B1,persistent_vs_h3,0.94849098323314707,7,1,0,109,109,1,1,0,1,1,False,False
reach-wall,2,original,B2,h3_vs_counterfactual,0.81787797642196025,5,1,0,109,109,1,1,0,1,1,False,False
reach-wall,2,original,B2,persistent_vs_counterfactual,0.83512261247347197,5,1,0,109,109,1,1,0,1,1,False,False
reach-wall,2,original,B2,persistent_vs_h3,0.99889643218257984,9,1,0,109,109,1,1,0,1,1,False,False
reach-wall,2,original,B3,h3_vs_counterfactual,0.80210535672618588,5,1,0,109,109,1,1,0,1,1,False,False
reach-wall,2,original,B3,persistent_vs_counterfactual,0.81070945232724811,5,1,0,109,109,1,1,0,1,1,False,False
reach-wall,2,original,B3,persistent_vs_h3,0.9997222191357682,10,1,0,109,109,1,1,0,1,1,False,False
reach-wall,2,original,B4,h3_vs_counterfactual,0.82720785786508744,5,1,0,109,109,1,1,0,1,1,False,False
reach-wall,2,original,B4,persistent_vs_counterfactual,0.82833675929732553,5,1,0,109,109,1,1,0,1,1,False,False
reach-wall,2,original,B4,persistent_vs_h3,0.99994799942221579,10,1,0,109,109,1,1,0,1,1,False,False
reach-wall,2,original,B5,h3_vs_counterfactual,0.80410671229680331,5,1,0,109,109,1,1,0,1,1,False,False
reach-wall,2,original,B5,persistent_vs_counterfactual,0.80382982033133699,5,1,0,109,109,1,1,0,1,1,False,False
reach-wall,2,original,B5,persistent_vs_h3,0.99999644440493785,10,1,0,109,109,1,1,0,1,1,False,False
reach-wall,2,fresh,reference,native_vs_counterfactual,0.723308036755964,4,0,1,41,181,1,1,1,1,1,False,False
reach-wall,2,fresh,all_blocks,h3_vs_counterfactual,0.85717619084656493,5,1,0,181,181,1,1,0,1,1,False,False
reach-wall,2,fresh,all_blocks,persistent_vs_counterfactual,1,10,1,0,181,181,1,1,0,1,1,False,False
reach-wall,2,fresh,all_blocks,persistent_vs_h3,0.85717619084656493,5,1,0,181,181,1,1,0,1,1,False,False
reach-wall,2,fresh,B0,h3_vs_counterfactual,0.7386184290936566,4,0,1,41,181,1,1,1,1,1,False,False
reach-wall,2,fresh,B0,persistent_vs_counterfactual,0.78185535394837724,4,0,1,41,181,1,1,1,1,1,False,False
reach-wall,2,fresh,B0,persistent_vs_h3,0.99353548372759692,9,1,0,41,41,1,1,0,1,1,False,False
reach-wall,2,fresh,B1,h3_vs_counterfactual,0.78822920254669493,4,1,0,181,181,1,1,0,1,1,False,False
reach-wall,2,fresh,B1,persistent_vs_counterfactual,0.94691407682307582,8,1,0,181,181,1,1,0,1,1,False,False
reach-wall,2,fresh,B1,persistent_vs_h3,0.92680585339837107,5,1,0,181,181,1,1,0,1,1,False,False
reach-wall,2,fresh,B2,h3_vs_counterfactual,0.7501154457271747,4,0,1,41,181,1,1,1,1,1,False,False
reach-wall,2,fresh,B2,persistent_vs_counterfactual,0.77164235158168426,4,0,1,41,181,1,1,1,1,1,False,False
reach-wall,2,fresh,B2,persistent_vs_h3,0.99871154123934713,10,1,0,41,41,1,1,0,1,1,False,False
reach-wall,2,fresh,B3,h3_vs_counterfactual,0.72678940877120857,4,0,1,41,181,1,1,1,1,1,False,False
reach-wall,2,fresh,B3,persistent_vs_counterfactual,0.73877576417515756,4,0,1,41,181,1,1,1,1,1,False,False
reach-wall,2,fresh,B3,persistent_vs_h3,0.99963066256291733,10,1,0,41,41,1,1,0,1,1,False,False
reach-wall,2,fresh,B4,h3_vs_counterfactual,0.75807420082445365,5,0,1,41,181,1,1,1,1,1,False,False
reach-wall,2,fresh,B4,persistent_vs_counterfactual,0.76051467238524872,5,0,1,41,181,1,1,1,1,1,False,False
reach-wall,2,fresh,B4,persistent_vs_h3,0.99993822153579481,10,1,0,41,41,1,1,0,1,1,False,False
reach-wall,2,fresh,B5,h3_vs_counterfactual,0.72903387815420173,4,0,1,41,181,1,1,1,1,1,False,False
reach-wall,2,fresh,B5,persistent_vs_counterfactual,0.72892721030233665,4,0,1,41,181,1,1,1,1,1,False,False
reach-wall,2,fresh,B5,persistent_vs_h3,0.99999422215802403,10,1,0,41,41,1,1,0,1,1,False,False
reach-wall,3,original,reference,native_vs_counterfactual,0.73381926465849623,5,0,1,134,133,1,1,1,1,1,False,False
reach-wall,3,original,all_blocks,h3_vs_counterfactual,0.86112467916310176,6,0,1,134,133,1,1,1,1,1,False,False
reach-wall,3,original,all_blocks,persistent_vs_counterfactual,1,10,1,0,133,133,1,1,0,1,1,False,False
reach-wall,3,original,all_blocks,persistent_vs_h3,0.86112467916310176,6,0,1,133,134,1,1,1,1,1,False,False
reach-wall,3,original,B0,h3_vs_counterfactual,0.74516294625495838,5,0,1,134,133,1,1,1,1,1,False,False
reach-wall,3,original,B0,persistent_vs_counterfactual,0.78287269858553987,5,0,1,134,133,1,1,1,1,1,False,False
reach-wall,3,original,B0,persistent_vs_h3,0.99519105767841864,9,1,0,134,134,1,1,0,1,1,False,False
reach-wall,3,original,B1,h3_vs_counterfactual,0.79576839742663807,5,0,1,134,133,1,1,1,1,1,False,False
reach-wall,3,original,B1,persistent_vs_counterfactual,0.94285847620529117,7,0,1,134,133,1,1,1,1,1,False,False
reach-wall,3,original,B1,persistent_vs_h3,0.92563695152168357,7,1,0,134,134,1,1,0,1,1,False,False
reach-wall,3,original,B2,h3_vs_counterfactual,0.75491505461171793,5,0,1,134,133,1,1,1,1,1,False,False
reach-wall,3,original,B2,persistent_vs_counterfactual,0.77866731852576143,5,0,1,134,133,1,1,1,1,1,False,False
reach-wall,3,original,B2,persistent_vs_h3,0.99853287258747314,10,1,0,134,134,1,1,0,1,1,False,False
reach-wall,3,original,B3,h3_vs_counterfactual,0.73404193379926441,4,0,1,134,133,1,1,1,1,1,False,False
reach-wall,3,original,B3,persistent_vs_counterfactual,0.74456293958821762,4,0,1,134,133,1,1,1,1,1,False,False
reach-wall,3,original,B3,persistent_vs_h3,0.9995973288592096,10,1,0,134,134,1,1,0,1,1,False,False
reach-wall,3,original,B4,h3_vs_counterfactual,0.78054511716796848,5,0,1,134,133,1,1,1,1,1,False,False
reach-wall,3,original,B4,persistent_vs_counterfactual,0.78240158223980272,5,0,1,134,133,1,1,1,1,1,False,False
reach-wall,3,original,B4,persistent_vs_h3,0.99991688796542189,10,1,0,134,134,1,1,0,1,1,False,False
reach-wall,3,original,B5,h3_vs_counterfactual,0.73747974977499753,5,0,1,134,133,1,1,1,1,1,False,False
reach-wall,3,original,B5,persistent_vs_counterfactual,0.73755308392315466,5,0,1,134,133,1,1,1,1,1,False,False
reach-wall,3,original,B5,persistent_vs_h3,0.99999555550617225,10,1,0,134,134,1,1,0,1,1,False,False
reach-wall,3,fresh,reference,native_vs_counterfactual,0.72969166324070267,2,0,1,21,38,1,1,1,1,1,False,False
reach-wall,3,fresh,all_blocks,h3_vs_counterfactual,0.86891009900110006,6,1,0,38,38,1,1,0,1,1,False,False
reach-wall,3,fresh,all_blocks,persistent_vs_counterfactual,1,10,1,0,38,38,1,1,0,1,1,False,False
reach-wall,3,fresh,all_blocks,persistent_vs_h3,0.86891009900110006,6,1,0,38,38,1,1,0,1,1,False,False
reach-wall,3,fresh,B0,h3_vs_counterfactual,0.74308647873865263,3,0,1,21,38,1,1,1,1,1,False,False
reach-wall,3,fresh,B0,persistent_vs_counterfactual,0.78453271703018923,3,0,1,21,38,1,1,1,1,1,False,False
reach-wall,3,fresh,B0,persistent_vs_h3,0.99512527916976856,9,1,0,21,21,1,1,0,1,1,False,False
reach-wall,3,fresh,B1,h3_vs_counterfactual,0.7972341914910166,3,0,1,21,38,1,1,1,1,1,False,False
reach-wall,3,fresh,B1,persistent_vs_counterfactual,0.94921988022089132,6,1,0,38,38,1,1,0,1,1,False,False
reach-wall,3,fresh,B1,persistent_vs_h3,0.91957466194068826,5,0,1,38,21,1,1,1,1,1,False,False
reach-wall,3,fresh,B2,h3_vs_counterfactual,0.7500114445716064,3,0,1,21,38,1,1,1,1,1,False,False
reach-wall,3,fresh,B2,persistent_vs_counterfactual,0.77999355548394977,3,0,1,21,38,1,1,1,1,1,False,False
reach-wall,3,fresh,B2,persistent_vs_h3,0.99780930899232212,9,1,0,21,21,1,1,0,1,1,False,False
reach-wall,3,fresh,B3,h3_vs_counterfactual,0.73429882554250603,2,0,1,21,38,1,1,1,1,1,False,False
reach-wall,3,fresh,B3,persistent_vs_counterfactual,0.7477296414404605,2,0,1,21,38,1,1,1,1,1,False,False
reach-wall,3,fresh,B3,persistent_vs_h3,0.99952755030611451,10,1,0,21,21,1,1,0,1,1,False,False
reach-wall,3,fresh,B4,h3_vs_counterfactual,0.78161135123723602,4,0,1,21,38,1,1,1,1,1,False,False
reach-wall,3,fresh,B4,persistent_vs_counterfactual,0.78333279073465645,4,0,1,21,38,1,1,1,1,1,False,False
reach-wall,3,fresh,B4,persistent_vs_h3,0.99994255491090023,10,1,0,21,21,1,1,0,1,1,False,False
reach-wall,3,fresh,B5,h3_vs_counterfactual,0.73348192757697306,2,0,1,21,38,1,1,1,1,1,False,False
reach-wall,3,fresh,B5,persistent_vs_counterfactual,0.73341703796708857,2,0,1,21,38,1,1,1,1,1,False,False
reach-wall,3,fresh,B5,persistent_vs_h3,0.99999288880987569,10,1,0,21,21,1,1,0,1,1,False,False
reach-wall,4,original,reference,native_vs_counterfactual,0.79766930743674924,5,1,0,63,63,1,1,0,1,1,False,False
reach-wall,4,original,all_blocks,h3_vs_counterfactual,0.9147906087845421,8,0,1,270,63,1,1,1,1,1,False,False
reach-wall,4,original,all_blocks,persistent_vs_counterfactual,1,10,1,0,63,63,1,1,0,1,1,False,False
reach-wall,4,original,all_blocks,persistent_vs_h3,0.9147906087845421,8,0,1,63,270,1,1,1,1,1,False,False
reach-wall,4,original,B0,h3_vs_counterfactual,0.80675029722552472,5,1,0,63,63,1,1,0,1,1,False,False
reach-wall,4,original,B0,persistent_vs_counterfactual,0.82671407460082891,5,1,0,63,63,1,1,0,1,1,False,False
reach-wall,4,original,B0,persistent_vs_h3,0.99741730463671818,10,1,0,63,63,1,1,0,1,1,False,False
reach-wall,4,original,B1,h3_vs_counterfactual,0.84711385682063134,5,1,0,63,63,1,1,0,1,1,False,False
reach-wall,4,original,B1,persistent_vs_counterfactual,0.95532705918954652,8,1,0,63,63,1,1,0,1,1,False,False
reach-wall,4,original,B1,persistent_vs_h3,0.94834831498127758,7,1,0,63,63,1,1,0,1,1,False,False
reach-wall,4,original,B2,h3_vs_counterfactual,0.81875843064922948,5,1,0,63,63,1,1,0,1,1,False,False
reach-wall,4,original,B2,persistent_vs_counterfactual,0.83552572806364511,5,1,0,63,63,1,1,0,1,1,False,False
reach-wall,4,original,B2,persistent_vs_h3,0.99882398693318819,9,1,0,63,63,1,1,0,1,1,False,False
reach-wall,4,original,B3,h3_vs_counterfactual,0.79825242502694471,5,1,0,63,63,1,1,0,1,1,False,False
reach-wall,4,original,B3,persistent_vs_counterfactual,0.80485960955121727,5,1,0,63,63,1,1,0,1,1,False,False
reach-wall,4,original,B3,persistent_vs_h3,0.99971688574317497,10,1,0,63,63,1,1,0,1,1,False,False
reach-wall,4,original,B4,h3_vs_counterfactual,0.83929510327892531,5,1,0,63,63,1,1,0,1,1,False,False
reach-wall,4,original,B4,persistent_vs_counterfactual,0.84115290169890777,5,1,0,63,63,1,1,0,1,1,False,False
reach-wall,4,original,B4,persistent_vs_h3,0.99994177713085697,10,1,0,63,63,1,1,0,1,1,False,False
reach-wall,4,original,B5,h3_vs_counterfactual,0.80025555839509332,5,1,0,63,63,1,1,0,1,1,False,False
reach-wall,4,original,B5,persistent_vs_counterfactual,0.80011422349137218,5,1,0,63,63,1,1,0,1,1,False,False
reach-wall,4,original,B5,persistent_vs_h3,0.99999377770864117,10,1,0,63,63,1,1,0,1,1,False,False
reach-wall,4,fresh,reference,native_vs_counterfactual,0.71637818197979974,6,1,0,233,233,1,1,0,1,1,False,False
reach-wall,4,fresh,all_blocks,h3_vs_counterfactual,0.87669507438971539,9,1,0,233,233,1,1,0,1,1,False,False
reach-wall,4,fresh,all_blocks,persistent_vs_counterfactual,1,10,1,0,233,233,1,1,0,1,1,False,False
reach-wall,4,fresh,all_blocks,persistent_vs_h3,0.87669507438971539,9,1,0,233,233,1,1,0,1,1,False,False
reach-wall,4,fresh,B0,h3_vs_counterfactual,0.72611917910198998,7,1,0,233,233,1,1,0,1,1,False,False
reach-wall,4,fresh,B0,persistent_vs_counterfactual,0.74602606695629947,8,1,0,233,233,1,1,0,1,1,False,False
reach-wall,4,fresh,B0,persistent_vs_h3,0.99707507861198452,9,1,0,233,233,1,1,0,1,1,False,False
reach-wall,4,fresh,B1,h3_vs_counterfactual,0.78045756063956262,9,1,0,233,233,1,1,0,1,1,False,False
reach-wall,4,fresh,B1,persistent_vs_counterfactual,0.93304903387815419,9,1,0,233,233,1,1,0,1,1,False,False
reach-wall,4,fresh,B1,persistent_vs_h3,0.9249449438327092,9,1,0,233,233,1,1,0,1,1,False,False
reach-wall,4,fresh,B2,h3_vs_counterfactual,0.74355715063500705,8,1,0,233,233,1,1,0,1,1,False,False
reach-wall,4,fresh,B2,persistent_vs_counterfactual,0.76667474083045373,9,1,0,233,233,1,1,0,1,1,False,False
reach-wall,4,fresh,B2,persistent_vs_h3,0.99849953888376541,9,1,0,233,233,1,1,0,1,1,False,False
reach-wall,4,fresh,B3,h3_vs_counterfactual,0.71784619829109209,6,1,0,233,233,1,1,0,1,1,False,False
reach-wall,4,fresh,B3,persistent_vs_counterfactual,0.72512494583273146,7,1,0,233,233,1,1,0,1,1,False,False
reach-wall,4,fresh,B3,persistent_vs_h3,0.99975777508638985,9,1,0,233,233,1,1,0,1,1,False,False
reach-wall,4,fresh,B4,h3_vs_counterfactual,0.77528816986855409,8,1,0,233,233,1,1,0,1,1,False,False
reach-wall,4,fresh,B4,persistent_vs_counterfactual,0.77830953677263082,8,1,0,233,233,1,1,0,1,1,False,False
reach-wall,4,fresh,B4,persistent_vs_h3,0.99991466571850796,10,1,0,233,233,1,1,0,1,1,False,False
reach-wall,4,fresh,B5,h3_vs_counterfactual,0.71821375793064368,7,1,0,233,233,1,1,0,1,1,False,False
reach-wall,4,fresh,B5,persistent_vs_counterfactual,0.71829331437015964,7,1,0,233,233,1,1,0,1,1,False,False
reach-wall,4,fresh,B5,persistent_vs_h3,0.99999022211357902,10,1,0,233,233,1,1,0,1,1,False,False
reach-wall,5,original,reference,native_vs_counterfactual,0.79545461616240176,3,0,1,171,199,1,1,1,1,1,False,False
reach-wall,5,original,all_blocks,h3_vs_counterfactual,0.91668662985144278,4,0,1,171,199,1,1,1,1,1,False,False
reach-wall,5,original,all_blocks,persistent_vs_counterfactual,1,10,1,0,199,199,1,1,0,1,1,False,False
reach-wall,5,original,all_blocks,persistent_vs_h3,0.91668662985144278,4,0,1,199,171,1,1,1,1,1,False,False
reach-wall,5,original,B0,h3_vs_counterfactual,0.80877654196157733,3,0,1,171,199,1,1,1,1,1,False,False
reach-wall,5,original,B0,persistent_vs_counterfactual,0.83255236169290769,4,0,1,171,199,1,1,1,1,1,False,False
reach-wall,5,original,B0,persistent_vs_h3,0.99695863287369857,8,1,0,171,171,1,1,0,1,1,False,False
reach-wall,5,original,B1,h3_vs_counterfactual,0.85382326470294112,4,0,1,171,199,1,1,1,1,1,False,False
reach-wall,5,original,B1,persistent_vs_counterfactual,0.95704263380704235,8,1,0,199,199,1,1,0,1,1,False,False
reach-wall,5,original,B1,persistent_vs_h3,0.95182879809775667,6,0,1,199,171,1,1,1,1,1,False,False
reach-wall,5,original,B2,h3_vs_counterfactual,0.81261036233735928,4,0,1,171,199,1,1,1,1,1,False,False
reach-wall,5,original,B2,persistent_vs_counterfactual,0.83190213224591381,4,0,1,171,199,1,1,1,1,1,False,False
reach-wall,5,original,B2,persistent_vs_h3,0.99872931921465791,10,1,0,171,171,1,1,0,1,1,False,False
reach-wall,5,original,B3,h3_vs_counterfactual,0.79790842120468009,3,0,1,171,199,1,1,1,1,1,False,False
reach-wall,5,original,B3,persistent_vs_counterfactual,0.80608362315136839,3,0,1,171,199,1,1,1,1,1,False,False
reach-wall,5,original,B3,persistent_vs_h3,0.999633329259214,9,1,0,171,171,1,1,0,1,1,False,False
reach-wall,5,original,B4,h3_vs_counterfactual,0.8436498183313148,4,0,1,171,199,1,1,1,1,1,False,False
reach-wall,5,original,B4,persistent_vs_counterfactual,0.84515605728952548,4,0,1,171,199,1,1,1,1,1,False,False
reach-wall,5,original,B4,persistent_vs_h3,0.99991688796542189,10,1,0,171,171,1,1,0,1,1,False,False
reach-wall,5,original,B5,h3_vs_counterfactual,0.79842220469116321,3,0,1,171,199,1,1,1,1,1,False,False
reach-wall,5,original,B5,persistent_vs_counterfactual,0.79842264914054606,3,0,1,171,199,1,1,1,1,1,False,False
reach-wall,5,original,B5,persistent_vs_h3,0.99999466660740677,10,1,0,171,171,1,1,0,1,1,False,False
reach-wall,5,fresh,reference,native_vs_counterfactual,0.77203524483605368,4,0,1,144,105,1,1,1,1,1,False,False
reach-wall,5,fresh,all_blocks,h3_vs_counterfactual,0.90051445016055731,7,0,1,144,105,1,1,1,1,1,False,False
reach-wall,5,fresh,all_blocks,persistent_vs_counterfactual,1,10,1,0,105,105,1,1,0,1,1,False,False
reach-wall,5,fresh,all_blocks,persistent_vs_h3,0.90051445016055731,7,0,1,105,144,1,1,1,1,1,False,False
reach-wall,5,fresh,B0,h3_vs_counterfactual,0.78504072267469638,4,0,1,144,105,1,1,1,1,1,False,False
reach-wall,5,fresh,B0,persistent_vs_counterfactual,0.81288503205591178,5,0,1,144,105,1,1,1,1,1,False,False
reach-wall,5,fresh,B0,persistent_vs_h3,0.99583950932788146,9,1,0,144,144,1,1,0,1,1,False,False
reach-wall,5,fresh,B1,h3_vs_counterfactual,0.83361015122390247,6,0,1,144,105,1,1,1,1,1,False,False
reach-wall,5,fresh,B1,persistent_vs_counterfactual,0.94733763708485652,8,1,0,105,105,1,1,0,1,1,False,False
reach-wall,5,fresh,B1,persistent_vs_h3,0.94662251802797814,7,0,1,105,144,1,1,1,1,1,False,False
reach-wall,5,fresh,B2,h3_vs_counterfactual,0.79674263047367189,4,0,1,144,105,1,1,1,1,1,False,False
reach-wall,5,fresh,B2,persistent_vs_counterfactual,0.81587750975010831,5,0,1,144,105,1,1,1,1,1,False,False
reach-wall,5,fresh,B2,persistent_vs_h3,0.99883065367392976,9,1,0,144,144,1,1,0,1,1,False,False
reach-wall,5,fresh,B3,h3_vs_counterfactual,0.77426060289558774,4,0,1,144,105,1,1,1,1,1,False,False
reach-wall,5,fresh,B3,persistent_vs_counterfactual,0.78303536705963395,4,0,1,144,105,1,1,1,1,1,False,False
reach-wall,5,fresh,B3,persistent_vs_h3,0.99969288547650526,9,1,0,144,144,1,1,0,1,1,False,False
reach-wall,5,fresh,B4,h3_vs_counterfactual,0.82623406926743626,6,0,1,144,105,1,1,1,1,1,False,False
reach-wall,5,fresh,B4,persistent_vs_counterfactual,0.82784075378615318,6,0,1,144,105,1,1,1,1,1,False,False
reach-wall,5,fresh,B4,persistent_vs_h3,0.99992088800986678,10,1,0,144,144,1,1,0,1,1,False,False
reach-wall,5,fresh,B5,h3_vs_counterfactual,0.7755370615229058,4,0,1,144,105,1,1,1,1,1,False,False
reach-wall,5,fresh,B5,persistent_vs_counterfactual,0.77526416960188449,4,0,1,144,105,1,1,1,1,1,False,False
reach-wall,5,fresh,B5,persistent_vs_h3,0.99999644440493785,10,1,0,144,144,1,1,0,1,1,False,False
reach-wall,6,original,reference,native_vs_counterfactual,0.74252602806697854,5,0,1,87,112,1,1,1,1,1,False,False
reach-wall,6,original,all_blocks,h3_vs_counterfactual,0.8965490727674752,8,0,1,87,112,1,1,1,1,1,False,False
reach-wall,6,original,all_blocks,persistent_vs_counterfactual,1,10,1,0,112,112,1,1,0,1,1,False,False
reach-wall,6,original,all_blocks,persistent_vs_h3,0.8965490727674752,8,0,1,112,87,1,1,1,1,1,False,False
reach-wall,6,original,B0,h3_vs_counterfactual,0.75496261069567439,6,0,1,87,112,1,1,1,1,1,False,False
reach-wall,6,original,B0,persistent_vs_counterfactual,0.78493761041789356,6,0,1,87,112,1,1,1,1,1,False,False
reach-wall,6,original,B0,persistent_vs_h3,0.99665640729341443,10,1,0,87,87,1,1,0,1,1,False,False
reach-wall,6,original,B1,h3_vs_counterfactual,0.8143828264758497,6,0,1,87,112,1,1,1,1,1,False,False
reach-wall,6,original,B1,persistent_vs_counterfactual,0.94861454016155733,9,0,1,170,112,1,1,1,1,1,False,False
reach-wall,6,original,B1,persistent_vs_h3,0.94006111179013097,7,0,1,170,87,1,1,1,1,1,False,False
reach-wall,6,original,B2,h3_vs_counterfactual,0.76887565417393522,6,0,1,87,112,1,1,1,1,1,False,False
reach-wall,6,original,B2,persistent_vs_counterfactual,0.79419949110545673,6,0,1,87,112,1,1,1,1,1,False,False
reach-wall,6,original,B2,persistent_vs_h3,0.9983995377726419,10,1,0,87,87,1,1,0,1,1,False,False
reach-wall,6,original,B3,h3_vs_counterfactual,0.73954288380982014,5,0,1,87,112,1,1,1,1,1,False,False
reach-wall,6,original,B3,persistent_vs_counterfactual,0.74998522205802287,6,0,1,87,112,1,1,1,1,1,False,False
reach-wall,6,original,B3,persistent_vs_h3,0.99963910710118997,9,1,0,87,87,1,1,0,1,1,False,False
reach-wall,6,original,B4,h3_vs_counterfactual,0.80694141046011625,6,0,1,87,112,1,1,1,1,1,False,False
reach-wall,6,original,B4,persistent_vs_counterfactual,0.8097872198579984,6,0,1,87,112,1,1,1,1,1,False,False
reach-wall,6,original,B4,persistent_vs_h3,0.99990533228146983,10,1,0,87,87,1,1,0,1,1,False,False
reach-wall,6,original,B5,h3_vs_counterfactual,0.74623673596373297,5,0,1,87,112,1,1,1,1,1,False,False
reach-wall,6,original,B5,persistent_vs_counterfactual,0.74617273525261396,5,0,1,87,112,1,1,1,1,1,False,False
reach-wall,6,original,B5,persistent_vs_h3,0.9999959999555551,10,1,0,87,87,1,1,0,1,1,False,False
reach-wall,6,fresh,reference,native_vs_counterfactual,0.75238747097189973,6,0,1,206,211,1,1,1,1,1,False,False
reach-wall,6,fresh,all_blocks,h3_vs_counterfactual,0.90713585706507849,8,0,1,206,211,1,1,1,1,1,False,False
reach-wall,6,fresh,all_blocks,persistent_vs_counterfactual,1,10,1,0,211,211,1,1,0,1,1,False,False
reach-wall,6,fresh,all_blocks,persistent_vs_h3,0.90713585706507849,8,0,1,211,206,1,1,1,1,1,False,False
reach-wall,6,fresh,B0,h3_vs_counterfactual,0.76680407560083996,6,0,1,206,211,1,1,1,1,1,False,False
reach-wall,6,fresh,B0,persistent_vs_counterfactual,0.79454127268080754,6,0,1,206,211,1,1,1,1,1,False,False
reach-wall,6,fresh,B0,persistent_vs_h3,0.99664662940699345,9,1,0,206,206,1,1,0,1,1,False,False
reach-wall,6,fresh,B1,h3_vs_counterfactual,0.82652740586006512,7,0,1,206,211,1,1,1,1,1,False,False
reach-wall,6,fresh,B1,persistent_vs_counterfactual,0.95475327503638929,8,0,1,206,211,1,1,1,1,1,False,False
reach-wall,6,fresh,B1,persistent_vs_h3,0.94044556050622785,9,1,0,206,206,1,1,0,1,1,False,False
reach-wall,6,fresh,B2,h3_vs_counterfactual,0.78308025644729384,7,0,1,206,211,1,1,1,1,1,False,False
reach-wall,6,fresh,B2,persistent_vs_counterfactual,0.80611029011433455,7,0,1,206,211,1,1,1,1,1,False,False
reach-wall,6,fresh,B2,persistent_vs_h3,0.99852398359981775,10,1,0,206,206,1,1,0,1,1,False,False
reach-wall,6,fresh,B3,h3_vs_counterfactual,0.75447238302647812,6,0,1,206,211,1,1,1,1,1,False,False
reach-wall,6,fresh,B3,persistent_vs_counterfactual,0.76318847987199856,6,0,1,206,211,1,1,1,1,1,False,False
reach-wall,6,fresh,B3,persistent_vs_h3,0.99969866331848134,10,1,0,206,206,1,1,0,1,1,False,False
reach-wall,6,fresh,B4,h3_vs_counterfactual,0.81303170035222616,7,0,1,206,211,1,1,1,1,1,False,False
reach-wall,6,fresh,B4,persistent_vs_counterfactual,0.81492772141912684,7,0,1,206,211,1,1,1,1,1,False,False
reach-wall,6,fresh,B4,persistent_vs_h3,0.99992888809875669,10,1,0,206,206,1,1,0,1,1,False,False
reach-wall,6,fresh,B5,h3_vs_counterfactual,0.75582039800442224,6,0,1,206,211,1,1,1,1,1,False,False
reach-wall,6,fresh,B5,persistent_vs_counterfactual,0.75574350826120296,6,0,1,206,211,1,1,1,1,1,False,False
reach-wall,6,fresh,B5,persistent_vs_h3,0.99999377770864117,10,1,0,206,206,1,1,0,1,1,False,False
reach-wall,7,original,reference,native_vs_counterfactual,0.75273636373737485,5,1,0,28,28,1,1,0,1,1,False,False
reach-wall,7,original,all_blocks,h3_vs_counterfactual,0.8973064145157168,5,1,0,28,28,1,1,0,1,1,False,False
reach-wall,7,original,all_blocks,persistent_vs_counterfactual,1,10,1,0,28,28,1,1,0,1,1,False,False
reach-wall,7,original,all_blocks,persistent_vs_h3,0.8973064145157168,5,1,0,28,28,1,1,0,1,1,False,False
reach-wall,7,original,B0,h3_vs_counterfactual,0.76708185646507188,5,1,0,28,28,1,1,0,1,1,False,False
reach-wall,7,original,B0,persistent_vs_counterfactual,0.79758841764908495,6,1,0,28,28,1,1,0,1,1,False,False
reach-wall,7,original,B0,persistent_vs_h3,0.99573995266614068,9,1,0,28,28,1,1,0,1,1,False,False
reach-wall,7,original,B1,h3_vs_counterfactual,0.81883576484183163,5,1,0,28,28,1,1,0,1,1,False,False
reach-wall,7,original,B1,persistent_vs_counterfactual,0.9499549994999944,8,1,0,28,28,1,1,0,1,1,False,False
reach-wall,7,original,B1,persistent_vs_h3,0.93759441771575236,7,1,0,28,28,1,1,0,1,1,False,False
reach-wall,7,original,B2,h3_vs_counterfactual,0.78223535817064638,5,1,0,28,28,1,1,0,1,1,False,False
reach-wall,7,original,B2,persistent_vs_counterfactual,0.80183024255825064,5,1,0,28,28,1,1,0,1,1,False,False
reach-wall,7,original,B2,persistent_vs_h3,0.9988390982122024,10,1,0,28,28,1,1,0,1,1,False,False
reach-wall,7,original,B3,h3_vs_counterfactual,0.75231458127312523,5,1,0,28,28,1,1,0,1,1,False,False
reach-wall,7,original,B3,persistent_vs_counterfactual,0.76098445538283754,5,1,0,28,28,1,1,0,1,1,False,False
reach-wall,7,original,B3,persistent_vs_h3,0.99972710807897869,10,1,0,28,28,1,1,0,1,1,False,False
reach-wall,7,original,B4,h3_vs_counterfactual,0.80366004066711849,5,1,0,28,28,1,1,0,1,1,False,False
reach-wall,7,original,B4,persistent_vs_counterfactual,0.8058120645784953,5,1,0,28,28,1,1,0,1,1,False,False
reach-wall,7,original,B4,persistent_vs_h3,0.99991599906665629,10,1,0,28,28,1,1,0,1,1,False,False
reach-wall,7,original,B5,h3_vs_counterfactual,0.75621684685385393,5,1,0,28,28,1,1,0,1,1,False,False
reach-wall,7,original,B5,persistent_vs_counterfactual,0.75596262180690899,5,1,0,28,28,1,1,0,1,1,False,False
reach-wall,7,original,B5,persistent_vs_h3,0.99999511105678951,10,1,0,28,28,1,1,0,1,1,False,False
reach-wall,7,fresh,reference,native_vs_counterfactual,0.80195957732863699,3,1,0,251,251,1,1,0,1,1,False,False
reach-wall,7,fresh,all_blocks,h3_vs_counterfactual,0.90878965321836913,6,1,0,251,251,1,1,0,1,1,False,False
reach-wall,7,fresh,all_blocks,persistent_vs_counterfactual,1,10,1,0,251,251,1,1,0,1,1,False,False
reach-wall,7,fresh,all_blocks,persistent_vs_h3,0.90878965321836913,6,1,0,251,251,1,1,0,1,1,False,False
reach-wall,7,fresh,B0,h3_vs_counterfactual,0.81107878976433068,4,1,0,251,251,1,1,0,1,1,False,False
reach-wall,7,fresh,B0,persistent_vs_counterfactual,0.83609106767852981,4,1,0,251,251,1,1,0,1,1,False,False
reach-wall,7,fresh,B0,persistent_vs_h3,0.99719196879965333,10,1,0,251,251,1,1,0,1,1,False,False
reach-wall,7,fresh,B1,h3_vs_counterfactual,0.85217391304347823,5,1,0,251,251,1,1,0,1,1,False,False
reach-wall,7,fresh,B1,persistent_vs_counterfactual,0.95949510550117223,7,1,0,251,251,1,1,0,1,1,False,False
reach-wall,7,fresh,B1,persistent_vs_h3,0.95082434249269432,7,1,0,251,251,1,1,0,1,1,False,False
reach-wall,7,fresh,B2,h3_vs_counterfactual,0.82524250269447441,5,1,0,251,251,1,1,0,1,1,False,False
reach-wall,7,fresh,B2,persistent_vs_counterfactual,0.83895243280480891,4,1,0,251,251,1,1,0,1,1,False,False
reach-wall,7,fresh,B2,persistent_vs_h3,0.99927954755052839,9,1,0,251,251,1,1,0,1,1,False,False
reach-wall,7,fresh,B3,h3_vs_counterfactual,0.80311025678063086,4,1,0,251,251,1,1,0,1,1,False,False
reach-wall,7,fresh,B3,persistent_vs_counterfactual,0.81014011266791852,4,1,0,251,251,1,1,0,1,1,False,False
reach-wall,7,fresh,B3,persistent_vs_h3,0.99977955310614564,10,1,0,251,251,1,1,0,1,1,False,False
reach-wall,7,fresh,B4,h3_vs_counterfactual,0.83547817197968866,5,1,0,251,251,1,1,0,1,1,False,False
reach-wall,7,fresh,B4,persistent_vs_counterfactual,0.83706263402926695,5,1,0,251,251,1,1,0,1,1,False,False
reach-wall,7,fresh,B4,persistent_vs_h3,0.99995733285925403,10,1,0,251,251,1,1,0,1,1,False,False
reach-wall,7,fresh,B5,h3_vs_counterfactual,0.80526005844509385,4,1,0,251,251,1,1,0,1,1,False,False
reach-wall,7,fresh,B5,persistent_vs_counterfactual,0.80509516772408585,4,1,0,251,251,1,1,0,1,1,False,False
reach-wall,7,fresh,B5,persistent_vs_h3,0.99999777775308618,10,1,0,251,251,1,1,0,1,1,False,False
