source_id,task,precision,modality,horizon,source_n,native_mse,metric,mean,marginal_95_low,marginal_95_high,n,percent_of_reference,percent_95_low,percent_95_high,missing_reason
S01,reach,bfloat16,proprio,1,33,0.0002275826288211528,factorial_from_arm_losses,0.0,0.0,0.0,33,0.0,0.0,0.0,
S01,reach,bfloat16,proprio,1,33,0.0002275826288211528,output_interaction_mse,0.0,0.0,0.0,33,0.0,0.0,0.0,
S01,reach,bfloat16,proprio,1,33,0.0002275826288211528,additive_quadratic_cross,0.0,0.0,0.0,33,0.0,0.0,0.0,
S01,reach,bfloat16,proprio,1,33,0.0002275826288211528,nonadditive_mse_remainder,0.0,0.0,0.0,33,0.0,0.0,0.0,
S01,reach,bfloat16,proprio,2,33,0.0003022944126727948,factorial_from_arm_losses,0.0,0.0,0.0,33,0.0,0.0,0.0,
S01,reach,bfloat16,proprio,3,33,0.00041403000616470554,factorial_from_arm_losses,2.27726915835947e-07,-1.4143803780072762e-08,4.841840624673339e-07,33,0.055002514901143384,-0.0033716525871466656,0.11749921568972134,
S01,reach,bfloat16,proprio,3,33,0.00041403000616470554,output_interaction_mse,3.6120262220697213e-06,3.1835819684239147e-06,4.060039735965949e-06,33,0.8724068710693444,0.7589760142362242,0.998726711585551,
S01,reach,bfloat16,proprio,3,33,0.00041403000616470554,additive_quadratic_cross,1.6883469191415884e-06,1.5448843940427423e-06,1.8275048768903703e-06,33,0.40778370987680207,0.36523957931650913,0.4515927179938664,
S01,reach,bfloat16,proprio,3,33,0.00041403000616470554,nonadditive_mse_remainder,-1.4606179994443651e-06,-1.7361615014068096e-06,-1.185618595767181e-06,33,-0.3527807109862748,-0.4242342549725581,-0.28300238262579935,
S01,reach,bfloat16,proprio,4,33,0.0005330005390762858,factorial_from_arm_losses,6.752539371113686e-08,-2.294012295746591e-07,3.5855430825096755e-07,33,0.012668916588369956,-0.04195807029235358,0.06788627089073566,
S01,reach,bfloat16,proprio,5,33,0.000684695057448566,factorial_from_arm_losses,2.389560996571348e-07,-2.3332058665827254e-07,7.359221883987942e-07,33,0.03489963846790074,-0.034256844531953316,0.1061449075223539,
S01,reach,bfloat16,proprio,6,33,0.0008585703183038129,factorial_from_arm_losses,5.469989106370595e-07,-4.988865371022199e-08,1.1513895793596679e-06,33,0.06371043803583935,-0.005678315328773488,0.13383329301125058,
S01,reach,bfloat16,proprio,6,33,0.0008585703183038129,output_interaction_mse,3.5982196626112754e-06,3.2699517433307435e-06,3.933890303767211e-06,33,0.4190943462522557,0.35947451886400694,0.4932792122296488,
S01,reach,bfloat16,proprio,6,33,0.0008585703183038129,additive_quadratic_cross,1.8358551620460894e-06,1.676101898667591e-06,1.9844657771792877e-06,33,0.21382700087664286,0.18501689081445613,0.24855443916887798,
S01,reach,bfloat16,proprio,6,33,0.0008585703183038129,nonadditive_mse_remainder,-1.2888545991845352e-06,-1.8856678534464736e-06,-6.896090952460498e-07,33,-0.1501163704017616,-0.22569746105394003,-0.0789188441573812,
S01,reach,bfloat16,visual,1,33,0.12173197127483558,factorial_from_arm_losses,0.0,0.0,0.0,33,0.0,0.0,0.0,
S01,reach,bfloat16,visual,1,33,0.12173197127483558,output_interaction_mse,0.0,0.0,0.0,33,0.0,0.0,0.0,
S01,reach,bfloat16,visual,1,33,0.12173197127483558,additive_quadratic_cross,0.0,0.0,0.0,33,0.0,0.0,0.0,
S01,reach,bfloat16,visual,1,33,0.12173197127483558,nonadditive_mse_remainder,0.0,0.0,0.0,33,0.0,0.0,0.0,
S01,reach,bfloat16,visual,2,33,0.13744648757644679,factorial_from_arm_losses,0.0,0.0,0.0,33,0.0,0.0,0.0,
S01,reach,bfloat16,visual,3,33,0.15170718095444066,factorial_from_arm_losses,-4.252206082596864e-05,-5.459404574011226e-05,-3.0550930244528174e-05,33,-0.02802903630431211,-0.03632693928120928,-0.0199810465285029,
S01,reach,bfloat16,visual,3,33,0.15170718095444066,output_interaction_mse,0.00012124786141492848,0.00011959825334735906,0.00012291669028468967,33,0.07992229547218371,0.07742117029001962,0.08228699719318922,
S01,reach,bfloat16,visual,3,33,0.15170718095444066,additive_quadratic_cross,4.50782854868079e-06,3.0481292490453516e-07,8.637609449267473e-06,33,0.002971400905560654,0.0002029584721496377,0.005683957110903676,
S01,reach,bfloat16,visual,3,33,0.15170718095444066,nonadditive_mse_remainder,-4.703024098410314e-05,-5.908266150152834e-05,-3.5160969780830823e-05,33,-0.03100066897837014,-0.0392666477315039,-0.02304639850136563,
S01,reach,bfloat16,visual,4,33,0.16623134848972163,factorial_from_arm_losses,-2.1370411897550932e-05,-3.885328680314474e-05,-3.455394615581436e-06,33,-0.012855825385349804,-0.022997934339991036,-0.002132307966870101,
S01,reach,bfloat16,visual,5,33,0.18170994661485007,factorial_from_arm_losses,-1.9561984773838665e-05,-4.519297355654288e-05,4.577569738781509e-06,33,-0.010765500259213648,-0.024897290227722187,0.0024986261250544094,
S01,reach,bfloat16,visual,6,33,0.19808357862021883,factorial_from_arm_losses,1.1608200241816888e-05,-2.3316543436418456e-05,4.883844673520141e-05,33,0.005860253698300264,-0.011973819345010888,0.024503696628914662,
S01,reach,bfloat16,visual,6,33,0.19808357862021883,output_interaction_mse,0.00018867391268996114,0.00018461175539616508,0.00019303505927639733,33,0.09524964866052896,0.09171260232142645,0.09874418526683859,
S01,reach,bfloat16,visual,6,33,0.19808357862021883,additive_quadratic_cross,8.215653286733948e-05,7.655874008925387e-05,8.739575757421758e-05,33,0.04147569093794307,0.0383579668645092,0.044418154195157905,
S01,reach,bfloat16,visual,6,33,0.19808357862021883,nonadditive_mse_remainder,-7.054830373271208e-05,-0.00010371851974765732,-3.5446776353142756e-05,33,-0.035615422653471306,-0.05295949776079091,-0.017800135601330334,
S02,reach,float32,proprio,1,33,0.00021134853958838822,factorial_from_arm_losses,0.0,0.0,0.0,33,0.0,0.0,0.0,
S02,reach,float32,proprio,1,33,0.00021134853958838822,output_interaction_mse,0.0,0.0,0.0,33,0.0,0.0,0.0,
S02,reach,float32,proprio,1,33,0.00021134853958838822,additive_quadratic_cross,0.0,0.0,0.0,33,0.0,0.0,0.0,
S02,reach,float32,proprio,1,33,0.00021134853958838822,nonadditive_mse_remainder,0.0,0.0,0.0,33,0.0,0.0,0.0,
S02,reach,float32,proprio,2,33,0.000284616811560879,factorial_from_arm_losses,0.0,0.0,0.0,33,0.0,0.0,0.0,
S02,reach,float32,proprio,3,33,0.00038410926937112983,factorial_from_arm_losses,1.0860623679220561e-07,-2.5878240892471685e-08,2.3672066879843693e-07,33,0.028274828402349565,-0.006772952378345889,0.06170961513308767,
S02,reach,float32,proprio,3,33,0.00038410926937112983,output_interaction_mse,1.4783777873331658e-10,1.3844397939387044e-10,1.5682688063348205e-10,33,3.848846943354403e-05,3.5451271642918876e-05,4.1562822024883275e-05,
S02,reach,float32,proprio,3,33,0.00038410926937112983,additive_quadratic_cross,2.4896946916891533e-08,-1.0347887435221606e-07,1.4889160251836465e-07,33,0.00648173551178633,-0.027262617911047796,0.03865846785015098,
S02,reach,float32,proprio,3,33,0.00038410926937112983,nonadditive_mse_remainder,8.370964819048416e-08,6.7739096087848e-08,9.99523504962232e-08,33,0.02179318617526076,0.017531390366221,0.026194203388075456,
S02,reach,float32,proprio,4,33,0.00048644034743505684,factorial_from_arm_losses,1.1199771497466149e-07,6.500054698537134e-08,1.5609518381685504e-07,33,0.023023936144526733,0.013624746394090361,0.03186133954852023,
S02,reach,float32,proprio,5,33,0.0006179475259278945,factorial_from_arm_losses,1.4952468086678108e-07,8.51214911498683e-08,2.0986092492577913e-07,33,0.024196986733179094,0.014143134376079261,0.03364875467367104,
S02,reach,float32,proprio,6,33,0.0007675998276810256,factorial_from_arm_losses,9.366972840830967e-08,5.221600343183513e-08,1.3197303975874347e-07,33,0.012202937654544907,0.007066055352094362,0.01690112425539097,
S02,reach,float32,proprio,6,33,0.0007675998276810256,output_interaction_mse,3.69771465956097e-11,3.195593733663575e-11,4.3547542368018914e-11,33,4.81724269106734e-06,4.10093257421511e-06,5.660680218369864e-06,
S02,reach,float32,proprio,6,33,0.0007675998276810256,additive_quadratic_cross,3.858085003960343e-08,9.238309096110488e-11,7.344156803353233e-08,33,0.005026167105346931,1.170198827765366e-05,0.009371579226913018,
S02,reach,float32,proprio,6,33,0.0007675998276810256,nonadditive_mse_remainder,5.509144703617838e-08,4.016070550149962e-08,6.959089111002511e-08,33,0.00717710518547322,0.005268706368351087,0.00920508846068513,
S02,reach,float32,visual,1,33,0.12007244179458026,factorial_from_arm_losses,0.0,0.0,0.0,33,0.0,0.0,0.0,
S02,reach,float32,visual,1,33,0.12007244179458026,output_interaction_mse,0.0,0.0,0.0,33,0.0,0.0,0.0,
S02,reach,float32,visual,1,33,0.12007244179458026,additive_quadratic_cross,0.0,0.0,0.0,33,0.0,0.0,0.0,
S02,reach,float32,visual,1,33,0.12007244179458026,nonadditive_mse_remainder,0.0,0.0,0.0,33,0.0,0.0,0.0,
S02,reach,float32,visual,2,33,0.13569343568136294,factorial_from_arm_losses,0.0,0.0,0.0,33,0.0,0.0,0.0,
S02,reach,float32,visual,3,33,0.14985166099298786,factorial_from_arm_losses,-5.073475679665027e-05,-5.433426840664034e-05,-4.721749889090976e-05,33,-0.03385665294629223,-0.03672211808165999,-0.031088947606459135,
S02,reach,float32,visual,3,33,0.14985166099298786,output_interaction_mse,5.952491644693396e-08,5.418184387106052e-08,6.554619022797193e-08,33,3.9722560332327165e-05,3.639873164389277e-05,4.3270208602131226e-05,
S02,reach,float32,visual,3,33,0.14985166099298786,additive_quadratic_cross,-5.559402995437455e-05,-5.983707075175977e-05,-5.164138834738313e-05,33,-0.0370993751994354,-0.040020372433704085,-0.03424301557044438,
S02,reach,float32,visual,3,33,0.14985166099298786,nonadditive_mse_remainder,4.860163094413753e-06,3.4827269354614493e-06,6.309309327108831e-06,33,0.0032433161315717283,0.0023795274134100117,0.004102839565547349,
S02,reach,float32,visual,4,33,0.16418566681218869,factorial_from_arm_losses,-2.5928827623523564e-05,-2.8319765315063056e-05,-2.3618680895350664e-05,33,-0.015792381958154387,-0.017414096844571212,-0.014238450773019015,
S02,reach,float32,visual,5,33,0.17929694797617912,factorial_from_arm_losses,-1.1437847231976159e-05,-1.4033764365567344e-05,-9.067875587129886e-06,33,-0.006379276034021367,-0.007795988283383521,-0.005054190162778166,
S02,reach,float32,visual,6,33,0.19502581895488982,factorial_from_arm_losses,-8.634935048487922e-06,-1.0618083178988497e-05,-6.832052304431128e-06,33,-0.004427585585724531,-0.005421195970564426,-0.003499553887756176,
S02,reach,float32,visual,6,33,0.19502581895488982,output_interaction_mse,1.757970494005824e-08,1.4112303752317645e-08,2.1883948161777836e-08,33,9.014039799583914e-06,7.339631640505253e-06,1.1012587960791677e-05,
S02,reach,float32,visual,6,33,0.19502581895488982,additive_quadratic_cross,-1.3637164930709508e-05,-1.779654849890255e-05,-9.737524133009633e-06,33,-0.006992492072992568,-0.00910515823991582,-0.004954298111224107,
S02,reach,float32,visual,6,33,0.19502581895488982,nonadditive_mse_remainder,5.001625949333432e-06,2.647518524564878e-06,7.427231555883184e-06,33,0.0025645968190962072,0.0013486279470673053,0.0038189037562179253,
S15,reach-wall,bfloat16,proprio,1,27,0.0002569185601658566,factorial_from_arm_losses,0.0,0.0,0.0,27,0.0,0.0,0.0,
S15,reach-wall,bfloat16,proprio,1,27,0.0002569185601658566,output_interaction_mse,0.0,0.0,0.0,27,0.0,0.0,0.0,
S15,reach-wall,bfloat16,proprio,1,27,0.0002569185601658566,additive_quadratic_cross,0.0,0.0,0.0,27,0.0,0.0,0.0,
S15,reach-wall,bfloat16,proprio,1,27,0.0002569185601658566,nonadditive_mse_remainder,0.0,0.0,0.0,27,0.0,0.0,0.0,
S15,reach-wall,bfloat16,proprio,2,27,0.0003460459251657062,factorial_from_arm_losses,0.0,0.0,0.0,27,0.0,0.0,0.0,
S15,reach-wall,bfloat16,proprio,3,27,0.0004585782681232682,factorial_from_arm_losses,4.910939547519274e-07,2.532875120699332e-07,7.085074419053276e-07,27,0.10709054241966799,0.05254112137161458,0.16648743517151518,
S15,reach-wall,bfloat16,proprio,3,27,0.0004585782681232682,output_interaction_mse,4.07293179998788e-06,3.69957367055128e-06,4.4459702105518695e-06,27,0.8881650272387211,0.722285679284339,1.0723776347358769,
S15,reach-wall,bfloat16,proprio,3,27,0.0004585782681232682,additive_quadratic_cross,2.281972071808506e-06,2.079251394256073e-06,2.49223278904009e-06,27,0.497618886552884,0.4049178019852003,0.6051363215189873,
S15,reach-wall,bfloat16,proprio,3,27,0.0004585782681232682,nonadditive_mse_remainder,-1.7908778281727078e-06,-2.0223131897173573e-06,-1.5661989420541666e-06,27,-0.3905282811376728,-0.4691132193975277,-0.3135144326881728,
S15,reach-wall,bfloat16,proprio,4,27,0.0005705656631893542,factorial_from_arm_losses,3.618565608997453e-07,2.548556141037369e-08,7.200496362696207e-07,27,0.0634206690386932,0.004366429956108457,0.12118974962640268,
S15,reach-wall,bfloat16,proprio,5,27,0.0006885690914871555,factorial_from_arm_losses,4.977112922337465e-07,8.060389866583277e-08,8.898016055613054e-07,27,0.07228196827115797,0.011346442722883626,0.13486080685843713,
S15,reach-wall,bfloat16,proprio,6,27,0.000820065845690817,factorial_from_arm_losses,6.398787229921188e-07,-3.235771488601366e-08,1.2918043840266954e-06,27,0.07802772501189705,-0.0037218661748018218,0.16457884002044368,
S15,reach-wall,bfloat16,proprio,6,27,0.000820065845690817,output_interaction_mse,4.196303989388464e-06,3.917592541350667e-06,4.468797792813426e-06,27,0.5117032993678122,0.41492367834726424,0.62071635703773,
S15,reach-wall,bfloat16,proprio,6,27,0.000820065845690817,additive_quadratic_cross,2.407761312597755e-06,2.217555953313697e-06,2.5882257768437985e-06,27,0.2936058519263749,0.23454300255086533,0.36036403969155245,
S15,reach-wall,bfloat16,proprio,6,27,0.000820065845690817,nonadditive_mse_remainder,-1.7678822509815797e-06,-2.4111976232010634e-06,-1.1337330533692494e-06,27,-0.215578085622177,-0.30270620810838395,-0.13523318988887273,
S15,reach-wall,bfloat16,visual,1,27,0.12645697737641542,factorial_from_arm_losses,0.0,0.0,0.0,27,0.0,0.0,0.0,
S15,reach-wall,bfloat16,visual,1,27,0.12645697737641542,output_interaction_mse,0.0,0.0,0.0,27,0.0,0.0,0.0,
S15,reach-wall,bfloat16,visual,1,27,0.12645697737641542,additive_quadratic_cross,0.0,0.0,0.0,27,0.0,0.0,0.0,
S15,reach-wall,bfloat16,visual,1,27,0.12645697737641542,nonadditive_mse_remainder,0.0,0.0,0.0,27,0.0,0.0,0.0,
S15,reach-wall,bfloat16,visual,2,27,0.143563647572825,factorial_from_arm_losses,0.0,0.0,0.0,27,0.0,0.0,0.0,
S15,reach-wall,bfloat16,visual,3,27,0.16012056307568226,factorial_from_arm_losses,-6.092143371517108e-05,-7.61676603859188e-05,-4.489988732485007e-05,27,-0.03804722675523948,-0.04828684805237945,-0.02737184436689569,
S15,reach-wall,bfloat16,visual,3,27,0.16012056307568226,output_interaction_mse,0.0001252279506405574,0.00012414528728590488,0.00012637985914897186,27,0.07820853751392781,0.07441229063034331,0.0820730231096284,
S15,reach-wall,bfloat16,visual,3,27,0.16012056307568226,additive_quadratic_cross,-2.7395909248816174e-06,-7.935431147488038e-06,2.2907056056955884e-06,27,-0.001710955090500605,-0.005029172022665551,0.0013986730266322134,
S15,reach-wall,bfloat16,visual,3,27,0.16012056307568226,nonadditive_mse_remainder,-5.818149550852894e-05,-7.16745098565786e-05,-4.3436888306896e-05,27,-0.036336054777067577,-0.045399377433904216,-0.026601272387927706,
S15,reach-wall,bfloat16,visual,4,27,0.1759804606046758,factorial_from_arm_losses,-2.805423451427075e-05,-5.075609535669047e-05,-5.3888569689493875e-06,27,-0.015941675807572785,-0.028788071975758493,-0.003114934943108893,
S15,reach-wall,bfloat16,visual,5,27,0.19257885116485904,factorial_from_arm_losses,-1.6230153908701422e-05,-4.9522082597292014e-05,1.533607268176254e-05,27,-0.00842779661968564,-0.025641889985761404,0.00791723806078406,
S15,reach-wall,bfloat16,visual,6,27,0.2090970272083341,factorial_from_arm_losses,-1.0983487246217042e-05,-5.432893568075996e-05,2.7137440859257847e-05,27,-0.005252818460816102,-0.025966510376630222,0.012886835494749723,
S15,reach-wall,bfloat16,visual,6,27,0.2090970272083341,output_interaction_mse,0.00019807881280153926,0.00019452898635487749,0.00020203456383479748,27,0.0947305733831324,0.08837366729698318,0.1013941643063593,
S15,reach-wall,bfloat16,visual,6,27,0.2090970272083341,additive_quadratic_cross,9.079086925943878e-05,8.448842955800553e-05,9.620526326323194e-05,27,0.043420449573861784,0.03905806051827756,0.04728990105504017,
S15,reach-wall,bfloat16,visual,6,27,0.2090970272083341,nonadditive_mse_remainder,-0.00010177473667748994,-0.00014667194410479021,-6.339633691752933e-05,27,-0.04867344985066983,-0.07061963568671614,-0.029778896898254588,
S16,reach-wall,float32,proprio,1,27,0.00023939389443905477,factorial_from_arm_losses,0.0,0.0,0.0,27,0.0,0.0,0.0,
S16,reach-wall,float32,proprio,1,27,0.00023939389443905477,output_interaction_mse,0.0,0.0,0.0,27,0.0,0.0,0.0,
S16,reach-wall,float32,proprio,1,27,0.00023939389443905477,additive_quadratic_cross,0.0,0.0,0.0,27,0.0,0.0,0.0,
S16,reach-wall,float32,proprio,1,27,0.00023939389443905477,nonadditive_mse_remainder,0.0,0.0,0.0,27,0.0,0.0,0.0,
S16,reach-wall,float32,proprio,2,27,0.0003249146160647168,factorial_from_arm_losses,0.0,0.0,0.0,27,0.0,0.0,0.0,
S16,reach-wall,float32,proprio,3,27,0.0004253027042360361,factorial_from_arm_losses,4.3940245059612074e-07,3.400208025135582e-07,5.440049915952571e-07,27,0.10331522612474608,0.07482423746833633,0.1395516136248701,
S16,reach-wall,float32,proprio,3,27,0.0004253027042360361,output_interaction_mse,3.016514109144549e-10,2.8517872414031765e-10,3.1740990780316293e-10,27,7.09262856572488e-05,5.8837435284778544e-05,8.486346242123949e-05,
S16,reach-wall,float32,proprio,3,27,0.0004253027042360361,additive_quadratic_cross,3.509743628147019e-07,2.51639069730579e-07,4.5604123584637896e-07,27,0.082523426096044,0.056272833118800665,0.11549936431053587,
S16,reach-wall,float32,proprio,3,27,0.0004253027042360361,nonadditive_mse_remainder,8.842759379494804e-08,6.419186403034603e-08,1.128196315380447e-07,27,0.02079168387931814,0.013733560858460832,0.028210991285024835,
S16,reach-wall,float32,proprio,4,27,0.0005224397483143099,factorial_from_arm_losses,3.266400435003572e-07,2.756051863786668e-07,3.789479965964553e-07,27,0.06252205054349046,0.04793595807685541,0.08074520870839015,
S16,reach-wall,float32,proprio,5,27,0.0006237535513472171,factorial_from_arm_losses,4.1217615629939566e-07,3.321551256153833e-07,4.852022767060817e-07,27,0.06607996947017857,0.04734991327374599,0.08710321855575467,
S16,reach-wall,float32,proprio,6,27,0.0007344746812224102,factorial_from_arm_losses,3.2905315301944497e-07,2.5193186771770097e-07,3.9447909004574386e-07,27,0.044801156722215525,0.02996219504846614,0.06018583927160931,
S16,reach-wall,float32,proprio,6,27,0.0007344746812224102,output_interaction_mse,7.879634520529128e-11,6.786591168903682e-11,9.353397397073472e-11,27,1.072825887941405e-05,8.751081677651304e-06,1.3056736981752023e-05,
S16,reach-wall,float32,proprio,6,27,0.0007344746812224102,additive_quadratic_cross,2.506486741412806e-07,1.8713102296624636e-07,3.1014723932266656e-07,27,0.03412625112197438,0.02218582789500932,0.04769313615840611,
S16,reach-wall,float32,proprio,6,27,0.0007344746812224102,nonadditive_mse_remainder,7.840132148214566e-08,5.3560950807309256e-08,1.0214837979939366e-07,27,0.010674475715304407,0.006739387373305857,0.014472884008903345,
S16,reach-wall,float32,visual,1,27,0.12490850900656277,factorial_from_arm_losses,0.0,0.0,0.0,27,0.0,0.0,0.0,
S16,reach-wall,float32,visual,1,27,0.12490850900656277,output_interaction_mse,0.0,0.0,0.0,27,0.0,0.0,0.0,
S16,reach-wall,float32,visual,1,27,0.12490850900656277,additive_quadratic_cross,0.0,0.0,0.0,27,0.0,0.0,0.0,
S16,reach-wall,float32,visual,1,27,0.12490850900656277,nonadditive_mse_remainder,0.0,0.0,0.0,27,0.0,0.0,0.0,
S16,reach-wall,float32,visual,2,27,0.14207141438016183,factorial_from_arm_losses,0.0,0.0,0.0,27,0.0,0.0,0.0,
S16,reach-wall,float32,visual,3,27,0.15853108557424064,factorial_from_arm_losses,-5.862359647398125e-05,-6.4036967635254e-05,-5.306119892608848e-05,27,-0.03697924369951257,-0.04197408224832971,-0.03221663316821102,
S16,reach-wall,float32,visual,3,27,0.15853108557424064,output_interaction_mse,7.412404874231044e-08,6.849163374874115e-08,7.975326594095987e-08,27,4.675679124621771e-05,4.2054157449021195e-05,5.1455602607297444e-05,
S16,reach-wall,float32,visual,3,27,0.15853108557424064,additive_quadratic_cross,-6.510319097299651e-05,-7.013087520689614e-05,-6.039350232310917e-05,27,-0.04106651432883078,-0.045485866759783826,-0.03690722564784764,
S16,reach-wall,float32,visual,3,27,0.15853108557424064,nonadditive_mse_remainder,6.4795761047353604e-06,4.4628387923407715e-06,8.657227316208498e-06,27,0.004087259026369913,0.002918002260561695,0.00526316220983734,
S16,reach-wall,float32,visual,4,27,0.17420188103928977,factorial_from_arm_losses,-3.0068871507671962e-05,-3.392469385109778e-05,-2.6112725141879333e-05,27,-0.01726093388216065,-0.020552551955686237,-0.014299620678932253,
S16,reach-wall,float32,visual,5,27,0.19049417250272302,factorial_from_arm_losses,-9.407137555109648e-06,-1.3075080976178868e-05,-5.768791565467908e-06,27,-0.004938281014856335,-0.006997524978448243,-0.00296545532316877,
S16,reach-wall,float32,visual,6,27,0.2065858675419916,factorial_from_arm_losses,-5.308511080565893e-06,-8.407856487205322e-06,-2.1856199995876745e-06,27,-0.0025696390289073672,-0.004174344281526325,-0.0010388180921119968,
S16,reach-wall,float32,visual,6,27,0.2065858675419916,output_interaction_mse,2.865259061619594e-08,2.2521717474469807e-08,3.705611477043362e-08,27,1.3869579249109032e-05,1.0818389390058807e-05,1.7647962956817955e-05,
S16,reach-wall,float32,visual,6,27,0.2065858675419916,additive_quadratic_cross,-1.1668585649213143e-05,-1.693732436550043e-05,-6.995621020188838e-06,27,-0.0056482981086987145,-0.008132497349526684,-0.003347066710916583,
S16,reach-wall,float32,visual,6,27,0.2065858675419916,nonadditive_mse_remainder,6.359996418274179e-06,3.922314621197588e-06,9.641761445790933e-06,27,0.0030786212503047506,0.0019227388362137812,0.004523160452135662,
S27,pusht,bfloat16,proprio,1,21,0.00016826928547397443,factorial_from_arm_losses,0.0,0.0,0.0,21,0.0,0.0,0.0,
S27,pusht,bfloat16,proprio,1,21,0.00016826928547397443,output_interaction_mse,0.0,0.0,0.0,21,0.0,0.0,0.0,
S27,pusht,bfloat16,proprio,1,21,0.00016826928547397443,additive_quadratic_cross,0.0,0.0,0.0,21,0.0,0.0,0.0,
S27,pusht,bfloat16,proprio,1,21,0.00016826928547397443,nonadditive_mse_remainder,0.0,0.0,0.0,21,0.0,0.0,0.0,
S27,pusht,bfloat16,proprio,2,21,0.00016300569097626826,factorial_from_arm_losses,0.0,0.0,0.0,21,0.0,0.0,0.0,
S27,pusht,bfloat16,proprio,3,21,0.00017871694756372634,factorial_from_arm_losses,-9.573583834517778e-08,-1.796925024549405e-07,-1.3142326503619604e-08,21,-0.053568416230386114,-0.10305751784857872,-0.007243754741053692,
S27,pusht,bfloat16,proprio,3,21,0.00017871694756372634,output_interaction_mse,9.18679013545175e-06,8.993768754100002e-06,9.380544460902305e-06,21,5.140413520198444,4.752576259061731,5.535961481600788,
S27,pusht,bfloat16,proprio,3,21,0.00017871694756372634,additive_quadratic_cross,4.48815727751232e-06,4.403570244779418e-06,4.57125419943288e-06,21,2.51132158348438,2.3312908498700673,2.6960146494079273,
S27,pusht,bfloat16,proprio,3,21,0.00017871694756372634,nonadditive_mse_remainder,-4.583893507550929e-06,-4.688925422544794e-06,-4.47536703989399e-06,21,-2.5648902188844853,-2.771131370302804,-2.366950896174977,
S27,pusht,bfloat16,proprio,4,21,0.00019340917325125171,factorial_from_arm_losses,6.366568250826955e-08,-8.329904298713272e-08,2.1249846636370107e-07,21,0.03291761266440216,-0.044790108319267594,0.10580502847740426,
S27,pusht,bfloat16,proprio,5,21,0.00020663478997262372,factorial_from_arm_losses,-5.4983554580159754e-08,-2.0551075278832366e-07,7.76570169736995e-08,21,-0.026609049999491527,-0.10025728499616045,0.03746652087685669,
S27,pusht,bfloat16,proprio,6,21,0.00021926158162634133,factorial_from_arm_losses,-1.0650210632112567e-07,-2.9503905374092585e-07,7.637207988875967e-08,21,-0.04857308130825363,-0.13153799647943973,0.036253433014508424,
S27,pusht,bfloat16,proprio,6,21,0.00021926158162634133,output_interaction_mse,1.1005973989512531e-05,1.0655392711155564e-05,1.1368619494782509e-05,21,5.0195633488900775,4.570099559672325,5.542297910692413,
S27,pusht,bfloat16,proprio,6,21,0.00021926158162634133,additive_quadratic_cross,5.394894038142989e-06,5.2264224361264215e-06,5.586156815390157e-06,21,2.460483044100629,2.244781232123228,2.7145403157759773,
S27,pusht,bfloat16,proprio,6,21,0.00021926158162634133,nonadditive_mse_remainder,-5.501396074702166e-06,-5.731217322041696e-06,-5.274577159277772e-06,21,-2.5090560935921147,-2.7454033512236,-2.301633915247811,
S27,pusht,bfloat16,visual,1,21,0.06946783175518122,factorial_from_arm_losses,0.0,0.0,0.0,21,0.0,0.0,0.0,
S27,pusht,bfloat16,visual,1,21,0.06946783175518122,output_interaction_mse,0.0,0.0,0.0,21,0.0,0.0,0.0,
S27,pusht,bfloat16,visual,1,21,0.06946783175518122,additive_quadratic_cross,0.0,0.0,0.0,21,0.0,0.0,0.0,
S27,pusht,bfloat16,visual,1,21,0.06946783175518122,nonadditive_mse_remainder,0.0,0.0,0.0,21,0.0,0.0,0.0,
S27,pusht,bfloat16,visual,2,21,0.07740164316989868,factorial_from_arm_losses,0.0,0.0,0.0,21,0.0,0.0,0.0,
S27,pusht,bfloat16,visual,3,21,0.08362012926078144,factorial_from_arm_losses,1.519374888488762e-05,-1.2736997355448093e-05,4.8947450023919446e-05,21,0.018169965795560687,-0.015193785790119738,0.059452739087577575,
S27,pusht,bfloat16,visual,3,21,0.08362012926078144,output_interaction_mse,0.00012126458474087555,0.00011971543021500819,0.00012282484861751377,21,0.1450184134046175,0.12812935433848507,0.1656179100437249,
S27,pusht,bfloat16,visual,3,21,0.08362012926078144,additive_quadratic_cross,6.35298524602029e-05,6.0549242998845844e-05,6.649839377296202e-05,21,0.07597435333073438,0.06579446893295149,0.08859915797974612,
S27,pusht,bfloat16,visual,3,21,0.08362012926078144,nonadditive_mse_remainder,-4.8336338973525436e-05,-7.582741954089927e-05,-1.5008896326569079e-05,21,-0.05780466904419818,-0.09341162122901592,-0.01770826771326828,
S27,pusht,bfloat16,visual,4,21,0.09221706647984096,factorial_from_arm_losses,1.768239131389499e-05,-2.7021821807183032e-05,6.612555695948218e-05,21,0.019174749304956946,-0.030703023316579058,0.0695650046220773,
S27,pusht,bfloat16,visual,5,21,0.101547821141488,factorial_from_arm_losses,2.740066911125963e-05,-5.6225586662015074e-05,0.00011394734399088768,21,0.026983020219687327,-0.057462064672340156,0.10901498847734796,
S27,pusht,bfloat16,visual,6,21,0.11169447091696534,factorial_from_arm_losses,1.7577770143692967e-05,-0.000205770834476062,0.00022752984850161012,21,0.01573736819682009,-0.19452852949711216,0.19391966974136332,
S27,pusht,bfloat16,visual,6,21,0.11169447091696534,output_interaction_mse,0.0005568095643995843,0.00027689141695335517,0.0009543286560605961,21,0.49851130483757017,0.257018462335525,0.8636570106001683,
S27,pusht,bfloat16,visual,6,21,0.11169447091696534,additive_quadratic_cross,0.0003367933435826646,5.5360231363736084e-05,0.0007393138419496794,21,0.301530900158021,0.05037037789552768,0.6593922454193252,
S27,pusht,bfloat16,visual,6,21,0.11169447091696534,nonadditive_mse_remainder,-0.0003192150992417045,-0.0007916019155600175,1.695334928561191e-05,21,-0.2857931074126416,-0.7312136687468829,0.014935014474990288,
S28,pusht,float32,proprio,1,21,0.00010934362255432779,factorial_from_arm_losses,0.0,0.0,0.0,21,0.0,0.0,0.0,
S28,pusht,float32,proprio,1,21,0.00010934362255432779,output_interaction_mse,0.0,0.0,0.0,21,0.0,0.0,0.0,
S28,pusht,float32,proprio,1,21,0.00010934362255432779,additive_quadratic_cross,0.0,0.0,0.0,21,0.0,0.0,0.0,
S28,pusht,float32,proprio,1,21,0.00010934362255432779,nonadditive_mse_remainder,0.0,0.0,0.0,21,0.0,0.0,0.0,
S28,pusht,float32,proprio,2,21,0.00012482581446770038,factorial_from_arm_losses,0.0,0.0,0.0,21,0.0,0.0,0.0,
S28,pusht,float32,proprio,3,21,0.00014007974026966036,factorial_from_arm_losses,-1.1506400019834799e-07,-1.3254641021125852e-07,-9.865194962098136e-08,21,-0.0821417857977493,-0.10050722340395511,-0.06562722582307831,
S28,pusht,float32,proprio,3,21,0.00014007974026966036,output_interaction_mse,1.3839992785759764e-11,1.155221686586555e-11,1.6659914490544873e-11,21,9.880081701406e-06,7.936137044087458e-06,1.217125985205103e-05,
S28,pusht,float32,proprio,3,21,0.00014007974026966036,additive_quadratic_cross,-1.1477918860520385e-07,-1.3263709556522657e-07,-9.79138438433356e-08,21,-0.08193846475175375,-0.10061385928544418,-0.06509726050287844,
S28,pusht,float32,proprio,3,21,0.00014007974026966036,nonadditive_mse_remainder,-2.8442176729741116e-10,-2.003135217590637e-09,1.4356396111592762e-09,21,-0.00020304275746791458,-0.001416907768943304,0.0010456283933531212,
S28,pusht,float32,proprio,4,21,0.0001548334549740711,factorial_from_arm_losses,-5.692212618041533e-08,-6.957572011849402e-08,-4.4549340655460267e-08,21,-0.03676345411910344,-0.047609736615636056,-0.027141281640276897,
S28,pusht,float32,proprio,5,21,0.00016783689851417459,factorial_from_arm_losses,-5.137097684285183e-08,-6.567660863104205e-08,-3.716745586839843e-08,21,-0.030607677630859774,-0.04122091458029018,-0.021110068980658415,
S28,pusht,float32,proprio,6,21,0.00017907267309092293,factorial_from_arm_losses,-5.250540684454705e-08,-7.66271716646733e-08,-3.018893754105576e-08,21,-0.029320725456467488,-0.044622350040994574,-0.01629947241482415,
S28,pusht,float32,proprio,6,21,0.00017907267309092293,output_interaction_mse,4.582693599743871e-09,5.046721760236475e-10,9.949683597959378e-09,21,0.0025591250304378044,0.0002749946097612922,0.005661592382840098,
S28,pusht,float32,proprio,6,21,0.00017907267309092293,additive_quadratic_cross,-6.758901000335013e-08,-9.808595807088291e-08,-4.032349589871275e-08,21,-0.03774389963399511,-0.057295253308601454,-0.02147272422350464,
S28,pusht,float32,proprio,6,21,0.00017907267309092293,nonadditive_mse_remainder,1.5083261378441613e-08,3.8680885442921175e-09,2.8613503473611115e-08,21,0.008422983316266905,0.0021054875905435057,0.016655076733009234,
S28,pusht,float32,visual,1,21,0.06855955607543178,factorial_from_arm_losses,0.0,0.0,0.0,21,0.0,0.0,0.0,
S28,pusht,float32,visual,1,21,0.06855955607543178,output_interaction_mse,0.0,0.0,0.0,21,0.0,0.0,0.0,
S28,pusht,float32,visual,1,21,0.06855955607543178,additive_quadratic_cross,0.0,0.0,0.0,21,0.0,0.0,0.0,
S28,pusht,float32,visual,1,21,0.06855955607543178,nonadditive_mse_remainder,0.0,0.0,0.0,21,0.0,0.0,0.0,
S28,pusht,float32,visual,2,21,0.07747725841792583,factorial_from_arm_losses,0.0,0.0,0.0,21,0.0,0.0,0.0,
S28,pusht,float32,visual,3,21,0.08514810711364142,factorial_from_arm_losses,3.0034586308328157e-06,1.2549208012908167e-08,5.8235045212901105e-06,21,0.0035273345851650037,1.3933508871519674e-05,0.007245022233602498,
S28,pusht,float32,visual,3,21,0.08514810711364142,output_interaction_mse,1.5446279400638032e-08,1.1575665040021246e-08,2.0724998531382144e-08,21,1.8140484767351236e-05,1.3620248162573607e-05,2.3301636181723e-05,
S28,pusht,float32,visual,3,21,0.08514810711364142,additive_quadratic_cross,3.5509631600708125e-06,3.9729385775679333e-07,6.329801245173915e-06,21,0.004170337169482326,0.0004456015035873062,0.007767496243401272,
S28,pusht,float32,visual,3,21,0.08514810711364142,nonadditive_mse_remainder,-5.472541682472414e-07,-2.0181995118514553e-06,8.470920126705089e-07,21,-0.000642708554303924,-0.00228765863666444,0.001017138411406971,
S28,pusht,float32,visual,4,21,0.09412814142231699,factorial_from_arm_losses,-3.768333833918735e-06,-8.916610922353742e-06,1.0706945471844357e-06,21,-0.004003408308054933,-0.008949262663700473,0.0012094800769762324,
S28,pusht,float32,visual,5,21,0.10423501945151466,factorial_from_arm_losses,4.721561940132182e-06,-1.5479262042109337e-05,3.466144778443086e-05,21,0.004529727115682495,-0.014857662470515235,0.03435299875199229,
S28,pusht,float32,visual,6,21,0.1140485999088287,factorial_from_arm_losses,-2.0008914627878655e-05,-4.747296776211855e-05,2.988753512476674e-06,21,-0.017544200142635625,-0.041251994019858636,0.0026681056821005753,
S28,pusht,float32,visual,6,21,0.1140485999088287,output_interaction_mse,9.314368342508625e-06,6.363948549764772e-07,2.0667111252420322e-05,21,0.008167016824366631,0.0005675523476753533,0.01781461304121978,
S28,pusht,float32,visual,6,21,0.1140485999088287,additive_quadratic_cross,-8.670077397647293e-05,-0.00015337797784684988,-3.2267402041040204e-05,21,-0.07602090165576972,-0.1344435535151783,-0.02921932534159448,
S28,pusht,float32,visual,6,21,0.1140485999088287,nonadditive_mse_remainder,6.669236590010976e-05,1.732690695187569e-05,0.00012830683217221714,21,0.05847714566721919,0.015435204497091773,0.11368001348435658,
S37,wall,bfloat16,proprio,1,192,1.3533078765682449e-05,output_interaction_mse,0.0,0.0,0.0,192,0.0,0.0,0.0,
S37,wall,bfloat16,proprio,1,192,1.3533078765682449e-05,additive_quadratic_cross,0.0,0.0,0.0,192,0.0,0.0,0.0,
S37,wall,bfloat16,proprio,1,192,1.3533078765682449e-05,nonadditive_mse_remainder,0.0,0.0,0.0,192,0.0,0.0,0.0,
S37,wall,bfloat16,proprio,1,192,1.3533078765682449e-05,factorial_from_arm_losses,0.0,,,0,0.0,,,Compact source omitted per-arm per-lineage losses; only aggregate factorial available
S37,wall,bfloat16,proprio,2,192,1.897599544810967e-05,factorial_from_arm_losses,0.0,,,0,0.0,,,Compact source omitted per-arm per-lineage losses; only aggregate factorial available
S37,wall,bfloat16,proprio,3,192,2.5434992548670465e-05,output_interaction_mse,1.4204042400011937e-07,1.4075807471195724e-07,1.4333047470413333e-07,192,0.5584449208244179,0.553403247288606,0.5635168731811777,
S37,wall,bfloat16,proprio,3,192,2.5434992548670465e-05,additive_quadratic_cross,7.610048472654829e-08,7.491921994842468e-08,7.732625300781674e-08,192,0.2991960173801042,0.2945517668427266,0.3040152375112795,
S37,wall,bfloat16,proprio,3,192,2.5434992548670465e-05,nonadditive_mse_remainder,-7.486917434250774e-08,-7.72373536269991e-08,-7.250671268306403e-08,192,-0.2943550079648885,-0.30366572146307347,-0.28506677383262735,
S37,wall,bfloat16,proprio,3,192,2.5434992548670465e-05,factorial_from_arm_losses,1.2312952004289637e-09,,,0,0.004840949719457754,,,Compact source omitted per-arm per-lineage losses; only aggregate factorial available
S37,wall,bfloat16,proprio,4,192,3.354756820837506e-05,factorial_from_arm_losses,-1.8810843789747456e-10,,,0,-0.0005607215304819434,,,Compact source omitted per-arm per-lineage losses; only aggregate factorial available
S37,wall,bfloat16,proprio,5,192,4.0551414172712746e-05,factorial_from_arm_losses,3.1553017438090496e-09,,,0,0.0077809906465167574,,,Compact source omitted per-arm per-lineage losses; only aggregate factorial available
S37,wall,bfloat16,proprio,6,192,4.751413366447951e-05,output_interaction_mse,1.3374969076718202e-07,1.2962617168005455e-07,1.405172895969204e-07,192,0.2814945374183898,0.272816026901402,0.2957378757848802,
S37,wall,bfloat16,proprio,6,192,4.751413366447951e-05,additive_quadratic_cross,7.484342937279946e-08,6.781421405772546e-08,8.72992205031135e-08,192,0.157518244784395,0.1427242987036125,0.18373316268286793,
S37,wall,bfloat16,proprio,6,192,4.751413366447951e-05,nonadditive_mse_remainder,-7.409120830159317e-08,-8.449212036184926e-08,-6.655837885903529e-08,192,-0.155935092544857,-0.17782523608341333,-0.1400812215772184,
S37,wall,bfloat16,proprio,6,192,4.751413366447951e-05,factorial_from_arm_losses,7.521028110333639e-10,,,0,0.0015829033448117333,,,Compact source omitted per-arm per-lineage losses; only aggregate factorial available
S37,wall,bfloat16,visual,1,192,0.015760013863958502,output_interaction_mse,0.0,0.0,0.0,192,0.0,0.0,0.0,
S37,wall,bfloat16,visual,1,192,0.015760013863958502,additive_quadratic_cross,0.0,0.0,0.0,192,0.0,0.0,0.0,
S37,wall,bfloat16,visual,1,192,0.015760013863958502,nonadditive_mse_remainder,0.0,0.0,0.0,192,0.0,0.0,0.0,
S37,wall,bfloat16,visual,1,192,0.015760013863958502,factorial_from_arm_losses,0.0,,,0,0.0,,,Compact source omitted per-arm per-lineage losses; only aggregate factorial available
S37,wall,bfloat16,visual,2,192,0.020308371390979806,factorial_from_arm_losses,0.0,,,0,0.0,,,Compact source omitted per-arm per-lineage losses; only aggregate factorial available
S37,wall,bfloat16,visual,3,192,0.022376166894625363,output_interaction_mse,7.374405721589717e-05,7.280332138530766e-05,7.4702576769167e-05,192,0.3295651912285751,0.3253610045373529,0.33384885409980636,
S37,wall,bfloat16,visual,3,192,0.022376166894625363,additive_quadratic_cross,0.00014651148276955227,0.00012734121814139712,0.0001660657497162125,192,0.6547657758342139,0.5690930834627614,0.7421545901863139,
S37,wall,bfloat16,visual,3,192,0.022376166894625363,nonadditive_mse_remainder,-6.0133244376975824e-05,-7.15549697872306e-05,-4.9099313785222e-05,192,-0.26873791503324695,-0.3197820704689941,-0.21942683041488845,
S37,wall,bfloat16,visual,3,192,0.022376166894625363,factorial_from_arm_losses,8.637825786454376e-05,,,0,0.3860279478219809,,,Compact source omitted per-arm per-lineage losses; only aggregate factorial available
S37,wall,bfloat16,visual,4,192,0.024889241330542555,factorial_from_arm_losses,9.576529831091876e-05,,,0,0.3847658393403958,,,Compact source omitted per-arm per-lineage losses; only aggregate factorial available
S37,wall,bfloat16,visual,5,192,0.029598855667603823,factorial_from_arm_losses,0.00014724467512156406,,,0,0.49746745879343063,,,Compact source omitted per-arm per-lineage losses; only aggregate factorial available
S37,wall,bfloat16,visual,6,192,0.03504094327361213,output_interaction_mse,0.0002507704168615212,7.566225524743858e-05,0.0005979942255564624,192,0.7156497326667741,0.21592528105376851,1.7065585845880662,
S37,wall,bfloat16,visual,6,192,0.03504094327361213,additive_quadratic_cross,0.00044012223005154323,7.094213084250255e-05,0.0011296086663300853,192,1.2560227805938686,0.20245496900172227,3.2236822436819104,
S37,wall,bfloat16,visual,6,192,0.03504094327361213,nonadditive_mse_remainder,-0.00023708365249675015,-0.0006185889129628595,-2.156893799353213e-05,192,-0.6765903835565065,-1.765331795245058,-0.06155353132224267,
S37,wall,bfloat16,visual,6,192,0.03504094327361213,factorial_from_arm_losses,0.00020303860880878377,,,0,0.57943248623014,,,Compact source omitted per-arm per-lineage losses; only aggregate factorial available
