task,episode,arm,component,score_change_mean,score_change_rms,centered_score_change_rms,native_elite_overlap_count,best_runnerup_margin,elite_boundary_margin
reach,0,fixed_rank4,full,0.0006652398904164632,0.0007344402440182724,0.00031122075803569326,10,0.12426674365997314,0.002160787582397461
reach,0,fixed_rank4,cached_full,0.0006652398904164632,0.0007344402440182724,0.00031122075803569326,10,0.12426674365997314,0.002160787582397461
reach,0,fixed_rank4,zero,0.0,0.0,0.0,10,0.12440919876098633,0.0012960433959960938
reach,0,fixed_rank4,mean_only,0.0006612861156463624,0.0007263161149689116,0.0003003926965105499,10,0.12419331073760986,0.0022771358489990234
reach,0,fixed_rank4,centered_only,3.999471664428711e-06,5.125266076270481e-05,5.109637425162702e-05,10,0.12448441982269287,0.0011801719665527344
reach,0,matched_random_fixed_rank4,full,0.0003023695945739746,0.00035781456484922477,0.00019132143396757796,10,0.1244344711303711,0.0014998912811279297
reach,0,matched_random_fixed_rank4,cached_full,0.0003023695945739746,0.00035781456484922477,0.00019132143396757796,10,0.1244344711303711,0.0014998912811279297
reach,0,matched_random_fixed_rank4,zero,0.0,0.0,0.0,10,0.12440919876098633,0.0012960433959960938
reach,0,matched_random_fixed_rank4,mean_only,0.00030742685000101724,0.00036503811879466886,0.00019682875824330866,10,0.12438881397247314,0.0015444755554199219
reach,0,matched_random_fixed_rank4,centered_only,-5.045731862386068e-06,3.7584490383583476e-05,3.7244254689368944e-05,10,0.12445497512817383,0.0012516975402832031
reach,1,fixed_rank4,full,-0.000378644863764445,0.0004779991809225562,0.00029173838298626303,10,0.039716362953186035,0.001850128173828125
reach,1,fixed_rank4,cached_full,-0.000378644863764445,0.0004779991809225562,0.00029173838298626303,10,0.039716362953186035,0.001850128173828125
reach,1,fixed_rank4,zero,0.0,0.0,0.0,10,0.039246439933776855,0.0017080307006835938
reach,1,fixed_rank4,mean_only,-0.00038152654965718585,0.0004860169433254323,0.00030108131975610736,10,0.0397031307220459,0.00183868408203125
reach,1,fixed_rank4,centered_only,2.8681755065917967e-06,3.210711105419581e-05,3.1978745277290813e-05,10,0.039260029792785645,0.0017194747924804688
reach,1,matched_random_fixed_rank4,full,6.653825441996256e-05,0.0002321380560704787,0.00022239770182024148,10,0.039080142974853516,0.001657724380493164
reach,1,matched_random_fixed_rank4,cached_full,6.653825441996256e-05,0.0002321380560704787,0.00022239770182024148,10,0.039080142974853516,0.001657724380493164
reach,1,matched_random_fixed_rank4,zero,0.0,0.0,0.0,10,0.039246439933776855,0.0017080307006835938
reach,1,matched_random_fixed_rank4,mean_only,6.145517031351725e-05,0.00022838927196504975,0.00021996572821797046,10,0.0391002893447876,0.0016646385192871094
reach,1,matched_random_fixed_rank4,centered_only,5.092620849609375e-06,2.269383167582727e-05,2.2115044856678563e-05,10,0.03922557830810547,0.0017015933990478516
reach,2,fixed_rank4,full,0.00018898884455362955,0.0003896749212498556,0.000340778169613849,10,0.005494117736816406,0.0047760009765625
reach,2,fixed_rank4,cached_full,0.00018898884455362955,0.0003896749212498556,0.000340778169613849,10,0.005494117736816406,0.0047760009765625
reach,2,fixed_rank4,zero,0.0,0.0,0.0,10,0.005929231643676758,0.005892753601074219
reach,2,fixed_rank4,mean_only,0.00018776655197143554,0.00038551365524500797,0.0003366964513343214,10,0.005381584167480469,0.004828214645385742
reach,2,fixed_rank4,centered_only,1.1722246805826824e-06,3.0214363639160002e-05,3.019161571393003e-05,10,0.00604248046875,0.005840778350830078
reach,2,matched_random_fixed_rank4,full,0.00034499406814575195,0.0005401400134763718,0.0004156083818963464,10,0.005164623260498047,0.005217552185058594
reach,2,matched_random_fixed_rank4,cached_full,0.00034499406814575195,0.0005401400134763718,0.0004156083818963464,10,0.005164623260498047,0.005217552185058594
reach,2,matched_random_fixed_rank4,zero,0.0,0.0,0.0,10,0.005929231643676758,0.005892753601074219
reach,2,matched_random_fixed_rank4,mean_only,0.0003459898630777995,0.0005386886098031282,0.000412887918180022,10,0.005204916000366211,0.005217075347900391
reach,2,matched_random_fixed_rank4,centered_only,-9.250640869140625e-07,3.372082229292422e-05,3.370813125265292e-05,10,0.005889415740966797,0.0058939456939697266
reach,3,fixed_rank4,full,0.0002602235476175944,0.0004345352660374721,0.0003480008659408339,10,0.0873262882232666,0.0005447864532470703
reach,3,fixed_rank4,cached_full,0.0002602235476175944,0.0004345352660374721,0.0003480008659408339,10,0.0873262882232666,0.0005447864532470703
reach,3,fixed_rank4,zero,0.0,0.0,0.0,10,0.08774161338806152,0.00042510032653808594
reach,3,fixed_rank4,mean_only,0.00025304555892944334,0.0004289164783003585,0.0003463196362663652,10,0.0873713493347168,0.0004978179931640625
reach,3,fixed_rank4,centered_only,7.23123550415039e-06,3.287421042571034e-05,3.206903403904454e-05,10,0.08769583702087402,0.0004718303680419922
reach,3,matched_random_fixed_rank4,full,0.00039800961812337237,0.0004910255254020207,0.0002875663583898815,10,0.08766365051269531,0.0006854534149169922
reach,3,matched_random_fixed_rank4,cached_full,0.00039800961812337237,0.0004910255254020207,0.0002875663583898815,10,0.08766365051269531,0.0006854534149169922
reach,3,matched_random_fixed_rank4,zero,0.0,0.0,0.0,10,0.08774161338806152,0.00042510032653808594
reach,3,matched_random_fixed_rank4,mean_only,0.00039190133412679036,0.00048197918307086825,0.000280565994417184,10,0.08767580986022949,0.0007073879241943359
reach,3,matched_random_fixed_rank4,centered_only,6.19967778523763e-06,4.181685393222213e-05,4.135472485881187e-05,10,0.08773016929626465,0.00041103363037109375
reach,4,fixed_rank4,full,0.0007902014255523681,0.0008670799355786224,0.00035694442387861037,10,0.07414484024047852,0.0009639263153076172
reach,4,fixed_rank4,cached_full,0.0007902014255523681,0.0008670799355786224,0.00035694442387861037,10,0.07414484024047852,0.0009639263153076172
reach,4,fixed_rank4,zero,0.0,0.0,0.0,10,0.07408356666564941,0.0011756420135498047
reach,4,fixed_rank4,mean_only,0.0007933406035105388,0.0008680002584314028,0.00035218622269832776,10,0.07412707805633545,0.0010210275650024414
reach,4,fixed_rank4,centered_only,-3.149509429931641e-06,5.195687254183305e-05,5.186132658040148e-05,10,0.07410132884979248,0.0011197328567504883
reach,4,matched_random_fixed_rank4,full,0.0005514693260192872,0.0006526428225343306,0.00034903328819098464,9,0.07396936416625977,0.00045478343963623047
reach,4,matched_random_fixed_rank4,cached_full,0.0005514693260192872,0.0006526428225343306,0.00034903328819098464,9,0.07396936416625977,0.00045478343963623047
reach,4,matched_random_fixed_rank4,zero,0.0,0.0,0.0,10,0.07408356666564941,0.0011756420135498047
reach,4,matched_random_fixed_rank4,mean_only,0.0005593983332316081,0.0006574166102507676,0.0003453550408077294,9,0.07394886016845703,0.0004736185073852539
reach,4,matched_random_fixed_rank4,centered_only,-7.9190731048584e-06,5.2132634801236745e-05,5.152766143033302e-05,10,0.07410407066345215,0.001194596290588379
reach,5,fixed_rank4,full,0.0005422373612721761,0.0006382953299314761,0.000336748529696745,10,0.045648932456970215,0.017241477966308594
reach,5,fixed_rank4,cached_full,0.0005422373612721761,0.0006382953299314761,0.000336748529696745,10,0.045648932456970215,0.017241477966308594
reach,5,fixed_rank4,zero,0.0,0.0,0.0,10,0.045953989028930664,0.017545700073242188
reach,5,fixed_rank4,mean_only,0.00053870956103007,0.0006344917384562503,0.00033521899561931743,10,0.04564225673675537,0.017238378524780273
reach,5,fixed_rank4,centered_only,3.5591920216878254e-06,3.8701941036428016e-05,3.853793445606426e-05,10,0.045960307121276855,0.017548799514770508
reach,5,matched_random_fixed_rank4,full,0.0004269476731618245,0.0005118285837198606,0.0002822838704112976,10,0.046187520027160645,0.017418861389160156
reach,5,matched_random_fixed_rank4,cached_full,0.0004269476731618245,0.0005118285837198606,0.0002822838704112976,10,0.046187520027160645,0.017418861389160156
reach,5,matched_random_fixed_rank4,zero,0.0,0.0,0.0,10,0.045953989028930664,0.017545700073242188
reach,5,matched_random_fixed_rank4,mean_only,0.0004270501931508382,0.0005116211653132702,0.00028175228362222783,10,0.04623234272003174,0.01739215850830078
reach,5,matched_random_fixed_rank4,centered_only,-1.1563301086425781e-07,4.1851693522216024e-05,4.185153377935267e-05,10,0.04590928554534912,0.017571687698364258
reach,6,fixed_rank4,full,0.0008173819382985433,0.0009102577662763474,0.0004005695545217108,10,0.05972743034362793,0.03693056106567383
reach,6,fixed_rank4,cached_full,0.0008173819382985433,0.0009102577662763474,0.0004005695545217108,10,0.05972743034362793,0.03693056106567383
reach,6,fixed_rank4,zero,0.0,0.0,0.0,10,0.06014358997344971,0.037203192710876465
reach,6,fixed_rank4,mean_only,0.0008172333240509033,0.0009037254738869404,0.0003858100908645162,10,0.05999338626861572,0.03694260120391846
reach,6,fixed_rank4,centered_only,2.574920654296875e-07,5.848691789950534e-05,5.848635108484474e-05,10,0.05987703800201416,0.037191152572631836
reach,6,matched_random_fixed_rank4,full,0.0005567975838979086,0.0006593259001747897,0.0003531105962821682,10,0.059313297271728516,0.037363648414611816
reach,6,matched_random_fixed_rank4,cached_full,0.0005567975838979086,0.0006593259001747897,0.0003531105962821682,10,0.059313297271728516,0.037363648414611816
reach,6,matched_random_fixed_rank4,zero,0.0,0.0,0.0,10,0.06014358997344971,0.037203192710876465
reach,6,matched_random_fixed_rank4,mean_only,0.000560757319132487,0.0006667021432036445,0.0003606147207085132,10,0.059445858001708984,0.03725004196166992
reach,6,matched_random_fixed_rank4,centered_only,-3.8695335388183595e-06,7.822239623058358e-05,7.812662786941708e-05,10,0.06001079082489014,0.03731656074523926
reach,7,fixed_rank4,full,-8.244593938191732e-05,0.0003422981917026014,0.0003322208890517032,10,0.003838062286376953,0.0007674694061279297
reach,7,fixed_rank4,cached_full,-8.244593938191732e-05,0.0003422981917026014,0.0003322208890517032,10,0.003838062286376953,0.0007674694061279297
reach,7,fixed_rank4,zero,0.0,0.0,0.0,10,0.0055882930755615234,0.0006873607635498047
reach,7,fixed_rank4,mean_only,-8.355140686035156e-05,0.00034395110118012916,0.00033364880100890436,10,0.0039408206939697266,0.0008165836334228516
reach,7,fixed_rank4,centered_only,1.136461893717448e-06,1.880304011787264e-05,1.8768664631199954e-05,10,0.0054852962493896484,0.000637054443359375
reach,7,matched_random_fixed_rank4,full,0.00020272334416707356,0.00036466423871842773,0.00030312250449250497,10,0.003346681594848633,0.0007936954498291016
reach,7,matched_random_fixed_rank4,cached_full,0.00020272334416707356,0.00036466423871842773,0.00030312250449250497,10,0.003346681594848633,0.0007936954498291016
reach,7,matched_random_fixed_rank4,zero,0.0,0.0,0.0,10,0.0055882930755615234,0.0006873607635498047
reach,7,matched_random_fixed_rank4,mean_only,0.0002023442586263021,0.0003622017273564406,0.00030041120535186685,10,0.0033664703369140625,0.0007700920104980469
reach,7,matched_random_fixed_rank4,centered_only,3.9259592692057293e-07,2.200743397666174e-05,2.2003931891261866e-05,10,0.005568742752075195,0.0007104873657226562
reach,8,fixed_rank4,full,0.0006426580746968588,0.0007128957903238007,0.0003085628086602843,10,0.015754222869873047,0.011299967765808105
reach,8,fixed_rank4,cached_full,0.0006426580746968588,0.0007128957903238007,0.0003085628086602843,10,0.015754222869873047,0.011299967765808105
reach,8,fixed_rank4,zero,0.0,0.0,0.0,10,0.01541447639465332,0.011309385299682617
reach,8,fixed_rank4,mean_only,0.0006411226590474447,0.0007079680143353391,0.0003003005917041407,10,0.015628814697265625,0.011297106742858887
reach,8,fixed_rank4,centered_only,1.5354156494140626e-06,3.551980363718524e-05,3.548660239030686e-05,10,0.015538215637207031,0.011312246322631836
reach,8,matched_random_fixed_rank4,full,0.0005100953578948974,0.0006075672585708959,0.0003300616602112858,10,0.015770912170410156,0.011469721794128418
reach,8,matched_random_fixed_rank4,cached_full,0.0005100953578948974,0.0006075672585708959,0.0003300616602112858,10,0.015770912170410156,0.011469721794128418
reach,8,matched_random_fixed_rank4,zero,0.0,0.0,0.0,10,0.01541447639465332,0.011309385299682617
reach,8,matched_random_fixed_rank4,mean_only,0.0005125200748443603,0.0006091581514966978,0.0003292367330909557,10,0.01574563980102539,0.011473536491394043
reach,8,matched_random_fixed_rank4,centered_only,-2.430280049641927e-06,4.569348723384355e-05,4.562881232806455e-05,10,0.015439987182617188,0.011305928230285645
reach,9,fixed_rank4,full,-0.00026636123657226564,0.00039179549332360496,0.00028732455558197695,10,0.042130231857299805,0.0007531642913818359
reach,9,fixed_rank4,cached_full,-0.00026636123657226564,0.00039179549332360496,0.00028732455558197695,10,0.042130231857299805,0.0007531642913818359
reach,9,fixed_rank4,zero,0.0,0.0,0.0,10,0.04161715507507324,0.0008411407470703125
reach,9,fixed_rank4,mean_only,-0.00027081251144409177,0.00039895387197710653,0.0002929586585354137,10,0.04214215278625488,0.0007669925689697266
reach,9,fixed_rank4,centered_only,4.514058430989583e-06,3.203333801810898e-05,3.1713688228650386e-05,10,0.04160571098327637,0.0008275508880615234
reach,9,matched_random_fixed_rank4,full,3.303368886311849e-05,0.00019302430693866885,0.0001901766506941589,10,0.041852712631225586,0.0009243488311767578
reach,9,matched_random_fixed_rank4,cached_full,3.303368886311849e-05,0.00019302430693866885,0.0001901766506941589,10,0.041852712631225586,0.0009243488311767578
reach,9,matched_random_fixed_rank4,zero,0.0,0.0,0.0,10,0.04161715507507324,0.0008411407470703125
reach,9,matched_random_fixed_rank4,mean_only,2.8371810913085938e-05,0.00019303256421672268,0.00019093614428283416,10,0.04184412956237793,0.0009160041809082031
reach,9,matched_random_fixed_rank4,centered_only,4.719098409016927e-06,2.4150017191943352e-05,2.3684455674073943e-05,10,0.041625022888183594,0.0008497238159179688
reach,10,fixed_rank4,full,0.0003540623188018799,0.0005229556569542692,0.0003848668517099221,10,0.10379624366760254,0.00037086009979248047
reach,10,fixed_rank4,cached_full,0.0003540623188018799,0.0005229556569542692,0.0003848668517099221,10,0.10379624366760254,0.00037086009979248047
reach,10,fixed_rank4,zero,0.0,0.0,0.0,10,0.10264825820922852,0.0006788969039916992
reach,10,fixed_rank4,mean_only,0.0003455928961435954,0.0004943872727639257,0.00035353122295779527,10,0.10353446006774902,0.0004527568817138672
reach,10,fixed_rank4,centered_only,8.460680643717447e-06,7.141951008508925e-05,7.091659399491202e-05,10,0.10290920734405518,0.0005984306335449219
reach,10,matched_random_fixed_rank4,full,0.0005990723768870036,0.0007026764880452245,0.0003672417924236382,10,0.10339975357055664,0.0003496408462524414
reach,10,matched_random_fixed_rank4,cached_full,0.0005990723768870036,0.0007026764880452245,0.0003672417924236382,10,0.10339975357055664,0.0003496408462524414
reach,10,matched_random_fixed_rank4,zero,0.0,0.0,0.0,10,0.10264825820922852,0.0006788969039916992
reach,10,matched_random_fixed_rank4,mean_only,0.0005976366996765137,0.0006986795805471628,0.00036191647029849844,10,0.1033165454864502,0.00035500526428222656
reach,10,matched_random_fixed_rank4,centered_only,1.4396508534749348e-06,4.9074841091383774e-05,4.9053719874894896e-05,10,0.10273218154907227,0.0006735324859619141
reach,11,fixed_rank4,full,-0.0002522389094034831,0.00047483394413615676,0.0004022969140906257,10,0.04582691192626953,0.0032079219818115234
reach,11,fixed_rank4,cached_full,-0.0002522389094034831,0.00047483394413615676,0.0004022969140906257,10,0.04582691192626953,0.0032079219818115234
reach,11,fixed_rank4,zero,0.0,0.0,0.0,10,0.04577493667602539,0.002926349639892578
reach,11,fixed_rank4,mean_only,-0.000259550412495931,0.0004931987543673751,0.0004193788200216154,10,0.045816898345947266,0.0032372474670410156
reach,11,fixed_rank4,centered_only,7.338523864746094e-06,4.7301036360355936e-05,4.672830093476828e-05,10,0.045784950256347656,0.002897024154663086
reach,11,matched_random_fixed_rank4,full,7.001558939615886e-05,0.00032785791930832806,0.00032029460266244674,10,0.046218156814575195,0.002949237823486328
reach,11,matched_random_fixed_rank4,cached_full,7.001558939615886e-05,0.00032785791930832806,0.00032029460266244674,10,0.046218156814575195,0.002949237823486328
reach,11,matched_random_fixed_rank4,zero,0.0,0.0,0.0,10,0.04577493667602539,0.002926349639892578
reach,11,matched_random_fixed_rank4,mean_only,6.42251968383789e-05,0.00032706009713264085,0.00032069211282394205,10,0.046207427978515625,0.0029642581939697266
reach,11,matched_random_fixed_rank4,centered_only,5.794366200764974e-06,2.373424323359157e-05,2.3016073127332553e-05,10,0.045786142349243164,0.0029113292694091797
reach,12,fixed_rank4,full,-0.0003929901123046875,0.0005564552497890048,0.0003939558562180449,10,0.008658885955810547,0.0028188228607177734
reach,12,fixed_rank4,cached_full,-0.0003929901123046875,0.0005564552497890048,0.0003939558562180449,10,0.008658885955810547,0.0028188228607177734
reach,12,fixed_rank4,zero,0.0,0.0,0.0,10,0.009073257446289062,0.002481222152709961
reach,12,fixed_rank4,mean_only,-0.0003984959920247396,0.0005697700266734894,0.00040723313671130385,10,0.008691787719726562,0.0028235912322998047
reach,12,fixed_rank4,centered_only,5.5440266927083335e-06,3.739683384600852e-05,3.698360379595945e-05,10,0.009035348892211914,0.002476930618286133
reach,12,matched_random_fixed_rank4,full,0.00011270761489868164,0.0002442655761264807,0.0002167087105407902,10,0.008743762969970703,0.002754688262939453
reach,12,matched_random_fixed_rank4,cached_full,0.00011270761489868164,0.0002442655761264807,0.0002167087105407902,10,0.008743762969970703,0.002754688262939453
reach,12,matched_random_fixed_rank4,zero,0.0,0.0,0.0,10,0.009073257446289062,0.002481222152709961
reach,12,matched_random_fixed_rank4,mean_only,0.00010616540908813477,0.00024325184135532484,0.00021886151839897557,10,0.008747577667236328,0.0027489662170410156
reach,12,matched_random_fixed_rank4,centered_only,6.539821624755859e-06,2.2183449105041707e-05,2.119755050264892e-05,10,0.009069204330444336,0.0024871826171875
reach,13,fixed_rank4,full,0.0003186357021331787,0.0004446342613214412,0.00031011435901447695,10,0.007454872131347656,0.016672968864440918
reach,13,fixed_rank4,cached_full,0.0003186357021331787,0.0004446342613214412,0.00031011435901447695,10,0.007454872131347656,0.016672968864440918
reach,13,fixed_rank4,zero,0.0,0.0,0.0,10,0.0074160099029541016,0.016209721565246582
reach,13,fixed_rank4,mean_only,0.00031543612480163576,0.000439963430137919,0.00030670485980637875,10,0.007443904876708984,0.016605019569396973
reach,13,fixed_rank4,centered_only,3.1618277231852214e-06,3.9938220216296813e-05,3.98128657533506e-05,10,0.00742650032043457,0.016277670860290527
reach,13,matched_random_fixed_rank4,full,0.00039817571640014647,0.0004882616249897514,0.00028258717824215367,10,0.0067174434661865234,0.016347408294677734
reach,13,matched_random_fixed_rank4,cached_full,0.00039817571640014647,0.0004882616249897514,0.00028258717824215367,10,0.0067174434661865234,0.016347408294677734
reach,13,matched_random_fixed_rank4,zero,0.0,0.0,0.0,10,0.0074160099029541016,0.016209721565246582
reach,13,matched_random_fixed_rank4,mean_only,0.0003994421164194743,0.0004886287044514776,0.0002814320636392743,10,0.006705164909362793,0.016341209411621094
reach,13,matched_random_fixed_rank4,centered_only,-1.2322266896565754e-06,4.198836780905582e-05,4.197028292320476e-05,10,0.007428765296936035,0.016216039657592773
reach,14,fixed_rank4,full,-9.653687477111816e-05,0.00032753654666557654,0.00031298693456921945,10,0.06959366798400879,0.002214670181274414
reach,14,fixed_rank4,cached_full,-9.653687477111816e-05,0.00032753654666557654,0.00031298693456921945,10,0.06959366798400879,0.002214670181274414
reach,14,fixed_rank4,zero,0.0,0.0,0.0,10,0.0715872049331665,0.0016930103302001953
reach,14,fixed_rank4,mean_only,-9.76701577504476e-05,0.00033201878772562784,0.00031732793083464646,10,0.06985020637512207,0.0022194385528564453
reach,14,fixed_rank4,centered_only,1.1571248372395834e-06,3.7694326713208986e-05,3.76765620575071e-05,10,0.07133376598358154,0.0016903877258300781
reach,14,matched_random_fixed_rank4,full,0.00012048681577046713,0.0003202330758579589,0.0002967021235160658,10,0.07064247131347656,0.0011074542999267578
reach,14,matched_random_fixed_rank4,cached_full,0.00012048681577046713,0.0003202330758579589,0.0002967021235160658,10,0.07064247131347656,0.0011074542999267578
reach,14,matched_random_fixed_rank4,zero,0.0,0.0,0.0,10,0.0715872049331665,0.0016930103302001953
reach,14,matched_random_fixed_rank4,mean_only,0.00011620799700419109,0.00031615033197938014,0.00029401825426824465,10,0.07066512107849121,0.0010921955108642578
reach,14,matched_random_fixed_rank4,centered_only,4.362265268961589e-06,2.3624706801694913e-05,2.3218471379254522e-05,10,0.07156479358673096,0.0017082691192626953
reach,15,fixed_rank4,full,0.0007454546292622884,0.0008032995082727831,0.0002993117032505064,10,0.017567157745361328,0.025496721267700195
reach,15,fixed_rank4,cached_full,0.0007454546292622884,0.0008032995082727831,0.0002993117032505064,10,0.017567157745361328,0.025496721267700195
reach,15,fixed_rank4,zero,0.0,0.0,0.0,10,0.0175020694732666,0.025425434112548828
reach,15,fixed_rank4,mean_only,0.0007485230763753255,0.0008047435307822567,0.00029550863687803034,10,0.017473220825195312,0.02542400360107422
reach,15,fixed_rank4,centered_only,-3.1046072642008463e-06,4.21204782504714e-05,4.20059055584272e-05,10,0.017595648765563965,0.025494813919067383
reach,15,matched_random_fixed_rank4,full,0.0006321156024932861,0.0007083323578580605,0.00031963196691399507,10,0.0172804594039917,0.02570509910583496
reach,15,matched_random_fixed_rank4,cached_full,0.0006321156024932861,0.0007083323578580605,0.00031963196691399507,10,0.0172804594039917,0.02570509910583496
reach,15,matched_random_fixed_rank4,zero,0.0,0.0,0.0,10,0.0175020694732666,0.025425434112548828
reach,15,matched_random_fixed_rank4,mean_only,0.0006394275029500326,0.0007127566858366522,0.00031488817328685783,10,0.017160654067993164,0.025588512420654297
reach,15,matched_random_fixed_rank4,centered_only,-7.295608520507813e-06,5.78800889031389e-05,5.7418453373029445e-05,10,0.017621755599975586,0.025541067123413086
reach,16,fixed_rank4,full,0.0006794186433156332,0.0007462375641902112,0.0003086434987549294,10,0.10588836669921875,0.001439809799194336
reach,16,fixed_rank4,cached_full,0.0006794186433156332,0.0007462375641902112,0.0003086434987549294,10,0.10588836669921875,0.001439809799194336
reach,16,fixed_rank4,zero,0.0,0.0,0.0,10,0.10586845874786377,0.0017192363739013672
reach,16,fixed_rank4,mean_only,0.0006799213091532389,0.0007379098933422561,0.00028673685506353273,10,0.10613477230072021,0.001447916030883789
reach,16,fixed_rank4,centered_only,-5.086263020833333e-07,5.209431586402152e-05,5.209183280155607e-05,10,0.10562217235565186,0.0017108917236328125
reach,16,matched_random_fixed_rank4,full,0.0005656015872955322,0.0006448419364678653,0.0003097030311062534,10,0.10542154312133789,0.001394510269165039
reach,16,matched_random_fixed_rank4,cached_full,0.0005656015872955322,0.0006448419364678653,0.0003097030311062534,10,0.10542154312133789,0.001394510269165039
reach,16,matched_random_fixed_rank4,zero,0.0,0.0,0.0,10,0.10586845874786377,0.0017192363739013672
reach,16,matched_random_fixed_rank4,mean_only,0.0005687924226125082,0.0006453179710558732,0.0003048121778181816,10,0.10543060302734375,0.00141143798828125
reach,16,matched_random_fixed_rank4,centered_only,-3.192424774169922e-06,4.523867777954078e-05,4.5125894908604116e-05,10,0.10585892200469971,0.0017020702362060547
reach,17,fixed_rank4,full,-4.8243204752604166e-05,0.00037638850993374417,0.0003732839450141709,10,0.020261049270629883,0.0030791759490966797
reach,17,fixed_rank4,cached_full,-4.8243204752604166e-05,0.00037638850993374417,0.0003732839450141709,10,0.020261049270629883,0.0030791759490966797
reach,17,fixed_rank4,zero,0.0,0.0,0.0,10,0.02071690559387207,0.0031321048736572266
reach,17,fixed_rank4,mean_only,-5.62739372253418e-05,0.0003755859934909508,0.000371346310733987,10,0.02032756805419922,0.0030732154846191406
reach,17,fixed_rank4,centered_only,8.03073247273763e-06,3.00094622043942e-05,2.8914964252931067e-05,10,0.020646095275878906,0.0031375885009765625
reach,17,matched_random_fixed_rank4,full,0.00013218959172566733,0.0003129093632801222,0.0002836162574109123,10,0.02057790756225586,0.003147125244140625
reach,17,matched_random_fixed_rank4,cached_full,0.00013218959172566733,0.0003129093632801222,0.0002836162574109123,10,0.02057790756225586,0.003147125244140625
reach,17,matched_random_fixed_rank4,zero,0.0,0.0,0.0,10,0.02071690559387207,0.0031321048736572266
reach,17,matched_random_fixed_rank4,mean_only,0.00012346982955932617,0.000310663480688064,0.00028507367367369094,10,0.020584821701049805,0.0031456947326660156
reach,17,matched_random_fixed_rank4,centered_only,8.73565673828125e-06,3.553918768348858e-05,3.4448833979587e-05,10,0.020710229873657227,0.003133058547973633
reach,18,fixed_rank4,full,-0.00035596688588460286,0.000596743475256755,0.00047894712799548923,9,0.2539856433868408,0.00011444091796875
reach,18,fixed_rank4,cached_full,-0.00035596688588460286,0.000596743475256755,0.00047894712799548923,9,0.2539856433868408,0.00011444091796875
reach,18,fixed_rank4,zero,0.0,0.0,0.0,10,0.2538630962371826,0.0006566047668457031
reach,18,fixed_rank4,mean_only,-0.0003574490547180176,0.0005970083090834745,0.0004781726616985806,9,0.25397801399230957,8.58306884765625e-05
reach,18,fixed_rank4,centered_only,1.4503796895345051e-06,5.416466966310215e-05,5.414524760742317e-05,10,0.25387120246887207,0.0006260871887207031
reach,18,matched_random_fixed_rank4,full,2.010981241861979e-05,0.0003325388827531031,0.0003319302697663622,9,0.2542130947113037,9.226799011230469e-05
reach,18,matched_random_fixed_rank4,cached_full,2.010981241861979e-05,0.0003325388827531031,0.0003319302697663622,9,0.2542130947113037,9.226799011230469e-05
reach,18,matched_random_fixed_rank4,zero,0.0,0.0,0.0,10,0.2538630962371826,0.0006566047668457031
reach,18,matched_random_fixed_rank4,mean_only,1.0101000467936198e-05,0.0003343914648875698,0.00033423886904308656,9,0.2542273998260498,8.726119995117188e-05
reach,18,matched_random_fixed_rank4,centered_only,9.964307149251303e-06,2.5683668407258705e-05,2.3671996237947447e-05,10,0.2538487911224365,0.0006520748138427734
reach,19,fixed_rank4,full,-0.00022568146387736004,0.0004317942691747859,0.00036812249015016636,10,0.003871917724609375,0.0009889602661132812
reach,19,fixed_rank4,cached_full,-0.00022568146387736004,0.0004317942691747859,0.00036812249015016636,10,0.003871917724609375,0.0009889602661132812
reach,19,fixed_rank4,zero,0.0,0.0,0.0,10,0.003436565399169922,0.0013561248779296875
reach,19,fixed_rank4,mean_only,-0.00023396492004394532,0.0004461791134685676,0.0003799160663678587,10,0.0038399696350097656,0.000986337661743164
reach,19,fixed_rank4,centered_only,8.347829182942709e-06,3.842206944100937e-05,3.7504255332724e-05,10,0.0034689903259277344,0.0013585090637207031
reach,19,matched_random_fixed_rank4,full,6.66205088297526e-05,0.0003235821587380953,0.0003166498401339732,10,0.0039174556732177734,0.001125335693359375
reach,19,matched_random_fixed_rank4,cached_full,6.66205088297526e-05,0.0003235821587380953,0.0003166498401339732,10,0.0039174556732177734,0.001125335693359375
reach,19,matched_random_fixed_rank4,zero,0.0,0.0,0.0,10,0.003436565399169922,0.0013561248779296875
reach,19,matched_random_fixed_rank4,mean_only,5.887269973754883e-05,0.0003220633511282746,0.0003166367119674955,10,0.003910064697265625,0.0011250972747802734
reach,19,matched_random_fixed_rank4,centered_only,7.754961649576822e-06,2.491036442054544e-05,2.367249089931114e-05,10,0.0034432411193847656,0.001356363296508789
reach,20,fixed_rank4,full,0.0002573227882385254,0.0004809894880623987,0.00040636913056933763,9,0.04810738563537598,0.0003330707550048828
reach,20,fixed_rank4,cached_full,0.0002573227882385254,0.0004809894880623987,0.00040636913056933763,9,0.04810738563537598,0.0003330707550048828
reach,20,fixed_rank4,zero,0.0,0.0,0.0,10,0.047879695892333984,9.059906005859375e-06
reach,20,fixed_rank4,mean_only,0.0002533539136250814,0.00047797861191724327,0.0004053089536405401,9,0.04812979698181152,0.00031185150146484375
reach,20,fixed_rank4,centered_only,3.970464070638021e-06,4.7443591938650345e-05,4.727715971909628e-05,10,0.04788064956665039,1.8358230590820312e-05
reach,20,matched_random_fixed_rank4,full,0.00023943424224853515,0.00036673604271762446,0.0002777887122743706,9,0.048091888427734375,6.413459777832031e-05
reach,20,matched_random_fixed_rank4,cached_full,0.00023943424224853515,0.00036673604271762446,0.0002777887122743706,9,0.048091888427734375,6.413459777832031e-05
reach,20,matched_random_fixed_rank4,zero,0.0,0.0,0.0,10,0.047879695892333984,9.059906005859375e-06
reach,20,matched_random_fixed_rank4,mean_only,0.0002326512336730957,0.0003583879983651248,0.0002726084386855024,9,0.048056602478027344,2.1457672119140625e-05
reach,20,matched_random_fixed_rank4,centered_only,6.80843989054362e-06,3.172754737503525e-05,3.098842378521309e-05,10,0.04792141914367676,9.775161743164062e-06
reach,21,fixed_rank4,full,0.0006274247169494629,0.0006665380404918066,0.00022496929564619174,10,0.0565943717956543,0.0012218952178955078
reach,21,fixed_rank4,cached_full,0.0006274247169494629,0.0006665380404918066,0.00022496929564619174,10,0.0565943717956543,0.0012218952178955078
reach,21,fixed_rank4,zero,0.0,0.0,0.0,10,0.05610489845275879,0.0013887882232666016
reach,21,fixed_rank4,mean_only,0.0006260879834493002,0.000663653494255436,0.00022011314685370105,10,0.05641460418701172,0.0011408329010009766
reach,21,fixed_rank4,centered_only,1.3891855875651043e-06,4.755979170412821e-05,4.7539498844049286e-05,10,0.05628061294555664,0.001468658447265625
reach,21,matched_random_fixed_rank4,full,0.0003437368075052897,0.00040360831556622876,0.00021152938226232288,10,0.055951833724975586,0.0012226104736328125
reach,21,matched_random_fixed_rank4,cached_full,0.0003437368075052897,0.00040360831556622876,0.00021152938226232288,10,0.055951833724975586,0.0012226104736328125
reach,21,matched_random_fixed_rank4,zero,0.0,0.0,0.0,10,0.05610489845275879,0.0013887882232666016
reach,21,matched_random_fixed_rank4,mean_only,0.0003483287493387858,0.0004082412451728993,0.0002129037262341751,10,0.055860042572021484,0.0011243820190429688
reach,21,matched_random_fixed_rank4,centered_only,-4.609425862630208e-06,3.899356573658808e-05,3.872016738174735e-05,10,0.056197166442871094,0.0014865398406982422
reach,22,fixed_rank4,full,-2.3193359375e-05,0.00032049920231153365,0.00031965889126259493,10,0.0747685432434082,0.0011208057403564453
reach,22,fixed_rank4,cached_full,-2.3193359375e-05,0.00032049920231153365,0.00031965889126259493,10,0.0747685432434082,0.0011208057403564453
reach,22,fixed_rank4,zero,0.0,0.0,0.0,10,0.07497549057006836,0.0009000301361083984
reach,22,fixed_rank4,mean_only,-2.700010935465495e-05,0.0003289888065254558,0.0003278789851666015,10,0.07470345497131348,0.0011494159698486328
reach,22,fixed_rank4,centered_only,3.856817881266276e-06,2.6875111484973908e-05,2.6596927889523654e-05,10,0.07503771781921387,0.0008704662322998047
reach,22,matched_random_fixed_rank4,full,8.956750233968099e-05,0.0002514204070265234,0.00023492527236126373,10,0.07411551475524902,0.0011532306671142578
reach,22,matched_random_fixed_rank4,cached_full,8.956750233968099e-05,0.0002514204070265234,0.00023492527236126373,10,0.07411551475524902,0.0011532306671142578
reach,22,matched_random_fixed_rank4,zero,0.0,0.0,0.0,10,0.07497549057006836,0.0009000301361083984
reach,22,matched_random_fixed_rank4,mean_only,8.368651072184245e-05,0.0002537138319339648,0.00023951466852328496,10,0.0741276741027832,0.0011568069458007812
reach,22,matched_random_fixed_rank4,centered_only,5.867481231689453e-06,2.4018850604572664e-05,2.3291153864945217e-05,10,0.07496356964111328,0.0008947849273681641
reach,23,fixed_rank4,full,0.0007514945665995279,0.0008061456948809789,0.0002917649700469951,10,0.06900632381439209,0.008908271789550781
reach,23,fixed_rank4,cached_full,0.0007514945665995279,0.0008061456948809789,0.0002917649700469951,10,0.06900632381439209,0.008908271789550781
reach,23,fixed_rank4,zero,0.0,0.0,0.0,10,0.0679938793182373,0.008980035781860352
reach,23,fixed_rank4,mean_only,0.0007507812976837158,0.0008018144265256161,0.0002814850220401761,10,0.06915450096130371,0.008904218673706055
reach,23,fixed_rank4,centered_only,6.687641143798829e-07,5.5430527200055736e-05,5.54264927650617e-05,10,0.06784725189208984,0.008983492851257324
reach,23,matched_random_fixed_rank4,full,0.0006246614456176758,0.0007046602476479053,0.0003261044970159759,10,0.06867790222167969,0.00891578197479248
reach,23,matched_random_fixed_rank4,cached_full,0.0006246614456176758,0.0007046602476479053,0.0003261044970159759,10,0.06867790222167969,0.00891578197479248
reach,23,matched_random_fixed_rank4,zero,0.0,0.0,0.0,10,0.0679938793182373,0.008980035781860352
reach,23,matched_random_fixed_rank4,mean_only,0.0006282424926757812,0.0007081561371130854,0.0003267973147494452,10,0.06889569759368896,0.008808732032775879
reach,23,matched_random_fixed_rank4,centered_only,-3.6160151163736978e-06,6.668635707713043e-05,6.658824712287223e-05,10,0.06777715682983398,0.009086251258850098
reach,24,fixed_rank4,full,0.0008764920632044474,0.0009596856242055015,0.00039084288460494455,10,0.14290237426757812,0.02512824535369873
reach,24,fixed_rank4,cached_full,0.0008764920632044474,0.0009596856242055015,0.00039084288460494455,10,0.14290237426757812,0.02512824535369873
reach,24,fixed_rank4,zero,0.0,0.0,0.0,10,0.14308702945709229,0.02577817440032959
reach,24,fixed_rank4,mean_only,0.0008725541830062867,0.0009556541013256199,0.0003897742411944507,10,0.14301776885986328,0.025223851203918457
reach,24,fixed_rank4,centered_only,3.980000813802083e-06,4.90630097961801e-05,4.8901314131444345e-05,10,0.14297181367874146,0.025684237480163574
reach,24,matched_random_fixed_rank4,full,0.0008084523677825928,0.0009245005362373488,0.00044844844801812493,10,0.14304423332214355,0.025157690048217773
reach,24,matched_random_fixed_rank4,cached_full,0.0008084523677825928,0.0009245005362373488,0.00044844844801812493,10,0.14304423332214355,0.025157690048217773
reach,24,matched_random_fixed_rank4,zero,0.0,0.0,0.0,10,0.14308702945709229,0.02577817440032959
reach,24,matched_random_fixed_rank4,mean_only,0.000807955265045166,0.0009269803484143694,0.00045442365258888237,10,0.14304786920547485,0.025160670280456543
reach,24,matched_random_fixed_rank4,centered_only,6.18894894917806e-07,7.443314720814397e-05,7.443057417767428e-05,10,0.14308422803878784,0.02577507495880127
reach,25,fixed_rank4,full,0.00015148679415384928,0.00036724167221285865,0.0003345417716917964,9,0.03203177452087402,0.00014972686767578125
reach,25,fixed_rank4,cached_full,0.00015148679415384928,0.00036724167221285865,0.0003345417716917964,9,0.03203177452087402,0.00014972686767578125
reach,25,fixed_rank4,zero,0.0,0.0,0.0,10,0.0319293737411499,0.00019121170043945312
reach,25,fixed_rank4,mean_only,0.00015044291814168294,0.00036669125816755823,0.0003344090417400847,9,0.03204202651977539,0.0001773834228515625
reach,25,fixed_rank4,centered_only,1.022020975748698e-06,2.38278606175562e-05,2.380593234332181e-05,10,0.03191804885864258,0.0001881122589111328
reach,25,matched_random_fixed_rank4,full,0.00032762686411539715,0.00048505530086635215,0.00035768601147998294,9,0.03178298473358154,0.0002645254135131836
reach,25,matched_random_fixed_rank4,cached_full,0.00032762686411539715,0.00048505530086635215,0.00035768601147998294,9,0.03178298473358154,0.0002645254135131836
reach,25,matched_random_fixed_rank4,zero,0.0,0.0,0.0,10,0.0319293737411499,0.00019121170043945312
reach,25,matched_random_fixed_rank4,mean_only,0.0003266771634419759,0.00048010725798409667,0.00035183093959245893,9,0.031700968742370605,0.00024902820587158203
reach,25,matched_random_fixed_rank4,centered_only,9.72747802734375e-07,3.392839490178089e-05,3.391444739817335e-05,10,0.03201091289520264,0.0001761913299560547
reach,26,fixed_rank4,full,0.0003034186363220215,0.0004326345451372005,0.0003083987366682251,10,0.09632396697998047,0.0050411224365234375
reach,26,fixed_rank4,cached_full,0.0003034186363220215,0.0004326345451372005,0.0003083987366682251,10,0.09632396697998047,0.0050411224365234375
reach,26,fixed_rank4,zero,0.0,0.0,0.0,10,0.09499621391296387,0.004899859428405762
reach,26,fixed_rank4,mean_only,0.0003001439571380615,0.0004240052441871563,0.00029948965272896415,10,0.09607517719268799,0.005031466484069824
reach,26,fixed_rank4,centered_only,3.344217936197917e-06,4.5040261820648924e-05,4.491593694077657e-05,10,0.0952444076538086,0.004909396171569824
reach,26,matched_random_fixed_rank4,full,0.0003424413998921712,0.0004330363753535688,0.0002650554470657922,10,0.0963667631149292,0.005150914192199707
reach,26,matched_random_fixed_rank4,cached_full,0.0003424413998921712,0.0004330363753535688,0.0002650554470657922,10,0.0963667631149292,0.005150914192199707
reach,26,matched_random_fixed_rank4,zero,0.0,0.0,0.0,10,0.09499621391296387,0.004899859428405762
reach,26,matched_random_fixed_rank4,mean_only,0.00034278909365336103,0.00043173109172613963,0.0002624640410329607,10,0.09635722637176514,0.005182504653930664
reach,26,matched_random_fixed_rank4,centered_only,-2.7974446614583333e-07,4.3400440111331125e-05,4.339953853315609e-05,10,0.09500527381896973,0.004868268966674805
reach,27,fixed_rank4,full,0.0007568045457204183,0.0008482067868825741,0.0003830164916691862,10,0.10380661487579346,0.0028002262115478516
reach,27,fixed_rank4,cached_full,0.0007568045457204183,0.0008482067868825741,0.0003830164916691862,10,0.10380661487579346,0.0028002262115478516
reach,27,fixed_rank4,zero,0.0,0.0,0.0,10,0.10656797885894775,0.003144502639770508
reach,27,fixed_rank4,mean_only,0.0007521665096282959,0.0008377997523984004,0.000368990469947948,10,0.10392463207244873,0.0027480125427246094
reach,27,fixed_rank4,centered_only,4.706382751464843e-06,5.14192933694936e-05,5.120345390708289e-05,10,0.1064523458480835,0.003196120262145996
reach,27,matched_random_fixed_rank4,full,0.0004822119077046712,0.000581790356006852,0.0003255022187488147,10,0.10567271709442139,0.002837538719177246
reach,27,matched_random_fixed_rank4,cached_full,0.0004822119077046712,0.000581790356006852,0.0003255022187488147,10,0.10567271709442139,0.002837538719177246
reach,27,matched_random_fixed_rank4,zero,0.0,0.0,0.0,10,0.10656797885894775,0.003144502639770508
reach,27,matched_random_fixed_rank4,mean_only,0.0004839615027109782,0.0005863904868586241,0.00033111186474064317,10,0.105660080909729,0.0027829408645629883
reach,27,matched_random_fixed_rank4,centered_only,-1.7042954762776693e-06,5.7654917357601395e-05,5.7629722127053385e-05,10,0.10658097267150879,0.0031992197036743164
reach,28,fixed_rank4,full,0.0008638366063435872,0.0009245020928578827,0.0003293788658056245,10,0.055922508239746094,0.003058195114135742
reach,28,fixed_rank4,cached_full,0.0008638366063435872,0.0009245020928578827,0.0003293788658056245,10,0.055922508239746094,0.003058195114135742
reach,28,fixed_rank4,zero,0.0,0.0,0.0,10,0.05597567558288574,0.0022470951080322266
reach,28,fixed_rank4,mean_only,0.0008667707443237305,0.0009237513457245349,0.0003194135650099657,10,0.05631661415100098,0.003122091293334961
reach,28,fixed_rank4,centered_only,-2.9269854227701824e-06,5.314108388270668e-05,5.306041417633072e-05,10,0.05558300018310547,0.0021800994873046875
reach,28,matched_random_fixed_rank4,full,0.0004805874824523926,0.0006118173682286582,0.0003786240401457796,10,0.05477499961853027,0.0032052993774414062
reach,28,matched_random_fixed_rank4,cached_full,0.0004805874824523926,0.0006118173682286582,0.0003786240401457796,10,0.05477499961853027,0.0032052993774414062
reach,28,matched_random_fixed_rank4,zero,0.0,0.0,0.0,10,0.05597567558288574,0.0022470951080322266
reach,28,matched_random_fixed_rank4,mean_only,0.0004854679107666016,0.0006157530380783863,0.0003787779184676341,10,0.05501532554626465,0.003390789031982422
reach,28,matched_random_fixed_rank4,centered_only,-4.830360412597657e-06,5.93333044522243e-05,5.913635629208778e-05,10,0.05573701858520508,0.0020585060119628906
reach,29,fixed_rank4,full,0.0005257495244344075,0.0005772560357219687,0.00023835261344159233,10,0.01901388168334961,0.005911350250244141
reach,29,fixed_rank4,cached_full,0.0005257495244344075,0.0005772560357219687,0.00023835261344159233,10,0.01901388168334961,0.005911350250244141
reach,29,fixed_rank4,zero,0.0,0.0,0.0,10,0.019166946411132812,0.006410360336303711
reach,29,fixed_rank4,mean_only,0.0005214460690816244,0.0005699916238862967,0.00023018351013888775,10,0.01906561851501465,0.006110668182373047
reach,29,fixed_rank4,centered_only,4.3328603108723955e-06,3.111689770802771e-05,3.0813757390138695e-05,10,0.01911473274230957,0.00620579719543457
reach,29,matched_random_fixed_rank4,full,0.0003356734911600749,0.00041325838298340926,0.00024105144355193001,10,0.019032001495361328,0.00585484504699707
reach,29,matched_random_fixed_rank4,cached_full,0.0003356734911600749,0.00041325838298340926,0.00024105144355193001,10,0.019032001495361328,0.00585484504699707
reach,29,matched_random_fixed_rank4,zero,0.0,0.0,0.0,10,0.019166946411132812,0.006410360336303711
reach,29,matched_random_fixed_rank4,mean_only,0.0003346077601114909,0.00040683165470226465,0.00023140795608827635,10,0.01902174949645996,0.005804777145385742
reach,29,matched_random_fixed_rank4,centered_only,1.087188720703125e-06,3.3782771303706e-05,3.3765272953792e-05,10,0.019176721572875977,0.006461143493652344
reach,30,fixed_rank4,full,0.0005765179793039958,0.000655426020752037,0.000311785644663264,10,0.038495659828186035,0.0025713443756103516
reach,30,fixed_rank4,cached_full,0.0005765179793039958,0.000655426020752037,0.000311785644663264,10,0.038495659828186035,0.0025713443756103516
reach,30,fixed_rank4,zero,0.0,0.0,0.0,10,0.03696036338806152,0.0026166439056396484
reach,30,fixed_rank4,mean_only,0.0005681908130645752,0.0006442235288236839,0.0003036167897845192,10,0.03828632831573486,0.0025436878204345703
reach,30,fixed_rank4,centered_only,8.33590825398763e-06,4.705500073065485e-05,4.6310751746684374e-05,10,0.03716254234313965,0.002644777297973633
reach,30,matched_random_fixed_rank4,full,0.0005179703235626221,0.0005971399404396035,0.0002971243045875679,10,0.03743398189544678,0.0028562545776367188
reach,30,matched_random_fixed_rank4,cached_full,0.0005179703235626221,0.0005971399404396035,0.0002971243045875679,10,0.03743398189544678,0.0028562545776367188
reach,30,matched_random_fixed_rank4,zero,0.0,0.0,0.0,10,0.03696036338806152,0.0026166439056396484
reach,30,matched_random_fixed_rank4,mean_only,0.0005188087622324625,0.0005995087729798436,0.00030041344362497787,10,0.03749191761016846,0.0029001235961914062
reach,30,matched_random_fixed_rank4,centered_only,-8.424123128255208e-07,4.1287177859105746e-05,4.127858278895524e-05,10,0.03690338134765625,0.0025734901428222656
reach,31,fixed_rank4,full,0.0008908712863922119,0.0009415397405474903,0.0003047054874991932,10,0.032854318618774414,0.007135748863220215
reach,31,fixed_rank4,cached_full,0.0008908712863922119,0.0009415397405474903,0.0003047054874991932,10,0.032854318618774414,0.007135748863220215
reach,31,fixed_rank4,zero,0.0,0.0,0.0,10,0.03262937068939209,0.007540106773376465
reach,31,fixed_rank4,mean_only,0.0008911128838857015,0.0009382286338106064,0.0002935826927375405,10,0.03275573253631592,0.007162690162658691
reach,31,fixed_rank4,centered_only,-2.555052439371745e-07,4.762905037149096e-05,4.7628365039756966e-05,10,0.03272449970245361,0.007513642311096191
reach,31,matched_random_fixed_rank4,full,0.00038750807444254556,0.00046276001324339173,0.0002529512247427449,10,0.032616496086120605,0.007203578948974609
reach,31,matched_random_fixed_rank4,cached_full,0.00038750807444254556,0.00046276001324339173,0.0002529512247427449,10,0.032616496086120605,0.007203578948974609
reach,31,matched_random_fixed_rank4,zero,0.0,0.0,0.0,10,0.03262937068939209,0.007540106773376465
reach,31,matched_random_fixed_rank4,mean_only,0.00039116819699605305,0.0004704968024089606,0.0002614472848126627,10,0.03254735469818115,0.007325530052185059
reach,31,matched_random_fixed_rank4,centered_only,-3.641049067179362e-06,5.8213192579955136e-05,5.809921300707382e-05,10,0.032697200775146484,0.007418036460876465
reach-wall,0,fixed_rank4,full,0.0006862966219584148,0.0007599481165454879,0.00032637108715311046,10,0.12520647048950195,0.0017905235290527344
reach-wall,0,fixed_rank4,cached_full,0.0006862966219584148,0.0007599481165454879,0.00032637108715311046,10,0.12520647048950195,0.0017905235290527344
reach-wall,0,fixed_rank4,zero,0.0,0.0,0.0,10,0.1253058910369873,0.0017766952514648438
reach-wall,0,fixed_rank4,mean_only,0.0006852070490519206,0.0007563614288599341,0.0003202716206544064,10,0.12514615058898926,0.001752614974975586
reach-wall,0,fixed_rank4,centered_only,1.1150042215983073e-06,1.4734416074123819e-05,1.4692167390525344e-05,10,0.1253643035888672,0.001814126968383789
reach-wall,0,matched_random_fixed_rank4,full,0.0005101156234741211,0.0006146233002177739,0.0003428466885623901,10,0.1255016326904297,0.002089262008666992
reach-wall,0,matched_random_fixed_rank4,cached_full,0.0005101156234741211,0.0006146233002177739,0.0003428466885623901,10,0.1255016326904297,0.002089262008666992
reach-wall,0,matched_random_fixed_rank4,zero,0.0,0.0,0.0,10,0.1253058910369873,0.0017766952514648438
reach-wall,0,matched_random_fixed_rank4,mean_only,0.0005087089538574218,0.0006087496306367142,0.0003343520794994752,10,0.12534880638122559,0.0020236968994140625
reach-wall,0,matched_random_fixed_rank4,centered_only,1.3462702433268229e-06,3.9045500440106946e-05,3.90222841598275e-05,10,0.1254580020904541,0.0018415451049804688
reach-wall,1,fixed_rank4,full,0.00015390475591023763,0.0004033064326770296,0.0003727860039578761,10,0.006467580795288086,0.006273746490478516
reach-wall,1,fixed_rank4,cached_full,0.00015390475591023763,0.0004033064326770296,0.0003727860039578761,10,0.006467580795288086,0.006273746490478516
reach-wall,1,fixed_rank4,zero,0.0,0.0,0.0,10,0.005713939666748047,0.005887508392333984
reach-wall,1,fixed_rank4,mean_only,0.00015233755111694337,0.000398513380948759,0.0003682474511994664,10,0.0064754486083984375,0.006262540817260742
reach-wall,1,fixed_rank4,centered_only,1.5552838643391927e-06,1.441070870356511e-05,1.4326535430463758e-05,10,0.005706071853637695,0.0058977603912353516
reach-wall,1,matched_random_fixed_rank4,full,0.0002869717280069987,0.0005156755037695883,0.0004284488913659316,10,0.0065381526947021484,0.006386756896972656
reach-wall,1,matched_random_fixed_rank4,cached_full,0.0002869717280069987,0.0005156755037695883,0.0004284488913659316,10,0.0065381526947021484,0.006386756896972656
reach-wall,1,matched_random_fixed_rank4,zero,0.0,0.0,0.0,10,0.005713939666748047,0.005887508392333984
reach-wall,1,matched_random_fixed_rank4,mean_only,0.000283962885538737,0.0005113678485278689,0.0004252789157065463,10,0.006568193435668945,0.0063893795013427734
reach-wall,1,matched_random_fixed_rank4,centered_only,2.982616424560547e-06,3.351007126294522e-05,3.3377071101455394e-05,10,0.0056858062744140625,0.005938291549682617
reach-wall,2,fixed_rank4,full,0.00016113440195719402,0.0004155291405157874,0.00038301458343473877,10,0.15523099899291992,0.003961086273193359
reach-wall,2,fixed_rank4,cached_full,0.00016113440195719402,0.0004155291405157874,0.00038301458343473877,10,0.15523099899291992,0.003961086273193359
reach-wall,2,fixed_rank4,zero,0.0,0.0,0.0,10,0.15526056289672852,0.00376129150390625
reach-wall,2,fixed_rank4,mean_only,0.00016038576761881511,0.0004095743906244176,0.0003768654759999733,10,0.15517091751098633,0.003941059112548828
reach-wall,2,fixed_rank4,centered_only,7.39892323811849e-07,1.481968539752315e-05,1.4801203823700464e-05,10,0.155318021774292,0.0037810802459716797
reach-wall,2,matched_random_fixed_rank4,full,0.00043300390243530276,0.0005911549321693882,0.00040245717076975137,10,0.15540647506713867,0.003839731216430664
reach-wall,2,matched_random_fixed_rank4,cached_full,0.00043300390243530276,0.0005911549321693882,0.00040245717076975137,10,0.15540647506713867,0.003839731216430664
reach-wall,2,matched_random_fixed_rank4,zero,0.0,0.0,0.0,10,0.15526056289672852,0.00376129150390625
reach-wall,2,matched_random_fixed_rank4,mean_only,0.0004258243242899577,0.0005799797730923705,0.00039376411979671086,10,0.15522050857543945,0.0038514137268066406
reach-wall,2,matched_random_fixed_rank4,centered_only,7.099310557047526e-06,4.028989708482176e-05,3.965949566900873e-05,10,0.1554412841796875,0.003749370574951172
reach-wall,3,fixed_rank4,full,0.00042765061060587566,0.0005905014121855051,0.0004071939010367144,10,0.40664005279541016,0.00041985511779785156
reach-wall,3,fixed_rank4,cached_full,0.00042765061060587566,0.0005905014121855051,0.0004071939010367144,10,0.40664005279541016,0.00041985511779785156
reach-wall,3,fixed_rank4,zero,0.0,0.0,0.0,10,0.40804576873779297,0.0004546642303466797
reach-wall,3,fixed_rank4,mean_only,0.0004242308934529622,0.0005835271589475551,0.00040066456577729287,10,0.406635046005249,0.0004279613494873047
reach-wall,3,fixed_rank4,centered_only,3.4268697102864583e-06,1.594911594421822e-05,1.5576612705939537e-05,10,0.4080510139465332,0.0004467964172363281
reach-wall,3,matched_random_fixed_rank4,full,0.0005798053741455078,0.0007661360195178772,0.0005007895051962299,10,0.4071028232574463,0.0004634857177734375
reach-wall,3,matched_random_fixed_rank4,cached_full,0.0005798053741455078,0.0007661360195178772,0.0005007895051962299,10,0.4071028232574463,0.0004634857177734375
reach-wall,3,matched_random_fixed_rank4,zero,0.0,0.0,0.0,10,0.40804576873779297,0.0004546642303466797
reach-wall,3,matched_random_fixed_rank4,mean_only,0.0005703028043111166,0.00075180449873006,0.0004898619353508016,10,0.40700626373291016,0.0004649162292480469
reach-wall,3,matched_random_fixed_rank4,centered_only,9.456475575764974e-06,3.887474944641789e-05,3.7707044623077114e-05,10,0.4081432819366455,0.00045371055603027344
reach-wall,4,fixed_rank4,full,0.0006984138488769532,0.0007624558811216342,0.0003058709962612474,10,0.032739877700805664,0.007768869400024414
reach-wall,4,fixed_rank4,cached_full,0.0006984138488769532,0.0007624558811216342,0.0003058709962612474,10,0.032739877700805664,0.007768869400024414
reach-wall,4,fixed_rank4,zero,0.0,0.0,0.0,10,0.03194689750671387,0.007898807525634766
reach-wall,4,fixed_rank4,mean_only,0.0006979091962178548,0.0007603981780486493,0.0003018743828387118,10,0.032665252685546875,0.007758378982543945
reach-wall,4,fixed_rank4,centered_only,4.887580871582031e-07,1.8634835899301506e-05,1.8628425175686046e-05,10,0.03202199935913086,0.007909536361694336
reach-wall,4,matched_random_fixed_rank4,full,0.0005946787198384603,0.0006912215753297401,0.00035234143436816735,10,0.032144784927368164,0.007781028747558594
reach-wall,4,matched_random_fixed_rank4,cached_full,0.0005946787198384603,0.0006912215753297401,0.00035234143436816735,10,0.032144784927368164,0.007781028747558594
reach-wall,4,matched_random_fixed_rank4,zero,0.0,0.0,0.0,10,0.03194689750671387,0.007898807525634766
reach-wall,4,matched_random_fixed_rank4,mean_only,0.0005915240446726481,0.0006882303316474831,0.00035179581289963597,10,0.03218519687652588,0.0077741146087646484
reach-wall,4,matched_random_fixed_rank4,centered_only,3.0930836995442707e-06,4.644559044451614e-05,4.6342482723386144e-05,10,0.031908273696899414,0.007905960083007812
reach-wall,5,fixed_rank4,full,0.0005726552009582519,0.0006696030687522697,0.00034703643972632166,10,0.05297684669494629,0.0008420944213867188
reach-wall,5,fixed_rank4,cached_full,0.0005726552009582519,0.0006696030687522697,0.00034703643972632166,10,0.05297684669494629,0.0008420944213867188
reach-wall,5,fixed_rank4,zero,0.0,0.0,0.0,10,0.05309748649597168,0.0006649494171142578
reach-wall,5,fixed_rank4,mean_only,0.000572957197825114,0.0006695659218724284,0.00034646583264914924,10,0.05296921730041504,0.00084686279296875
reach-wall,5,fixed_rank4,centered_only,-2.5431315104166666e-07,1.6101723079131175e-05,1.609971462288176e-05,10,0.05310511589050293,0.0006601810455322266
reach-wall,5,matched_random_fixed_rank4,full,0.0005226707458496093,0.0006353573366445987,0.00036123986028832833,10,0.053209543228149414,0.0008540153503417969
reach-wall,5,matched_random_fixed_rank4,cached_full,0.0005226707458496093,0.0006353573366445987,0.00036123986028832833,10,0.053209543228149414,0.0008540153503417969
reach-wall,5,matched_random_fixed_rank4,zero,0.0,0.0,0.0,10,0.05309748649597168,0.0006649494171142578
reach-wall,5,matched_random_fixed_rank4,mean_only,0.0005231634775797526,0.0006376500629505158,0.0003645512014895253,10,0.053179264068603516,0.0008609294891357422
reach-wall,5,matched_random_fixed_rank4,centered_only,-4.792213439941406e-07,3.903399530053679e-05,3.903105348342251e-05,10,0.053127288818359375,0.0006575584411621094
reach-wall,6,fixed_rank4,full,0.0007980767885843912,0.0008489785279583019,0.000289547889747223,10,0.020254015922546387,0.004531383514404297
reach-wall,6,fixed_rank4,cached_full,0.0007980767885843912,0.0008489785279583019,0.000289547889747223,10,0.020254015922546387,0.004531383514404297
reach-wall,6,fixed_rank4,zero,0.0,0.0,0.0,10,0.020669221878051758,0.0049555301666259766
reach-wall,6,fixed_rank4,mean_only,0.0007985373338063558,0.0008509727515255778,0.0002940964983750224,10,0.02019369602203369,0.004548311233520508
reach-wall,6,fixed_rank4,centered_only,-4.2637189229329427e-07,1.8398996448622337e-05,1.8394055488822457e-05,10,0.02072930335998535,0.004938364028930664
reach-wall,6,matched_random_fixed_rank4,full,0.0007740453879038492,0.0008457740211103427,0.0003408627762750547,10,0.0203857421875,0.004625797271728516
reach-wall,6,matched_random_fixed_rank4,cached_full,0.0007740453879038492,0.0008457740211103427,0.0003408627762750547,10,0.0203857421875,0.004625797271728516
reach-wall,6,matched_random_fixed_rank4,zero,0.0,0.0,0.0,10,0.020669221878051758,0.0049555301666259766
reach-wall,6,matched_random_fixed_rank4,mean_only,0.0007769926389058431,0.0008493070310214035,0.00034293566747791847,10,0.02026546001434326,0.004665851593017578
reach-wall,6,matched_random_fixed_rank4,centered_only,-2.9428799947102865e-06,4.564823967408914e-05,4.5553279164949474e-05,10,0.020789742469787598,0.0049152374267578125
reach-wall,7,fixed_rank4,full,0.0006282560030619304,0.0007179512454136965,0.000347488683855641,10,0.009684205055236816,0.0021028518676757812
reach-wall,7,fixed_rank4,cached_full,0.0006282560030619304,0.0007179512454136965,0.000347488683855641,10,0.009684205055236816,0.0021028518676757812
reach-wall,7,fixed_rank4,zero,0.0,0.0,0.0,10,0.008991837501525879,0.0017821788787841797
reach-wall,7,fixed_rank4,mean_only,0.0006278276443481446,0.0007162954310640682,0.00034483560366574515,10,0.00968778133392334,0.0020952224731445312
reach-wall,7,fixed_rank4,centered_only,4.291534423828125e-07,1.91861910687067e-05,1.918139085279823e-05,10,0.008988499641418457,0.0017893314361572266
reach-wall,7,matched_random_fixed_rank4,full,0.0007243255774180094,0.0008517999384640298,0.00044823609076623017,10,0.009526729583740234,0.0018758773803710938
reach-wall,7,matched_random_fixed_rank4,cached_full,0.0007243255774180094,0.0008517999384640298,0.00044823609076623017,10,0.009526729583740234,0.0018758773803710938
reach-wall,7,matched_random_fixed_rank4,zero,0.0,0.0,0.0,10,0.008991837501525879,0.0017821788787841797
reach-wall,7,matched_random_fixed_rank4,mean_only,0.000726305643717448,0.0008502409537308253,0.000442029174721858,10,0.009498000144958496,0.0018565654754638672
reach-wall,7,matched_random_fixed_rank4,centered_only,-1.9963582356770833e-06,5.38161197868447e-05,5.377907867104885e-05,10,0.00902092456817627,0.0018007755279541016
reach-wall,8,fixed_rank4,full,0.0006473549207051595,0.0007375072480184704,0.00035333913952263237,10,0.138991117477417,0.00307464599609375
reach-wall,8,fixed_rank4,cached_full,0.0006473549207051595,0.0007375072480184704,0.00035333913952263237,10,0.138991117477417,0.00307464599609375
reach-wall,8,fixed_rank4,zero,0.0,0.0,0.0,10,0.13901925086975098,0.003805398941040039
reach-wall,8,fixed_rank4,mean_only,0.0006460106372833252,0.000735684760806051,0.00035199761902468676,10,0.13903820514678955,0.0030181407928466797
reach-wall,8,fixed_rank4,centered_only,1.3546148935953776e-06,1.8036173785649433e-05,1.7985232367589734e-05,10,0.138971209526062,0.003862619400024414
reach-wall,8,matched_random_fixed_rank4,full,0.0006776233514149984,0.0007742182936290397,0.00037448706226913576,10,0.1392725706100464,0.0033948421478271484
reach-wall,8,matched_random_fixed_rank4,cached_full,0.0006776233514149984,0.0007742182936290397,0.00037448706226913576,10,0.1392725706100464,0.0033948421478271484
reach-wall,8,matched_random_fixed_rank4,zero,0.0,0.0,0.0,10,0.13901925086975098,0.003805398941040039
reach-wall,8,matched_random_fixed_rank4,mean_only,0.0006741754213968913,0.0007689038415803757,0.0003697304677483094,10,0.13927555084228516,0.0032377243041992188
reach-wall,8,matched_random_fixed_rank4,centered_only,3.374417622884115e-06,5.115101192572434e-05,5.1039585879314915e-05,10,0.13901853561401367,0.003964424133300781
reach-wall,9,fixed_rank4,full,3.909746805826823e-05,0.0003465808832907787,0.0003443685477131282,10,0.03569364547729492,0.0016095638275146484
reach-wall,9,fixed_rank4,cached_full,3.909746805826823e-05,0.0003465808832907787,0.0003443685477131282,10,0.03569364547729492,0.0016095638275146484
reach-wall,9,fixed_rank4,zero,0.0,0.0,0.0,10,0.034811973571777344,0.0013172626495361328
reach-wall,9,fixed_rank4,mean_only,3.852049509684245e-05,0.0003433409736796741,0.0003411732634084928,10,0.03570818901062012,0.001623392105102539
reach-wall,9,fixed_rank4,centered_only,6.047884623209635e-07,1.541499190494913e-05,1.5403123265931836e-05,10,0.03479719161987305,0.0013036727905273438
reach-wall,9,matched_random_fixed_rank4,full,0.00016523996988932293,0.00035967129302270554,0.00031946704270644345,10,0.03542327880859375,0.0017201900482177734
reach-wall,9,matched_random_fixed_rank4,cached_full,0.00016523996988932293,0.00035967129302270554,0.00031946704270644345,10,0.03542327880859375,0.0017201900482177734
reach-wall,9,matched_random_fixed_rank4,zero,0.0,0.0,0.0,10,0.034811973571777344,0.0013172626495361328
reach-wall,9,matched_random_fixed_rank4,mean_only,0.00016276597976684572,0.0003611308656661854,0.00032237049797918425,10,0.03540849685668945,0.0017249584197998047
reach-wall,9,matched_random_fixed_rank4,centered_only,2.460479736328125e-06,3.030165389931924e-05,3.0201593807301752e-05,10,0.03482627868652344,0.0013132095336914062
reach-wall,10,fixed_rank4,full,0.000684970219930013,0.0007775653592028573,0.00036799957288195047,10,0.027400970458984375,0.003499269485473633
reach-wall,10,fixed_rank4,cached_full,0.000684970219930013,0.0007775653592028573,0.00036799957288195047,10,0.027400970458984375,0.003499269485473633
reach-wall,10,fixed_rank4,zero,0.0,0.0,0.0,10,0.027009963989257812,0.0030548572540283203
reach-wall,10,fixed_rank4,mean_only,0.0006840348243713379,0.0007738916416830783,0.0003619456203826798,10,0.027401447296142578,0.0035369396209716797
reach-wall,10,fixed_rank4,centered_only,9.051958719889323e-07,2.0563953737584693e-05,2.0544021362792085e-05,10,0.027010202407836914,0.0030176639556884766
reach-wall,10,matched_random_fixed_rank4,full,0.0006800405184427897,0.0007814906934373019,0.00038506180959058583,10,0.027493715286254883,0.0033369064331054688
reach-wall,10,matched_random_fixed_rank4,cached_full,0.0006800405184427897,0.0007814906934373019,0.00038506180959058583,10,0.027493715286254883,0.0033369064331054688
reach-wall,10,matched_random_fixed_rank4,zero,0.0,0.0,0.0,10,0.027009963989257812,0.0030548572540283203
reach-wall,10,matched_random_fixed_rank4,mean_only,0.0006764984130859375,0.0007743893680976037,0.0003768670727389358,10,0.02753162384033203,0.0034072399139404297
reach-wall,10,matched_random_fixed_rank4,centered_only,3.454287846883138e-06,5.345845789169283e-05,5.3346739503260847e-05,10,0.026972174644470215,0.002984285354614258
reach-wall,11,fixed_rank4,full,1.0141531626383464e-05,0.00040166599971006836,0.0004015379492144668,10,0.024614334106445312,0.0033652782440185547
reach-wall,11,fixed_rank4,cached_full,1.0141531626383464e-05,0.00040166599971006836,0.0004015379492144668,10,0.024614334106445312,0.0033652782440185547
reach-wall,11,fixed_rank4,zero,0.0,0.0,0.0,10,0.024393320083618164,0.0030956268310546875
reach-wall,11,fixed_rank4,mean_only,6.389617919921875e-06,0.000396683236435945,0.0003966317723684441,10,0.02459263801574707,0.003376007080078125
reach-wall,11,fixed_rank4,centered_only,3.7638346354166668e-06,1.1688445004653973e-05,1.1065861713579214e-05,10,0.024415254592895508,0.003084897994995117
reach-wall,11,matched_random_fixed_rank4,full,0.00017438650131225585,0.00043078020423733187,0.0003939047251846923,10,0.024218082427978516,0.0033125877380371094
reach-wall,11,matched_random_fixed_rank4,cached_full,0.00017438650131225585,0.00043078020423733187,0.0003939047251846923,10,0.024218082427978516,0.0033125877380371094
reach-wall,11,matched_random_fixed_rank4,zero,0.0,0.0,0.0,10,0.024393320083618164,0.0030956268310546875
reach-wall,11,matched_random_fixed_rank4,mean_only,0.00016447782516479492,0.000425566571858064,0.00039249707274333133,10,0.02419590950012207,0.003306865692138672
reach-wall,11,matched_random_fixed_rank4,centered_only,9.851455688476563e-06,2.7650045856590922e-05,2.5835515413661938e-05,10,0.02441573143005371,0.0031015872955322266
reach-wall,12,fixed_rank4,full,-6.233056386311849e-06,0.00039759235140141296,0.00039754349057806205,10,0.05225229263305664,0.005502462387084961
reach-wall,12,fixed_rank4,cached_full,-6.233056386311849e-06,0.00039759235140141296,0.00039754349057806205,10,0.05225229263305664,0.005502462387084961
reach-wall,12,fixed_rank4,zero,0.0,0.0,0.0,10,0.05223202705383301,0.0040035247802734375
reach-wall,12,fixed_rank4,mean_only,-8.197625478108724e-06,0.0003948728039375526,0.0003947877027289801,10,0.05225372314453125,0.005510568618774414
reach-wall,12,fixed_rank4,centered_only,1.986821492513021e-06,1.0162077445117e-05,9.965959981730009e-06,10,0.052230119705200195,0.003996133804321289
reach-wall,12,matched_random_fixed_rank4,full,0.00014599959055582682,0.0004174343837844452,0.00039106979469530806,10,0.052117347717285156,0.005574703216552734
reach-wall,12,matched_random_fixed_rank4,cached_full,0.00014599959055582682,0.0004174343837844452,0.00039106979469530806,10,0.052117347717285156,0.005574703216552734
reach-wall,12,matched_random_fixed_rank4,zero,0.0,0.0,0.0,10,0.05223202705383301,0.0040035247802734375
reach-wall,12,matched_random_fixed_rank4,mean_only,0.00014138619105021158,0.00041440016030396085,0.00038953489938677065,10,0.05211639404296875,0.005584716796875
reach-wall,12,matched_random_fixed_rank4,centered_only,4.613399505615235e-06,2.2215439265412794e-05,2.1731136342971888e-05,10,0.05223202705383301,0.00399327278137207
reach-wall,13,fixed_rank4,full,0.00040219863255818686,0.0005459347918037474,0.0003691626428420483,10,0.08265960216522217,0.007432222366333008
reach-wall,13,fixed_rank4,cached_full,0.00040219863255818686,0.0005459347918037474,0.0003691626428420483,10,0.08265960216522217,0.007432222366333008
reach-wall,13,fixed_rank4,zero,0.0,0.0,0.0,10,0.08363163471221924,0.007176876068115234
reach-wall,13,fixed_rank4,mean_only,0.00040192166964213055,0.0005418701209819559,0.00036343114820428033,10,0.0826270580291748,0.007447004318237305
reach-wall,13,fixed_rank4,centered_only,2.5987625122070314e-07,1.8982376606650835e-05,1.8980597618904848e-05,10,0.08366405963897705,0.007161855697631836
reach-wall,13,matched_random_fixed_rank4,full,0.0005758440494537353,0.0006955978317468451,0.00039020504127911546,10,0.0829002857208252,0.007534503936767578
reach-wall,13,matched_random_fixed_rank4,cached_full,0.0005758440494537353,0.0006955978317468451,0.00039020504127911546,10,0.0829002857208252,0.007534503936767578
reach-wall,13,matched_random_fixed_rank4,zero,0.0,0.0,0.0,10,0.08363163471221924,0.007176876068115234
reach-wall,13,matched_random_fixed_rank4,mean_only,0.0005752845605214437,0.0006920002260125224,0.0003845932750673516,10,0.08263063430786133,0.007526397705078125
reach-wall,13,matched_random_fixed_rank4,centered_only,4.394849141438802e-07,5.0594690145018584e-05,5.059278134161712e-05,10,0.08390176296234131,0.007184505462646484
reach-wall,14,fixed_rank4,full,0.00014141480127970377,0.0004196555896730399,0.0003951109564702664,10,0.004980564117431641,0.0007593631744384766
reach-wall,14,fixed_rank4,cached_full,0.00014141480127970377,0.0004196555896730399,0.0003951109564702664,10,0.004980564117431641,0.0007593631744384766
reach-wall,14,fixed_rank4,zero,0.0,0.0,0.0,10,0.003446340560913086,0.0011985301971435547
reach-wall,14,fixed_rank4,mean_only,0.00013979832331339519,0.0004152268657188764,0.0003909856503933171,10,0.005034685134887695,0.0007686614990234375
reach-wall,14,fixed_rank4,centered_only,1.625219980875651e-06,1.413039290368146e-05,1.403661866783357e-05,10,0.003391742706298828,0.0011889934539794922
reach-wall,14,matched_random_fixed_rank4,full,0.00026490290959676105,0.0004946318130977979,0.00041771650555799824,10,0.004136085510253906,0.0012028217315673828
reach-wall,14,matched_random_fixed_rank4,cached_full,0.00026490290959676105,0.0004946318130977979,0.00041771650555799824,10,0.004136085510253906,0.0012028217315673828
reach-wall,14,matched_random_fixed_rank4,zero,0.0,0.0,0.0,10,0.003446340560913086,0.0011985301971435547
reach-wall,14,matched_random_fixed_rank4,mean_only,0.0002616715431213379,0.0004894746278921541,0.00041365857282384534,10,0.004306316375732422,0.0011591911315917969
reach-wall,14,matched_random_fixed_rank4,centered_only,3.2337506612141925e-06,3.183066021422791e-05,3.1665972057316166e-05,10,0.0032744407653808594,0.0012438297271728516
reach-wall,15,fixed_rank4,full,0.0007609057426452636,0.0008144587379220432,0.0002904573748194859,10,0.03985285758972168,0.002104520797729492
reach-wall,15,fixed_rank4,cached_full,0.0007609057426452636,0.0008144587379220432,0.0002904573748194859,10,0.03985285758972168,0.002104520797729492
reach-wall,15,fixed_rank4,zero,0.0,0.0,0.0,10,0.039867401123046875,0.0015633106231689453
reach-wall,15,fixed_rank4,mean_only,0.0007614747683207194,0.000816954825026294,0.0002959245906386445,10,0.039885520935058594,0.002134561538696289
reach-wall,15,fixed_rank4,centered_only,-5.857149759928385e-07,1.794290030862215e-05,1.793333793391656e-05,10,0.03983426094055176,0.0015327930450439453
reach-wall,15,matched_random_fixed_rank4,full,0.0005914409955342611,0.0006623817716107944,0.0002982401048881536,10,0.03932452201843262,0.0020751953125
reach-wall,15,matched_random_fixed_rank4,cached_full,0.0005914409955342611,0.0006623817716107944,0.0002982401048881536,10,0.03932452201843262,0.0020751953125
reach-wall,15,matched_random_fixed_rank4,zero,0.0,0.0,0.0,10,0.039867401123046875,0.0015633106231689453
reach-wall,15,matched_random_fixed_rank4,mean_only,0.0005928262074788411,0.00066552036216314,0.000302447417214978,10,0.03940582275390625,0.002161264419555664
reach-wall,15,matched_random_fixed_rank4,centered_only,-1.460711161295573e-06,4.663124068583415e-05,4.6608356877318263e-05,10,0.039786577224731445,0.0014767646789550781
reach-wall,16,fixed_rank4,full,0.000644385814666748,0.0007258088911185325,0.0003340141737755826,10,0.019572019577026367,0.004633665084838867
reach-wall,16,fixed_rank4,cached_full,0.000644385814666748,0.0007258088911185325,0.0003340141737755826,10,0.019572019577026367,0.004633665084838867
reach-wall,16,fixed_rank4,zero,0.0,0.0,0.0,10,0.019830703735351562,0.004866600036621094
reach-wall,16,fixed_rank4,mean_only,0.0006427661577860514,0.0007230502706553748,0.00033113948767817995,10,0.019555091857910156,0.004638671875
reach-wall,16,fixed_rank4,centered_only,1.598199208577474e-06,1.63984673076179e-05,1.6320401016173454e-05,10,0.019847393035888672,0.004861593246459961
reach-wall,16,matched_random_fixed_rank4,full,0.0007197197278340658,0.0008164540616142442,0.0003854876756692155,10,0.01940298080444336,0.004697561264038086
reach-wall,16,matched_random_fixed_rank4,cached_full,0.0007197197278340658,0.0008164540616142442,0.0003854876756692155,10,0.01940298080444336,0.004697561264038086
reach-wall,16,matched_random_fixed_rank4,zero,0.0,0.0,0.0,10,0.019830703735351562,0.004866600036621094
reach-wall,16,matched_random_fixed_rank4,mean_only,0.000716566244761149,0.0008089058853669614,0.0003753152651441354,10,0.019306421279907227,0.0047032833099365234
reach-wall,16,matched_random_fixed_rank4,centered_only,3.1034151713053387e-06,4.858832401022415e-05,4.848911263775649e-05,10,0.019927501678466797,0.004860639572143555
reach-wall,17,fixed_rank4,full,0.000281218687693278,0.0004980078748195664,0.0004110083856496987,10,0.006485700607299805,0.012613296508789062
reach-wall,17,fixed_rank4,cached_full,0.000281218687693278,0.0004980078748195664,0.0004110083856496987,10,0.006485700607299805,0.012613296508789062
reach-wall,17,fixed_rank4,zero,0.0,0.0,0.0,10,0.0067272186279296875,0.013344764709472656
reach-wall,17,fixed_rank4,mean_only,0.00028028567632039386,0.0004938182787734852,0.000406566639187756,10,0.006482601165771484,0.012597799301147461
reach-wall,17,fixed_rank4,centered_only,9.393692016601562e-07,1.785309990305813e-05,1.782836957356299e-05,10,0.006729841232299805,0.013349056243896484
reach-wall,17,matched_random_fixed_rank4,full,0.00040517012278238934,0.0005638912537006975,0.00039218684017270126,10,0.006814718246459961,0.012774467468261719
reach-wall,17,matched_random_fixed_rank4,cached_full,0.00040517012278238934,0.0005638912537006975,0.00039218684017270126,10,0.006814718246459961,0.012774467468261719
reach-wall,17,matched_random_fixed_rank4,zero,0.0,0.0,0.0,10,0.0067272186279296875,0.013344764709472656
reach-wall,17,matched_random_fixed_rank4,mean_only,0.0003985762596130371,0.0005580637985640567,0.00039060487521359085,10,0.006777763366699219,0.01273036003112793
reach-wall,17,matched_random_fixed_rank4,centered_only,6.543795267740885e-06,4.1642533288544094e-05,4.112516653074362e-05,10,0.0067653656005859375,0.013304710388183594
reach-wall,18,fixed_rank4,full,-7.710456848144531e-05,0.0004219070835893562,0.0004148017269758723,10,0.01398611068725586,0.0006508827209472656
reach-wall,18,fixed_rank4,cached_full,-7.710456848144531e-05,0.0004219070835893562,0.0004148017269758723,10,0.01398611068725586,0.0006508827209472656
reach-wall,18,fixed_rank4,zero,0.0,0.0,0.0,10,0.014366626739501953,0.0002613067626953125
reach-wall,18,fixed_rank4,mean_only,-8.046070734659831e-05,0.00041676709124378007,0.0004089265006294975,10,0.013993024826049805,0.0006513595581054688
reach-wall,18,fixed_rank4,centered_only,3.3466021219889324e-06,1.034382240852641e-05,9.787487739774302e-06,10,0.014360189437866211,0.0002605915069580078
reach-wall,18,matched_random_fixed_rank4,full,0.00011761267979939779,0.00046323429847094444,0.0004480549886233523,10,0.01390528678894043,0.0007288455963134766
reach-wall,18,matched_random_fixed_rank4,cached_full,0.00011761267979939779,0.00046323429847094444,0.0004480549886233523,10,0.01390528678894043,0.0007288455963134766
reach-wall,18,matched_random_fixed_rank4,zero,0.0,0.0,0.0,10,0.014366626739501953,0.0002613067626953125
reach-wall,18,matched_random_fixed_rank4,mean_only,0.00010968685150146484,0.00046109564914520755,0.0004478593442905216,10,0.013915777206420898,0.0007162094116210938
reach-wall,18,matched_random_fixed_rank4,centered_only,7.897218068440756e-06,2.4421011505760878e-05,2.3108867340135866e-05,10,0.014356374740600586,0.0002739429473876953
reach-wall,19,fixed_rank4,full,-1.845836639404297e-05,0.0004341470030134645,0.000433754433908907,10,0.0083160400390625,0.0004138946533203125
reach-wall,19,fixed_rank4,cached_full,-1.845836639404297e-05,0.0004341470030134645,0.000433754433908907,10,0.0083160400390625,0.0004138946533203125
reach-wall,19,fixed_rank4,zero,0.0,0.0,0.0,10,0.008064746856689453,0.0005412101745605469
reach-wall,19,fixed_rank4,mean_only,-2.1969477335611978e-05,0.00043044366800796126,0.0004298826507242971,10,0.008313417434692383,0.0004291534423828125
reach-wall,19,fixed_rank4,centered_only,3.521442413330078e-06,1.1850298816356262e-05,1.1314991178367515e-05,10,0.008068323135375977,0.0005259513854980469
reach-wall,19,matched_random_fixed_rank4,full,0.00017359495162963868,0.0004600757213324304,0.0004260686119960723,9,0.008370161056518555,1.8835067749023438e-05
reach-wall,19,matched_random_fixed_rank4,cached_full,0.00017359495162963868,0.0004600757213324304,0.0004260686119960723,9,0.008370161056518555,1.8835067749023438e-05
reach-wall,19,matched_random_fixed_rank4,zero,0.0,0.0,0.0,10,0.008064746856689453,0.0005412101745605469
reach-wall,19,matched_random_fixed_rank4,mean_only,0.00016431570053100587,0.0004586705281332445,0.00042822774774299035,10,0.008362293243408203,1.1444091796875e-05
reach-wall,19,matched_random_fixed_rank4,centered_only,9.23315684000651e-06,2.7088673676422026e-05,2.5466547789512433e-05,10,0.008073091506958008,0.00051116943359375
reach-wall,20,fixed_rank4,full,0.00034044742584228517,0.0005132390691670693,0.00038407016592914567,10,0.04656243324279785,0.0018329620361328125
reach-wall,20,fixed_rank4,cached_full,0.00034044742584228517,0.0005132390691670693,0.00038407016592914567,10,0.04656243324279785,0.0018329620361328125
reach-wall,20,fixed_rank4,zero,0.0,0.0,0.0,10,0.04615044593811035,0.0019347667694091797
reach-wall,20,fixed_rank4,mean_only,0.0003391448656717936,0.0005085985299689189,0.0003790161273283848,10,0.046578407287597656,0.0018410682678222656
reach-wall,20,fixed_rank4,centered_only,1.2755393981933593e-06,1.7358602753712477e-05,1.7311674927772034e-05,10,0.04613447189331055,0.0019261837005615234
reach-wall,20,matched_random_fixed_rank4,full,0.00042830546696980795,0.0006045130380001992,0.00042660337560315324,10,0.046525001525878906,0.0018627643585205078
reach-wall,20,matched_random_fixed_rank4,cached_full,0.00042830546696980795,0.0006045130380001992,0.00042660337560315324,10,0.046525001525878906,0.0018627643585205078
reach-wall,20,matched_random_fixed_rank4,zero,0.0,0.0,0.0,10,0.04615044593811035,0.0019347667694091797
reach-wall,20,matched_random_fixed_rank4,mean_only,0.00042351563771565753,0.0005993147400983143,0.0004240432316514555,10,0.04655146598815918,0.001817464828491211
reach-wall,20,matched_random_fixed_rank4,centered_only,4.746119181315104e-06,3.666330490150464e-05,3.6354810947348455e-05,10,0.04612565040588379,0.001978635787963867
reach-wall,21,fixed_rank4,full,0.0007008059819539388,0.0007603925191510164,0.0002950724637074839,9,0.021435260772705078,0.000278472900390625
reach-wall,21,fixed_rank4,cached_full,0.0007008059819539388,0.0007603925191510164,0.0002950724637074839,9,0.021435260772705078,0.000278472900390625
reach-wall,21,fixed_rank4,zero,0.0,0.0,0.0,10,0.021559715270996094,4.553794860839844e-05
reach-wall,21,fixed_rank4,mean_only,0.0007005556424458821,0.0007590049554223291,0.00029207929435837995,9,0.02138209342956543,0.00031566619873046875
reach-wall,21,fixed_rank4,centered_only,2.606709798177083e-07,1.5590812960729837e-05,1.5588633660996155e-05,10,0.021612167358398438,8.273124694824219e-05
reach-wall,21,matched_random_fixed_rank4,full,0.0004741533597310384,0.000574255786628754,0.00032395725016177285,9,0.021292924880981445,0.00031757354736328125
reach-wall,21,matched_random_fixed_rank4,cached_full,0.0004741533597310384,0.000574255786628754,0.00032395725016177285,9,0.021292924880981445,0.00031757354736328125
reach-wall,21,matched_random_fixed_rank4,zero,0.0,0.0,0.0,10,0.021559715270996094,4.553794860839844e-05
reach-wall,21,matched_random_fixed_rank4,mean_only,0.0004736948013305664,0.0005717364319971597,0.0003201496257458972,9,0.021202802658081055,0.0003941059112548828
reach-wall,21,matched_random_fixed_rank4,centered_only,4.490216573079427e-07,3.940483577402533e-05,3.9402277369832e-05,10,0.02164602279663086,0.00012350082397460938
reach-wall,22,fixed_rank4,full,8.175055185953776e-05,0.00038488637638733756,0.0003761042009858921,10,0.11142683029174805,0.0006248950958251953
reach-wall,22,fixed_rank4,cached_full,8.175055185953776e-05,0.00038488637638733756,0.0003761042009858921,10,0.11142683029174805,0.0006248950958251953
reach-wall,22,fixed_rank4,zero,0.0,0.0,0.0,10,0.11230301856994629,0.001653432846069336
reach-wall,22,fixed_rank4,mean_only,7.970809936523437e-05,0.0003775934463560553,0.00036908458329578753,10,0.1113898754119873,0.0006463527679443359
reach-wall,22,fixed_rank4,centered_only,2.0313262939453124e-06,1.357135851917691e-05,1.3418475529789593e-05,10,0.11233997344970703,0.0016317367553710938
reach-wall,22,matched_random_fixed_rank4,full,0.00025848547617594403,0.00045146548633824015,0.0003701436801577452,10,0.11172080039978027,0.0005245208740234375
reach-wall,22,matched_random_fixed_rank4,cached_full,0.00025848547617594403,0.00045146548633824015,0.0003701436801577452,10,0.11172080039978027,0.0005245208740234375
reach-wall,22,matched_random_fixed_rank4,zero,0.0,0.0,0.0,10,0.11230301856994629,0.001653432846069336
reach-wall,22,matched_random_fixed_rank4,mean_only,0.0002555648485819499,0.00044918931732748467,0.00036940174738408696,10,0.11156988143920898,0.0005366802215576172
reach-wall,22,matched_random_fixed_rank4,centered_only,2.873738606770833e-06,2.7367600570374066e-05,2.7216303705674174e-05,10,0.11245346069335938,0.0016415119171142578
reach-wall,23,fixed_rank4,full,0.0010045997301737467,0.0010428229718297917,0.00027974833817335495,10,0.08068430423736572,0.0028257369995117188
reach-wall,23,fixed_rank4,cached_full,0.0010045997301737467,0.0010428229718297917,0.00027974833817335495,10,0.08068430423736572,0.0028257369995117188
reach-wall,23,fixed_rank4,zero,0.0,0.0,0.0,10,0.08093297481536865,0.0028722286224365234
reach-wall,23,fixed_rank4,mean_only,0.0010049025217692058,0.0010439277651101981,0.0002827650977575984,10,0.08061587810516357,0.0028238296508789062
reach-wall,23,fixed_rank4,centered_only,-3.2822291056315105e-07,2.025141407943916e-05,2.0248754083594575e-05,10,0.081001877784729,0.002874612808227539
reach-wall,23,matched_random_fixed_rank4,full,0.0008685322602589925,0.0009287980676559414,0.000329116337137518,10,0.08084630966186523,0.002965688705444336
reach-wall,23,matched_random_fixed_rank4,cached_full,0.0008685322602589925,0.0009287980676559414,0.000329116337137518,10,0.08084630966186523,0.002965688705444336
reach-wall,23,matched_random_fixed_rank4,zero,0.0,0.0,0.0,10,0.08093297481536865,0.0028722286224365234
reach-wall,23,matched_random_fixed_rank4,mean_only,0.0008701280752817789,0.0009310881416774859,0.0003313642409477232,10,0.08082687854766846,0.0029311180114746094
reach-wall,23,matched_random_fixed_rank4,centered_only,-1.667340596516927e-06,6.278067267297313e-05,6.275852799903932e-05,10,0.08095145225524902,0.002907276153564453
reach-wall,24,fixed_rank4,full,0.000834883451461792,0.0009279768564164853,0.0004051057497985777,10,0.06940364837646484,0.0006382465362548828
reach-wall,24,fixed_rank4,cached_full,0.000834883451461792,0.0009279768564164853,0.0004051057497985777,10,0.06940364837646484,0.0006382465362548828
reach-wall,24,fixed_rank4,zero,0.0,0.0,0.0,10,0.06969177722930908,0.0004775524139404297
reach-wall,24,fixed_rank4,mean_only,0.0008334453900655111,0.0009241523786354346,0.00039928235713099024,10,0.06950497627258301,0.0006477832794189453
reach-wall,24,fixed_rank4,centered_only,1.468658447265625e-06,2.213099404276036e-05,2.2082208668653818e-05,10,0.069588303565979,0.00046825408935546875
reach-wall,24,matched_random_fixed_rank4,full,0.000733259916305542,0.0008438179767929957,0.00041756277743426113,10,0.06927049160003662,0.0005587339401245117
reach-wall,24,matched_random_fixed_rank4,cached_full,0.000733259916305542,0.0008438179767929957,0.00041756277743426113,10,0.06927049160003662,0.0005587339401245117
reach-wall,24,matched_random_fixed_rank4,zero,0.0,0.0,0.0,10,0.06969177722930908,0.0004775524139404297
reach-wall,24,matched_random_fixed_rank4,mean_only,0.0007286389668782552,0.000835765190693692,0.00040937600066668804,10,0.06944286823272705,0.0005563497543334961
reach-wall,24,matched_random_fixed_rank4,centered_only,4.573265711466472e-06,6.787976010077524e-05,6.772552747724541e-05,10,0.06951570510864258,0.0004801750183105469
reach-wall,25,fixed_rank4,full,0.00020707448323567708,0.0004445899098613602,0.0003934213343772929,10,0.047678232192993164,0.0035316944122314453
reach-wall,25,fixed_rank4,cached_full,0.00020707448323567708,0.0004445899098613602,0.0003934213343772929,10,0.047678232192993164,0.0035316944122314453
reach-wall,25,fixed_rank4,zero,0.0,0.0,0.0,10,0.047528743743896484,0.0030374526977539062
reach-wall,25,fixed_rank4,mean_only,0.0002055040995279948,0.0004387113960812171,0.00038760257239693147,10,0.047660112380981445,0.0035142898559570312
reach-wall,25,fixed_rank4,centered_only,1.5481313069661458e-06,1.4283296052240286e-05,1.4199149114377742e-05,10,0.04754757881164551,0.0030553340911865234
reach-wall,25,matched_random_fixed_rank4,full,0.00032842397689819336,0.0005298514800553227,0.0004157887472204976,10,0.04801797866821289,0.0035104751586914062
reach-wall,25,matched_random_fixed_rank4,cached_full,0.00032842397689819336,0.0005298514800553227,0.0004157887472204976,10,0.04801797866821289,0.0035104751586914062
reach-wall,25,matched_random_fixed_rank4,zero,0.0,0.0,0.0,10,0.047528743743896484,0.0030374526977539062
reach-wall,25,matched_random_fixed_rank4,mean_only,0.000324556032816569,0.000524783394242869,0.00041238452012101105,10,0.0480198860168457,0.0034575462341308594
reach-wall,25,matched_random_fixed_rank4,centered_only,3.883043924967448e-06,3.3161867488890376e-05,3.293374295805896e-05,10,0.04752755165100098,0.0030896663665771484
reach-wall,26,fixed_rank4,full,0.00042130629221598305,0.0005705281116450174,0.000384712014780472,10,0.002009868621826172,0.0020341873168945312
reach-wall,26,fixed_rank4,cached_full,0.00042130629221598305,0.0005705281116450174,0.000384712014780472,10,0.002009868621826172,0.0020341873168945312
reach-wall,26,fixed_rank4,zero,0.0,0.0,0.0,10,0.0009419918060302734,0.0020818710327148438
reach-wall,26,fixed_rank4,mean_only,0.00042368888854980467,0.0005687858202116041,0.00037947995334828736,10,0.0020170211791992188,0.0020308494567871094
reach-wall,26,fixed_rank4,centered_only,-2.347628275553385e-06,2.012980549487554e-05,1.999244134020014e-05,10,0.0009343624114990234,0.0020852088928222656
reach-wall,26,matched_random_fixed_rank4,full,0.0005582038561503092,0.0006861270498309272,0.0003989721587888264,10,0.0015952587127685547,0.0018112659454345703
reach-wall,26,matched_random_fixed_rank4,cached_full,0.0005582038561503092,0.0006861270498309272,0.0003989721587888264,10,0.0015952587127685547,0.0018112659454345703
reach-wall,26,matched_random_fixed_rank4,zero,0.0,0.0,0.0,10,0.0009419918060302734,0.0020818710327148438
reach-wall,26,matched_random_fixed_rank4,mean_only,0.000560312271118164,0.0006906251083098043,0.00040374893072593274,10,0.0015845298767089844,0.0018053054809570312
reach-wall,26,matched_random_fixed_rank4,centered_only,-2.157688140869141e-06,4.2999580064245687e-05,4.2945410320408255e-05,10,0.0009531974792480469,0.002087831497192383
reach-wall,27,fixed_rank4,full,0.0006284316380818685,0.0007160631894508213,0.00034324942468156054,10,0.07706964015960693,0.006652951240539551
reach-wall,27,fixed_rank4,cached_full,0.0006284316380818685,0.0007160631894508213,0.00034324942468156054,10,0.07706964015960693,0.006652951240539551
reach-wall,27,fixed_rank4,zero,0.0,0.0,0.0,10,0.07687103748321533,0.006853818893432617
reach-wall,27,fixed_rank4,mean_only,0.0006295172373453776,0.0007169789807191018,0.0003431718325825207,10,0.0771791934967041,0.0067021846771240234
reach-wall,27,fixed_rank4,centered_only,-1.0903676350911458e-06,1.8582335999803344e-05,1.8550318316134987e-05,10,0.07676005363464355,0.006806135177612305
reach-wall,27,matched_random_fixed_rank4,full,0.0006003999710083008,0.0007035272368031322,0.00036670212398768855,10,0.07738602161407471,0.007610440254211426
reach-wall,27,matched_random_fixed_rank4,cached_full,0.0006003999710083008,0.0007035272368031322,0.00036670212398768855,10,0.07738602161407471,0.007610440254211426
reach-wall,27,matched_random_fixed_rank4,zero,0.0,0.0,0.0,10,0.07687103748321533,0.006853818893432617
reach-wall,27,matched_random_fixed_rank4,mean_only,0.0006023240089416504,0.0007082480475476843,0.000372587016826359,10,0.07753050327301025,0.007640719413757324
reach-wall,27,matched_random_fixed_rank4,centered_only,-2.0039081573486327e-06,4.8763998681882404e-05,4.872280697520967e-05,10,0.07672452926635742,0.0068264007568359375
reach-wall,28,fixed_rank4,full,0.0007980958620707194,0.0008598481731899516,0.0003199716798150928,10,0.050894975662231445,0.021477222442626953
reach-wall,28,fixed_rank4,cached_full,0.0007980958620707194,0.0008598481731899516,0.0003199716798150928,10,0.050894975662231445,0.021477222442626953
reach-wall,28,fixed_rank4,zero,0.0,0.0,0.0,10,0.05115485191345215,0.020850181579589844
reach-wall,28,fixed_rank4,mean_only,0.0008005785942077636,0.0008643343133305948,0.0003258031916617635,10,0.05078887939453125,0.0214385986328125
reach-wall,28,fixed_rank4,centered_only,-2.4771690368652345e-06,2.3044126961806497e-05,2.2910596260129357e-05,10,0.05126166343688965,0.020888090133666992
reach-wall,28,matched_random_fixed_rank4,full,0.0006045055389404297,0.0006840817271725579,0.0003202200225497002,10,0.0510859489440918,0.020639896392822266
reach-wall,28,matched_random_fixed_rank4,cached_full,0.0006045055389404297,0.0006840817271725579,0.0003202200225497002,10,0.0510859489440918,0.020639896392822266
reach-wall,28,matched_random_fixed_rank4,zero,0.0,0.0,0.0,10,0.05115485191345215,0.020850181579589844
reach-wall,28,matched_random_fixed_rank4,mean_only,0.0006061617533365886,0.000690097825707285,0.0003298529033339482,10,0.050865888595581055,0.020606279373168945
reach-wall,28,matched_random_fixed_rank4,centered_only,-1.685619354248047e-06,5.424311563812205e-05,5.421691877563004e-05,10,0.05137753486633301,0.020882606506347656
reach-wall,29,fixed_rank4,full,0.0006382115681966146,0.0007417517078226186,0.0003779968125233191,10,0.1396617889404297,0.018226146697998047
reach-wall,29,fixed_rank4,cached_full,0.0006382115681966146,0.0007417517078226186,0.0003779968125233191,10,0.1396617889404297,0.018226146697998047
reach-wall,29,fixed_rank4,zero,0.0,0.0,0.0,10,0.14011383056640625,0.018590688705444336
reach-wall,29,fixed_rank4,mean_only,0.0006356541315714518,0.0007358048725559996,0.00037061116482547344,10,0.13965964317321777,0.01825857162475586
reach-wall,29,fixed_rank4,centered_only,2.6051203409830727e-06,1.7976233848179223e-05,1.778646483631361e-05,10,0.14011597633361816,0.018557310104370117
reach-wall,29,matched_random_fixed_rank4,full,0.00054978609085083,0.0006632852198495678,0.00037105597580129645,10,0.13962578773498535,0.017989158630371094
reach-wall,29,matched_random_fixed_rank4,cached_full,0.00054978609085083,0.0006632852198495678,0.00037105597580129645,10,0.13962578773498535,0.017989158630371094
reach-wall,29,matched_random_fixed_rank4,zero,0.0,0.0,0.0,10,0.14011383056640625,0.018590688705444336
reach-wall,29,matched_random_fixed_rank4,mean_only,0.0005408517519632975,0.0006472699503099419,0.00035558089230506516,10,0.13949322700500488,0.017998456954956055
reach-wall,29,matched_random_fixed_rank4,centered_only,8.991559346516927e-06,4.615123970264644e-05,4.5266861903706036e-05,10,0.14024782180786133,0.018578767776489258
reach-wall,30,fixed_rank4,full,0.0010515578587849935,0.0010927298596805181,0.000297127272166196,10,0.09184885025024414,0.016770362854003906
reach-wall,30,fixed_rank4,cached_full,0.0010515578587849935,0.0010927298596805181,0.000297127272166196,10,0.09184885025024414,0.016770362854003906
reach-wall,30,fixed_rank4,zero,0.0,0.0,0.0,10,0.09225654602050781,0.016402244567871094
reach-wall,30,fixed_rank4,mean_only,0.0010527745882670085,0.0010946368717386819,0.00029982586157481235,10,0.09177589416503906,0.016779422760009766
reach-wall,30,fixed_rank4,centered_only,-1.213550567626953e-06,2.1290351931738693e-05,2.125573758769857e-05,10,0.0923299789428711,0.016393423080444336
reach-wall,30,matched_random_fixed_rank4,full,0.0008074712753295899,0.0008840568453145301,0.0003599258885730293,10,0.09184622764587402,0.016454696655273438
reach-wall,30,matched_random_fixed_rank4,cached_full,0.0008074712753295899,0.0008840568453145301,0.0003599258885730293,10,0.09184622764587402,0.016454696655273438
reach-wall,30,matched_random_fixed_rank4,zero,0.0,0.0,0.0,10,0.09225654602050781,0.016402244567871094
reach-wall,30,matched_random_fixed_rank4,mean_only,0.0008104276657104492,0.0008887975928555677,0.00036492212829172734,10,0.09167957305908203,0.016522645950317383
reach-wall,30,matched_random_fixed_rank4,centered_only,-2.979437510172526e-06,6.034789327961857e-05,6.027429946014478e-05,10,0.09242391586303711,0.016335725784301758
reach-wall,31,fixed_rank4,full,0.0011275227864583333,0.0011847226919141328,0.00036367598594560054,10,0.09183788299560547,0.009066343307495117
reach-wall,31,fixed_rank4,cached_full,0.0011275227864583333,0.0011847226919141328,0.00036367598594560054,10,0.09183788299560547,0.009066343307495117
reach-wall,31,fixed_rank4,zero,0.0,0.0,0.0,10,0.0915905237197876,0.008842229843139648
reach-wall,31,fixed_rank4,mean_only,0.0011316347122192383,0.0011904076823995235,0.00036942296682297205,10,0.09184539318084717,0.008999109268188477
reach-wall,31,fixed_rank4,centered_only,-4.134178161621094e-06,2.1599681585624604e-05,2.1200349419958764e-05,10,0.091583251953125,0.008908987045288086
reach-wall,31,matched_random_fixed_rank4,full,0.0008602134386698404,0.0009208379734404279,0.00032859612484276585,10,0.09152507781982422,0.009229183197021484
reach-wall,31,matched_random_fixed_rank4,cached_full,0.0008602134386698404,0.0009208379734404279,0.00032859612484276585,10,0.09152507781982422,0.009229183197021484
reach-wall,31,matched_random_fixed_rank4,zero,0.0,0.0,0.0,10,0.0915905237197876,0.008842229843139648
reach-wall,31,matched_random_fixed_rank4,mean_only,0.0008633498350779215,0.0009257366622807395,0.0003340889554618792,10,0.09154641628265381,0.009046554565429688
reach-wall,31,matched_random_fixed_rank4,centered_only,-3.130833307902018e-06,6.20791670309527e-05,6.20001682421512e-05,10,0.09156858921051025,0.009025335311889648
