task,episode,arm,predicted_H3_own_minus_native,actual_H3_own_minus_native,preference_reversal,predicted_tie,actual_tie,predicted_preference_sign,actual_preference_sign,reverse_direction_disagreement,non_tied_agreement,either_tie
reach,4,fixed_rank4,0.00889729782938975,0.05612306594848637,False,False,False,1,1,False,True,False
reach,4,matched_random_fixed_rank4,0.19073135629296312,0.1416468083858491,False,False,False,1,1,False,True,False
reach,5,fixed_rank4,0.0007850602269172668,0.010065394639969139,False,False,False,1,1,False,True,False
reach,5,matched_random_fixed_rank4,0.0007701408118010455,0.010065394639969139,False,False,False,1,1,False,True,False
reach,6,fixed_rank4,-0.0005469400435684779,0.00674679577350612,True,False,False,-1,1,False,False,False
reach,6,matched_random_fixed_rank4,0.012544579431414737,0.01822796612977995,False,False,False,1,1,False,True,False
reach,7,fixed_rank4,-0.05344003047794099,-0.042435696721077054,False,False,False,-1,-1,False,True,False
reach,7,matched_random_fixed_rank4,-3.5781413321167577e-07,0.0,False,False,True,-1,0,False,False,True
reach,8,fixed_rank4,-0.02934487927705054,-0.12636730670928942,False,False,False,-1,-1,False,True,False
reach,8,matched_random_fixed_rank4,0.0029434230178595477,0.010351161658764152,False,False,False,1,1,False,True,False
reach,9,fixed_rank4,0.08745148181915297,0.035285021364688696,False,False,False,1,1,False,True,False
reach,9,matched_random_fixed_rank4,0.036961667984724,0.010766032338142217,False,False,False,1,1,False,True,False
reach,10,fixed_rank4,0.009607341699302108,0.08874238505959497,False,False,False,1,1,False,True,False
reach,10,matched_random_fixed_rank4,-0.034987542778253555,0.05942342504858966,True,False,False,-1,1,False,False,False
reach,11,fixed_rank4,-0.007081782817840221,0.023295198380946847,True,False,False,-1,1,False,False,False
reach,11,matched_random_fixed_rank4,-0.049294250458479016,-0.0027663603425027716,False,False,False,-1,-1,False,True,False
reach,12,fixed_rank4,-0.027329876273870735,-0.033932638168334694,False,False,False,-1,-1,False,True,False
reach,12,matched_random_fixed_rank4,-0.027536984533071518,-0.033932638168334694,False,False,False,-1,-1,False,True,False
reach,13,fixed_rank4,-0.005594937875867068,0.01935652643442154,True,False,False,-1,1,False,False,False
reach,13,matched_random_fixed_rank4,0.002195122838020369,0.02003397047519684,False,False,False,1,1,False,True,False
reach,14,fixed_rank4,-0.058647824265062765,-0.015026628971099854,False,False,False,-1,-1,False,True,False
reach,14,matched_random_fixed_rank4,-4.290658980599105e-05,0.011848703026771545,True,False,False,-1,1,False,False,False
reach,15,fixed_rank4,-0.05536471046507363,0.006412644684314461,True,False,False,-1,1,False,False,False
reach,15,matched_random_fixed_rank4,-0.06850525587797174,-0.04962852150201824,False,False,False,-1,-1,False,True,False
reach,16,fixed_rank4,-5.587934559514451e-10,0.0,False,False,True,-1,0,False,False,True
reach,16,matched_random_fixed_rank4,-0.031073073856532574,-0.05800170898437518,False,False,False,-1,-1,False,True,False
reach,17,fixed_rank4,-0.02172146588563928,-0.03501964211463893,False,False,False,-1,-1,False,True,False
reach,17,matched_random_fixed_rank4,0.014201830700039775,-0.01109706908464414,False,False,False,1,-1,True,False,False
reach,18,fixed_rank4,0.0069644175469874,0.045424625277519226,False,False,False,1,1,False,True,False
reach,18,matched_random_fixed_rank4,0.02393353134393683,0.019395391643047155,False,False,False,1,1,False,True,False
reach,19,fixed_rank4,0.011772462725639254,0.03932347893714905,False,False,False,1,1,False,True,False
reach,19,matched_random_fixed_rank4,-0.04604294300079337,0.04954509437084198,True,False,False,-1,1,False,False,False
reach,20,fixed_rank4,0.14553285073488942,-0.020706644654274076,False,False,False,1,-1,True,False,False
reach,20,matched_random_fixed_rank4,0.14544605091214158,-0.020706406235694974,False,False,False,1,-1,True,False,False
reach,21,fixed_rank4,0.0647723929956554,0.024821141362190158,False,False,False,1,1,False,True,False
reach,21,matched_random_fixed_rank4,9.313225746154785e-10,0.0,False,False,True,1,0,False,False,True
reach,22,fixed_rank4,-0.05649534128606337,-0.04927405416965458,False,False,False,-1,-1,False,True,False
reach,22,matched_random_fixed_rank4,-0.04561207816004753,-0.07647397965192759,False,False,False,-1,-1,False,True,False
reach,23,fixed_rank4,-0.04376354217529288,0.013948154449463068,True,False,False,-1,1,False,False,False
reach,23,matched_random_fixed_rank4,-0.06310731917619705,0.060205310583114624,True,False,False,-1,1,False,False,False
reach,24,fixed_rank4,-0.020623172819614455,-0.16461413055658336,False,False,False,-1,-1,False,True,False
reach,24,matched_random_fixed_rank4,-0.027662149816751525,-0.11288961097598071,False,False,False,-1,-1,False,True,False
reach,25,fixed_rank4,0.013432056270539672,-0.025132470577955424,False,False,False,1,-1,True,False,False
reach,25,matched_random_fixed_rank4,0.013126319833099753,-0.025159887969493866,False,False,False,1,-1,True,False,False
reach,26,fixed_rank4,0.12372119911015034,0.01589000672101948,False,False,False,1,1,False,True,False
reach,26,matched_random_fixed_rank4,0.039067814219742925,0.04694836437702188,False,False,False,1,1,False,True,False
reach,27,fixed_rank4,-0.016440795920789286,0.12432794645428658,True,False,False,-1,1,False,False,False
reach,27,matched_random_fixed_rank4,-0.020798890478908927,0.14898307025432578,True,False,False,-1,1,False,False,False
reach,28,fixed_rank4,2.3879110822022653e-07,-1.4901160305669237e-09,False,False,False,1,-1,True,False,False
reach,28,matched_random_fixed_rank4,1.862645149230957e-09,0.0,False,False,True,1,0,False,False,True
reach,29,fixed_rank4,0.011105306074023158,-0.05826158523559588,False,False,False,1,-1,True,False,False
reach,29,matched_random_fixed_rank4,0.013004145398735956,-0.026581865549087702,False,False,False,1,-1,True,False,False
reach,30,fixed_rank4,0.029994515329599514,-0.014872193336486816,False,False,False,1,-1,True,False,False
reach,30,matched_random_fixed_rank4,0.005685408040881024,-0.04162965267896679,False,False,False,1,-1,True,False,False
reach,31,fixed_rank4,-0.04886549934744844,-0.028537898510694548,False,False,False,-1,-1,False,True,False
reach,31,matched_random_fixed_rank4,-0.0050662543624639955,0.013098681718111127,True,False,False,-1,1,False,False,False
reach-wall,4,fixed_rank4,0.01034706411883235,-0.01985741853714007,False,False,False,1,-1,True,False,False
reach-wall,4,matched_random_fixed_rank4,1.862645593320167e-10,0.0,False,False,True,1,0,False,False,True
reach-wall,5,fixed_rank4,-0.004014330543577582,0.015493154525756836,True,False,False,-1,1,False,False,False
reach-wall,5,matched_random_fixed_rank4,-0.031762932613491834,0.03796829581260708,True,False,False,-1,1,False,False,False
reach-wall,6,fixed_rank4,1.197680830067327e-07,1.3352930545718067e-05,False,False,False,1,1,False,True,False
reach-wall,6,matched_random_fixed_rank4,3.725291186640334e-10,0.0,False,False,True,1,0,False,False,True
reach-wall,7,fixed_rank4,-0.011046621482819319,0.005406062304973425,True,False,False,-1,1,False,False,False
reach-wall,7,matched_random_fixed_rank4,-0.0004252661019563675,-0.011116986721753985,False,False,False,-1,-1,False,True,False
reach-wall,8,fixed_rank4,0.00013043172657489777,-0.007603475451469333,False,False,False,1,-1,True,False,False
reach-wall,8,matched_random_fixed_rank4,-0.0010212678462266922,0.01103499084711057,True,False,False,-1,1,False,False,False
reach-wall,9,fixed_rank4,0.0004325656220316443,-0.015040931105613442,False,False,False,1,-1,True,False,False
reach-wall,9,matched_random_fixed_rank4,-2.397224305727974e-07,0.0,False,False,True,-1,0,False,False,True
reach-wall,10,fixed_rank4,0.026121349073946476,-0.019288125634193687,False,False,False,1,-1,True,False,False
reach-wall,10,matched_random_fixed_rank4,-3.5781413321167577e-07,0.0,False,False,True,-1,0,False,False,True
reach-wall,11,fixed_rank4,1.1920928955078125e-07,0.0,False,False,True,1,0,False,False,True
reach-wall,11,matched_random_fixed_rank4,-0.002312129735946522,-0.010639101266860962,False,False,False,-1,-1,False,True,False
reach-wall,12,fixed_rank4,-2.406537533694575e-07,-3.0994415283203125e-06,False,False,False,-1,-1,False,True,False
reach-wall,12,matched_random_fixed_rank4,-0.01573156416416177,-0.017867276072502047,False,False,False,-1,-1,False,True,False
reach-wall,13,fixed_rank4,0.011217576451599598,0.06061880737543124,False,False,False,1,1,False,True,False
reach-wall,13,matched_random_fixed_rank4,-3.7252889661942845e-10,0.0,False,False,True,-1,0,False,False,True
reach-wall,14,fixed_rank4,-0.06367344073951253,0.024054227769374936,True,False,False,-1,1,False,False,False
reach-wall,14,matched_random_fixed_rank4,-5.587934559514451e-10,0.0,False,False,True,-1,0,False,False,True
reach-wall,15,fixed_rank4,0.07354866219684486,-0.055080953240394415,False,False,False,1,-1,True,False,False
reach-wall,15,matched_random_fixed_rank4,6.010755897456477e-07,0.0,False,False,True,1,0,False,False,True
reach-wall,16,fixed_rank4,0.02978317923843843,0.016851501166820437,False,False,False,1,1,False,True,False
reach-wall,16,matched_random_fixed_rank4,-7.450580152834618e-10,0.0,False,False,True,-1,0,False,False,True
reach-wall,17,fixed_rank4,-0.0184085201472044,-0.04664310514926928,False,False,False,-1,-1,False,True,False
reach-wall,17,matched_random_fixed_rank4,2.3916363689480136e-07,1.1920929132713809e-08,False,False,False,1,1,False,True,False
reach-wall,18,fixed_rank4,-0.003385269641876132,0.018058447539806455,True,False,False,-1,1,False,False,False
reach-wall,18,matched_random_fixed_rank4,-7.450580152834618e-10,0.0,False,False,True,-1,0,False,False,True
reach-wall,19,fixed_rank4,-2.980232505223057e-09,-6.198883056640625e-06,False,False,False,-1,-1,False,True,False
reach-wall,19,matched_random_fixed_rank4,0.0072889119386672085,-0.038609535992145894,False,False,False,1,-1,True,False,False
reach-wall,20,fixed_rank4,0.004197694361209869,-0.025049676001071663,False,False,False,1,-1,True,False,False
reach-wall,20,matched_random_fixed_rank4,2.3879110822022653e-07,1.4901160305669237e-09,False,False,False,1,1,False,True,False
reach-wall,21,fixed_rank4,0.022381510958075612,-0.06479553729295695,False,False,False,1,-1,True,False,False
reach-wall,21,matched_random_fixed_rank4,0.002248144522309481,-0.043931697309016915,False,False,False,1,-1,True,False,False
reach-wall,22,fixed_rank4,-5.587936779960501e-10,0.0,False,False,True,-1,0,False,False,True
reach-wall,22,matched_random_fixed_rank4,5.587934559514451e-10,0.0,False,False,True,1,0,False,False,True
reach-wall,23,fixed_rank4,-0.00033378060907129914,0.003680361807346433,True,False,False,-1,1,False,False,False
reach-wall,23,matched_random_fixed_rank4,3.5874545578629125e-07,-1.4901160305669237e-09,False,False,False,1,-1,True,False,False
reach-wall,24,fixed_rank4,-0.07650860603898768,-0.1317357316613199,False,False,False,-1,-1,False,True,False
reach-wall,24,matched_random_fixed_rank4,0.02724379785358888,-0.03326490223407763,False,False,False,1,-1,True,False,False
reach-wall,25,fixed_rank4,0.03827462121844283,-0.009211172163486214,False,False,False,1,-1,True,False,False
reach-wall,25,matched_random_fixed_rank4,-1.862645593320167e-10,0.0,False,False,True,-1,0,False,False,True
reach-wall,26,fixed_rank4,-0.026330451574176683,0.09943759292364085,True,False,False,-1,1,False,False,False
reach-wall,26,matched_random_fixed_rank4,9.313225746154785e-10,0.0,False,False,True,1,0,False,False,True
reach-wall,27,fixed_rank4,-0.005267522949725212,0.08810309767723101,True,False,False,-1,1,False,False,False
reach-wall,27,matched_random_fixed_rank4,4.656612873077393e-10,0.0,False,False,True,1,0,False,False,True
reach-wall,28,fixed_rank4,0.006418362259864807,0.00044199973344793975,False,False,False,1,1,False,True,False
reach-wall,28,matched_random_fixed_rank4,1.2256205095262374e-07,0.0,False,False,True,1,0,False,False,True
reach-wall,29,fixed_rank4,-0.11963815949857226,0.0701827824115755,True,False,False,-1,1,False,False,False
reach-wall,29,matched_random_fixed_rank4,-0.04720705226063737,0.0001461088657381815,True,False,False,-1,1,False,False,False
reach-wall,30,fixed_rank4,0.06947815530002122,0.023623344302177607,False,False,False,1,1,False,True,False
reach-wall,30,matched_random_fixed_rank4,0.08515357356518494,0.016366831958293915,False,False,False,1,1,False,True,False
reach-wall,31,fixed_rank4,0.002452192641794637,0.002686993777751834,False,False,False,1,1,False,True,False
reach-wall,31,matched_random_fixed_rank4,-0.003765650466084347,0.011729547381400973,True,False,False,-1,1,False,False,False
