task,episode,plan_arm,terminal_ee_distance,initial_ee_distance,physical_ee_progress,actual_goal_cost_visual,actual_goal_cost_proprio,actual_goal_cost_weighted,actual_weighted_goal_progress,prefix_success,selected_prefix_sha256,executed_actions_sha256,endpoint_observation_sha256,endpoint_physics_sha256
reach,4,native,0.18106908606322455,0.2684817853473654,0.08741269928414083,1.8778507709503174,0.13798564672470093,1.8916493356227875,0.4975831776857378,False,155e974ca3b9659dd8435772b2e08818b31f88b3a2d29f786c92e7a55a0cf639,ae5fe413f92da41125bbf52934bbcc566be078be58df49956497d722b68b8aa6,53ad6399781c194b507c2a715d19b977e0976c8000d1e71f37680ea7ab5a77ba,43b2ca0ae5f715564103deebff081bd0932b7524e7606873b5e076723f3d67df
reach,4,fixed_rank4,0.18078814840032278,0.2684817853473654,0.0876936369470426,1.9337471723556519,0.14025229215621948,1.9477724015712738,0.4414601117372514,False,b26b1ea7112db24d1c37ff98e740e9bcf3772c7c8ee94267fbfd7c9e54b55d74,da99fa10e0ebf3fa69e0ef071760e9033483c93be43dcdcb8d4de2174bdfeab2,9a1864c8333a0802d215032d22fbdb2a08ee9c86dd2e59991e1738756239bcad,ec17b65c1af8f6223fc3b5b5cae3a88c26b7d5d65d2fce86139e13c695c44e51
reach,4,matched_random_fixed_rank4,0.16793934674130664,0.2684817853473654,0.10054243860605874,2.019784450531006,0.13511693477630615,2.0332961440086366,0.3559363692998887,False,bfa0f09783784814945adb95643b37f02be90c7741340c25ea9d1098ffc554f3,7957523f36740b95ca3042c3c0f12ade3cf88057b458893b63571cebba15f7f2,913662fa786ac951a37efb0d543ab7c7f3e9d212f3aa85220faf591a6f372366,65d3c8fc4bea4be22e5e23c64936cf1f47cfcf47a0fce2daf6c64091b69a67c5
reach,5,native,0.19679899329478426,0.2782269452554675,0.08142795196068323,2.3049306869506836,0.1718364953994751,2.322114336490631,0.4003977715969089,False,e1493cf721a93ed86f2895d1be05aa9f3f683fbee29a2f6830f7ca812efe9ea6,7e4cdf8280db4ec8fd873f88a80c1f8a9daa61e577dc0626b1cc15e7fb37b8b4,389b4b04b54465ac876fdf77d33125bb7a9eef4dce25e8c940dead34762fbdd9,99abf0429cce66fb009cd57d02200e2cd3687d5dd0c37b2c397d2cad5b34edbd
reach,5,fixed_rank4,0.19696703186987213,0.2782269452554675,0.08125991338559535,2.314873218536377,0.17306512594223022,2.3321797311306,0.3903323769569398,False,838e8effa92c1b05384677b31bb104ca557d6976f313c048e3b136832c94b3ee,5be0c124c3423a40df02caa6bb9f0598a76653071977428d8a0a5dac1cbd3b88,ce3aee53dba86178f6e8a6861e8c1a414f7f06f6dcb7735f4532698040c649da,92d13daf935622878a365e1aa56c776816042ff3d1269b1a14b120335e65b0bd
reach,5,matched_random_fixed_rank4,0.19696703186987213,0.2782269452554675,0.08125991338559535,2.314873218536377,0.17306512594223022,2.3321797311306,0.3903323769569398,False,6523e2cc64a898435a45a7c182b181ceeae1d77e05038f691a9f16884ef9081a,9932e5a652b0c837915c5bd5bf389484409b6d7e167f9315d68b36e8901d99fa,8358c9e4dc444b0d0b77696ce40e0d5f813cfaac2c7c3f8df9eac7d644685dd5,0afecaf3764334500339f7c1778e987de75626462c086b7c34214f3a786b09fb
reach,6,native,0.13468201660403747,0.2179346943745713,0.08325267777053383,1.9530514478683472,0.10694903135299683,1.9637463510036468,0.6675900101661683,False,b2b32c1ef3c28375153fa67ce192cd038ef06231e29546774294ef3a5f19ac26,4039a4fcb08c840a664eb51d48fe20e88abb462a4fa8ffecf89a9da5478ebad2,c681e7c32d86c9e5237c1bace85f02929f911152857325aae78dfdcb67e4f675,dd6ae6cc1b18fd9f6578622aff5141c674e89197fe7f9cf7e7b2980891417ac5
reach,6,fixed_rank4,0.12982539767570012,0.2179346943745713,0.08810929669887119,1.9607031345367432,0.09790012240409851,1.970493146777153,0.6608432143926621,False,f28d7a6e5de2d084b9c079fce652b80650eae711a3878ed2d039bb8521aecb6c,7b262fc362a4d7b1fdfb525f4116fe267d08cfae111a812a077914a92759ff4e,c5203bfd2711912d2dff3c639a8ec682ac8fb787909bb4d4fb261bff9fe551d2,34918558d19874c213648a202d0efebf63db3f109b15ab6a5e64c605b1f960c4
reach,6,matched_random_fixed_rank4,0.13463493843833976,0.2179346943745713,0.08329975593623154,1.9713925123214722,0.10581804811954498,1.9819743171334268,0.6493620440363883,False,a0c1fb1805348ba9f38a1059701379cd71a79fc4c75fc46b96d6675c034ddcf1,6de4cd7687890a816960690d55f8195dedecdae43ed1ccae297b9c280d054109,4c97a1d3889afea43f7a37f5ea0e1cba19c65fbc23a982fbbeb90807ec8d13d3,a9460c94a4e86d7e9b1c86dcf7cc453a1cffa544e9b63d88f6a0b7bf66755f3c
reach,7,native,0.21935838613926903,0.30670346949410116,0.08734508335483213,2.1782138347625732,0.17966336011886597,2.19618017077446,0.5852194309234617,False,c2e6f900060be1f12a6d4afd4042975c1dcbf73e7c72e28a00d626f2a8566974,0b334df57a4868cfea1275b65e99529d3b6d5287d8bf722c5f405c7209ea622a,03a074f8abbe9f5e133fa9050d70ea989c5cbf1a99d7a7cda0562331631003aa,792fe0bd74851b63c889154242f2113d2edab7fa430ee54c7867a557c506a85a
reach,7,fixed_rank4,0.22240625613376494,0.30670346949410116,0.08429721336033622,2.135650396347046,0.18094077706336975,2.153744474053383,0.6276551276445388,False,0997b40a7d3caf8383637764a0e47b97671a02e6614a170cb6ef295424a15721,04d3f4d38628a08499f0174be27c6cce3fafd1355e72bceaac0e88fdba228fe9,05da7dffe88f508305bfc6da3bffc193ff272fdc0d7f12cc328e1b92fc440540,ce06b17f6e17f42a2e9e12d9a4996ffa2117cd02c8ad5753e9455c5094f416f5
reach,7,matched_random_fixed_rank4,0.21935838613926903,0.30670346949410116,0.08734508335483213,2.1782138347625732,0.17966336011886597,2.19618017077446,0.5852194309234617,False,ea885d782e214584391d02f50149bfcb4dcef072b2921fecc967d2e3c529aa58,d0158e72b49382dded1e172ec5a81ba65ec527a9c27544b256eb95d7e6d0538b,03a074f8abbe9f5e133fa9050d70ea989c5cbf1a99d7a7cda0562331631003aa,634bfe3509252cb16a1fc6578870b9940b8287c1ec97459eedfc16bfaaa561f2
reach,8,native,0.17858426791477053,0.2691066135479647,0.0905223456331942,2.0760750770568848,0.14060170948505402,2.09013524800539,0.42468688935041454,False,6aa428e0cc50e18f27082491852c15c6bf45c1ae7f3060b008dac9fa84dcac1c,7ec8e349619437d57d71c1cd7777ea16854184d007db0a5262070537c7222a3f,869899b20aa0e824fce133010871ee11d934fc31b229d7b33d897d9625eaa967,585b7f9e77d35cfd08b7d402c8a71bf876ddb1a9f5b15b36c9a9e92c82df945d
reach,8,fixed_rank4,0.1755441345051573,0.2691066135479647,0.09356247904280743,1.9510812759399414,0.1268666535615921,1.9637679412961007,0.551054196059704,False,4fbb6227cbaff70aed159490bb104de154fc74142a8cc07f0b764471cb93d665,ac76d670c40ed23f8a40e368a12b980bc407c9e50f304cbce64d7d87a3ccaf39,25fccefb51f0d82f79a938c98cc7b13e1e2bc791066935cf56588efc5899e680,8d984dd9b23ae112438e7f2dfe51f5602b01e643ef2ee872b2e26a32999bb27d
reach,8,matched_random_fixed_rank4,0.17655888904963177,0.2691066135479647,0.09254772449833296,2.0866518020629883,0.13834607601165771,2.1004864096641542,0.4143357276916504,False,12e8db7670e205a70798d5453524d7929582d7cb1492db9c788500cb25dfdea3,392daee276396d68487bbd5c73f4e52e989e0d3bc5bcee8caa7bed5ab5b6b294,701b89930a6f15d7c1b48fd6d290fd207d47891f6c232016024e89917c348891,1ceb0a9b8db67cde3b0e52dc6aec96ed46d346daecf706cdb47c274c26f82011
reach,9,native,0.20440476720020007,0.30153585362157487,0.0971310864213748,2.202946186065674,0.18517954647541046,2.221464140713215,0.5681459859013556,False,45c55dc0cebccf0933a90e045fd46e1614cd4449c121bec7b40d3c732996fd62,339c05073d9c700adc7415b71722c6351eee6fb05e925f33ccd5aac84a3bd304,5b4038fbb2f832874bd051992994c0407855f1b1d720eaffc6cb0e9d6eb7a4ca,e76b93fbbd8470bf9faa69f0bc12105eefd2b43fa339bb4b265849921384ff07
reach,9,fixed_rank4,0.2013925653119012,0.30153585362157487,0.10014328830967367,2.237964153289795,0.18785008788108826,2.2567491620779037,0.5328609645366669,False,c833dcbce7a19b368cd9492ae914354adb9b4338fd5a5c90012dfe70fcf3833d,171ea27ec2ffe7d4c1b1266be3bfa202affacf99066c697b1bd234ce9a001d57,60a0bb1d882f6a50f9e815d0aff1e955979b7b502a56b1c59590a5e57dee495b,9fd99b77525bb959ac3462c5ae3e9e1ab6dbc5c1a6b561312023aff8a9169b1c
reach,9,matched_random_fixed_rank4,0.20281676655489836,0.30153585362157487,0.09871908706667651,2.2135703563690186,0.18659816682338715,2.232230173051357,0.5573799535632133,False,bae3d442b24961e0bade1ee92040a3d9df46ee41ecb57c7fea12c78e227868ec,ddd3e59289d331cb6b4732f3dc7d41c37572d0078e5112c09dc897049689ab84,3009cbd0e1ba2e1e509f4d89a47967835513fa50df2ef8cc9fa0f5a512990ccb,45aaf3609bc06f7b1113cf62f6e8dd46b7a8c8301028ab4e1ef96652e4406ecf
reach,10,native,0.1665606882548551,0.252414684089204,0.08585399583434888,1.9094741344451904,0.11612401157617569,1.921086535602808,0.5326676748692989,False,38319c4eaa9d56f89e94b83155d5aa39a6c1ad6480eb3c74799215df32705ba7,0fc024d7f52aa35ca0e04cca30a82b9818662678b32e411754ae83161a7f1ae6,7c535db094674d1dd6996a1bf07f9a7802dff687798d9408ab86665c626a95cf,c6fcb2a3a15a4dd9ab8de6683ddf43ef68b141cfb4f5eb575d4841ea66fe4210
reach,10,fixed_rank4,0.1625563072694254,0.252414684089204,0.08985837681977857,1.9978574514389038,0.11971469223499298,2.009828920662403,0.4439252898097039,False,2ea5b5e79758d4dff405fa13fc4ed17ea0a4053fdc204e40f2c3c62e79a389d3,02191b50b15acd6ca7eb5785d3f5c66e1cfa9fc871aaf284b00b116e7f81bafb,d089bb8845531c45cca622c077ed2081c1cbe05e287afdb8d797032bc5cf695d,527868cbdba5ea3b8be1bf3f2725dd740d61f7a6253767fa4af446c7b5146cb3
reach,10,matched_random_fixed_rank4,0.1658729406875076,0.252414684089204,0.08654174340169637,1.9682881832122803,0.12221777439117432,1.9805099606513976,0.47324424982070923,False,49070709bc1cbb1751c1ef6a33b91b2a7c692cb5ff45396f9eea4efe75e00f8d,a9e8817a36abdfeed3112edb9a6b582e21a439a051a6902f4d52cbc090399fde,24a1e67aac56cd67f6d92835da1ff6b47e2b623d1484bdca7ba1a0c3c334339b,feaf7a0531b526df2732fe873eda1f780d506ec1889aeadc15cf7ff05c688b52
reach,11,native,0.18379928858700617,0.3018990446726353,0.11809975608562912,2.4248852729797363,0.14841778576374054,2.4397270515561105,0.36039875596761695,False,b4b4359ec1e18f5d7a45395a4201d86385cd59d16a11c628f2a40316be94ce23,8abeacedcc040d9fb52c2041c12e46a24fc4de5abdb2963f89e729c5abc149c8,2da0ccc5ca82c18c4f860aaeb2ab5d9f9bc1c0955af33d9c66e054660a3f9db5,7508226e4176c806c8f177ae256438e36951d74f3da984ebf125e9a831f4193f
reach,11,fixed_rank4,0.18605421417000118,0.3018990446726353,0.11584483050263411,2.4480395317077637,0.14982718229293823,2.4630222499370573,0.3371035575866701,False,db133d539cfbe09df94dba167b526f40139c3c81ddcaa1d9231bf524a753d486,4a99173f6b5ac4a265034ea094cc37f6bcc81e070e9b8416b51e23539e086680,dec49affb5117deb291b5929e1bd247487be997521ffdd23b333d9bb9b1f7fa8,5bf3841bd1cd2fa412b7d2618ad1359ddd526fa9f8656d35605286518919aef2
reach,11,matched_random_fixed_rank4,0.1861035770434131,0.3018990446726353,0.11579546762922219,2.4216084480285645,0.15352243185043335,2.4369606912136077,0.3631651163101197,False,a1697e9b5a0b8db3cc101904cfa91ace40a69d5badbb8dea4ad2df2950c06852,c62ecfc2bfcc4b3f2652427348ba3e5c0f2606b0b9198075ebb83563ebd0c669,9f0126099f848c584dab439d4954256d13a1bf5850f6b11c799eb0058aa12a17,379c5ed6c3207ceec359c6ea69f96822f07fb7aacf14ac0376ae6c5ec66c4dbc
reach,12,native,0.1999269758753966,0.3178515307523362,0.11792455487693959,2.669600248336792,0.19396165013313293,2.688996413350105,0.434520310163498,False,7bc23b5ffca55ca2ad166fa3e08375ac9a7dfb5ceb30ad2a105e77a5860ab6b4,074546d089c0cf70ec6ba279cc3a284f5d928f003dfc373bff390a719c316e3d,cb0518887aec0adfffc1277b46d39844672e5bf6e86e2cb610cf1d6e8299dd61,1688d4491c167708f6f698717faaf6694205cfb1dfcf5cc8643407e32e912285
reach,12,fixed_rank4,0.20122529676969728,0.3178515307523362,0.11662623398263891,2.634439468383789,0.20624306797981262,2.6550637751817705,0.4684529483318327,False,68f857efb9b31f839373ea526d7651cfdfcbbd9790a028822bf280ba2432df48,4c9f16ea916794a6abf93b9cacbd178ef97491974c34bba9e9c1e4953b77d1f8,af28219f35792f50d537cc6f06e2546163a29c5311eef1ce5af354fdd872ce9c,bb165f54eefec74a2c1d1842bcc3e71a9407e19fec3a527d8341fc550a90722d
reach,12,matched_random_fixed_rank4,0.20122529676969728,0.3178515307523362,0.11662623398263891,2.634439468383789,0.20624306797981262,2.6550637751817705,0.4684529483318327,False,16d5b76bb46ec4c4c02f9ff364662cf351c5694ce85b6d8de70c311085f4d8b1,df420820634060c010c6101c2f0a9546a3b71209cccecc2c62c99fb378ecf9ee,af28219f35792f50d537cc6f06e2546163a29c5311eef1ce5af354fdd872ce9c,2dec3cbb61f0e40395aac5e66c13853f72ffff48f6ea0fe5217b1089825d750a
reach,13,native,0.2000282959272498,0.27264761558491296,0.07261931965766316,1.961399793624878,0.12929919362068176,1.9743297129869462,0.5046166986227034,False,8b748fa9e93756648c31b4e2369025a53eebb8e09b38e6d8fe7a236363197b83,b5ef1ed88351d779418505deae0e3d9b5fedbd29383bf1d8742b12814abee82d,af1463a65bf0870e279efa40b4612fbfc71b3efc663550b1a02a49bd9c7544a0,e15bf41819093a1106f4d7e52d4705779437e3e24f085f23625729c6327f082a
reach,13,fixed_rank4,0.20102089207574975,0.27264761558491296,0.07162672350916321,1.9805755615234375,0.13110677897930145,1.9936862394213677,0.4852601721882819,False,b1a7b31dd8cba620da46d73a0fdcd534c85326416f5e0c86b02768de925550ea,a83a6e2524bf65c40c5e3a3ad456144dbbd915a81121e028162e4ad392daca7d,2cfe1174c566bcf6ff4c615be10b502b0805b31f5fd234fa93ef18b5a953e6ee,c781eaf00597444357932c6c506da289edf0c6f7694c43072b7b0f0546371e27
reach,13,matched_random_fixed_rank4,0.20028826859775828,0.27264761558491296,0.07235934698715468,1.981421709060669,0.12941974401474,1.994363683462143,0.4845827281475066,False,4519a2b3fff79cc1d80f377bb90d32a7579952182d37d822b960b68d532c4bab,0d57deb508dbdb22bc7de6b9752b86adb3548c6a139988ba12ca9cc2901b1ede,b05737cfe8d0382267da29eda4f0f5d6122f5c9012eee03a3b77ee494cb64d30,a4265ce4442037211f37f5358e94d994de42174d00fc3eca4b580719f5b2d17d
reach,14,native,0.20749881714325863,0.29728568236409236,0.08978686522083373,2.0745253562927246,0.1419607698917389,2.0887214332818984,0.46212828457355526,False,bcf5f0fee9d18b79177aa9123eb3304c7fb6ca4229c02a5f46e1b09352b28aa9,7b2f99ea5eb5660159f29c6650bec4cda20576b2dae9987273b4a3a2a35f4be8,aac0a9b35c32fab8640b1bc8a3275d1b0aad21324268ec1d1236902313b2d16c,610422084f881398201ba7a4dae9c85bd3d89a41096889f9fe72dd14983b6e28
reach,14,fixed_rank4,0.2050053049612874,0.29728568236409236,0.09228037740280495,2.0591177940368652,0.1457701027393341,2.0736948043107986,0.4771549135446551,False,cdf1a5d1f2e924a2f31182b68a12017a5823c46b037faaad8cced5f9cc40e648,9ddc13e4254ca27cbbe3a208c6796ef2deff4a6a01be4cf0139a161d6528ac01,f9af08cd1cd6206e6ff8469dfcd8ce5d3a886567c2020317e82393feb02b6bc4,c0009da1d4ee50a6cf08377e051443abce3f3a79872ed663bca1cc402be05789
reach,14,matched_random_fixed_rank4,0.20710895852750685,0.29728568236409236,0.09017672383658551,2.086441993713379,0.14128142595291138,2.10057013630867,0.4502795815467837,False,c69152f362e7ab020d7db19ecbf87389bb92b2d46997ad0212f562596b19c3ed,48845f18cc82d69e51ba7ceaf30384b8741fd7879304a646625c3ca984421110,a5a911f9bfb196e49ec761c1445e7942f9c030a98bee559151152b3c62698a3b,b8a814c1fc3a3f9c6bd2fa484fa81e7a54672dfa35b3351e31fadffd2dc85d07
reach,15,native,0.1642641100560204,0.2563423522493363,0.09207824219331592,2.2293386459350586,0.14512157440185547,2.2438508033752442,0.6767166018486024,False,9b7f00449c09b494155b05886705bf13164a2c94169e06b1f591f8cb9fc22cbb,78410125774b27df5846fac5f036f998fb215ceae3a74b2bc209199ad8c1ad3c,d0a2cd01272323d2af23a905fadd6f9c79524bf9ecd43fb2a6ca968f84fc3c06,75f229fc21f4962923c79b2698fe73e1e953b9940449737b39834cf710f0feb8
reach,15,fixed_rank4,0.16301110664290264,0.2563423522493363,0.09333124560643369,2.235802412033081,0.14461036026477814,2.2502634480595587,0.6703039571642879,False,d27fa673e1c737f934ddf3c3df01ad2dbe549f0edbf8636d4ca29270d41bf3f1,b5e8729d59fa4837fa5ddda0c404e258af311cd47c19ad21aa70ad0c907bae86,26a6e3abc517ffbc8ccdd4186b51580192bde085c6039a4d3c1a6b7050f5f3be,78a26f08b22b2937f976dddbfc89e4680e72accb48aeb17e33e010c79941fa8f
reach,15,matched_random_fixed_rank4,0.15786891787932408,0.2563423522493363,0.09847343437001224,2.180790901184082,0.13431380689144135,2.194222281873226,0.7263451233506206,False,f1d4650d93d73d687a63c1a4d5abc03a5ff8f10ea8c165ad878148b3bfda18a2,19a0dc257d0659edc7816b76cca65673eeccba053c08ff84e92a1b1947ca33ee,f70da5a1e46aa34dfe1d0dea4ec16912a9f3812a10062eb9db01c64be59e591e,d365847b51fa9a1d3a03cd5e1850e84a472ef196c5adebdedc67675817c7e94d
reach,16,native,0.1620743760337473,0.24932645749418067,0.08725208146043337,2.259939670562744,0.1424024999141693,2.274179920554161,0.4553565472364425,False,718eb104e663adabf472ffb08ad1322b389fe14efbbcc65123b96c291bee54ea,fcb4eed4f8aafd47a25da4891fdf5df62bc34f624a519ada18e7d6c17db74e41,bf5a4a0ae4fe7dd26b4bc4cb062aae2cfbb1697db041a3ec650485d7e3eb9201,8d010343a96285d033e5b4afd810e0f1634da4fbabdef729480a53eb2d2ec44d
reach,16,fixed_rank4,0.16207437592384938,0.24932645749418067,0.08725208157033129,2.259939670562744,0.1424024999141693,2.274179920554161,0.4553565472364425,False,6e0159e4dbe42c455700c7d7ec3946b0c0642309147d692e3146c1d5f7573c26,05f37f72c354b6ca1714195fe13851f927a5f5ff59377022a466bac588f8f73e,951a61fa00412dff5176f06bd10123dc85e771ab89f4cbe97ac940aaf03b511e,3dd418aea6d4c871d5946031f97ad1fed395405ad723150612d5a75960537e9d
reach,16,matched_random_fixed_rank4,0.16511498259141327,0.24932645749418067,0.0842114749027674,2.2016103267669678,0.14567884802818298,2.216178211569786,0.5133582562208177,False,4232d6911a952b2d6f0ed3a972755a5b3fa1e64bd5bf0a2593d34476f23e193a,604b1f7627f209b7e720bdb0df6e6ed5543247ea8ec1a827c6e4c12f948b1be9,619c3b326cc65cf1fa250f7dc45116ef9a710ffa8e19e595f99107b535409e59,aa16dad06ff7eeae47d1272cbcf16f79464c522b7f00213dc800cfcc810cbb11
reach,17,native,0.185355689449553,0.2889677470601077,0.1036120576105547,2.737377166748047,0.18328893184661865,2.7557060599327086,0.4177369326353073,False,6be98a8889906b783f3245a51ca5921778b0e36ffff7c19407d22b9adfbc80de,edf4c1724c97b5c24a93eb4429cb0a76c23a0bde6f790c979d1e4f1b4a11d983,3a1c7876ca66b9420578cccb9f4a2e33e41ed36335832d3b24577e9911b92dde,e01ed3146dd29cadb12f0569e9ad54cf77c30e3b40b6736f17f604f31ad9ccb3
reach,17,fixed_rank4,0.18492830269094765,0.2889677470601077,0.10403944436916004,2.702134847640991,0.18551570177078247,2.7206864178180696,0.45275657474994624,False,1d07aac697f487d0ae15fa6287c9074eb39eac0d6a544634545f31f32a85f98c,5edc0acb1eb9382636053a55b702447257f3d66bb5bff237fa0996d69e135f17,eb0ccb2d64707b951f26ac7bce8d6cdc432857b98a23ccf880655dfa8fd4fcfd,dddca362f0e915ace06c3c86a289f3d42b02fb2bc648a4e241d38e6fb598d0ce
reach,17,matched_random_fixed_rank4,0.18575570462476695,0.2889677470601077,0.10321204243534074,2.7269153594970703,0.1769363135099411,2.7446089908480644,0.42883400171995145,False,76de58c365044ff97c56409698107d60d1546b811a38d5d1fbda472e4cc3ac3a,89d5ba351503cd7a9689543f0bef13e9dc556282f9c6c82717fa1a47fcb74e9b,d292607a44cea10c69d84985b9d462e2e5cf1ff12d855dd98e047401513178c1,28c20fe55bbc12885b7d64c06d68b064b1abacca2df99b5891910186d3aff79e
reach,18,native,0.17031743507257033,0.29046670224463184,0.12014926717206151,2.2350845336914062,0.13388007879257202,2.2484725415706635,0.5582680672407152,False,9f1e3f28a9f2a09f74d83f37560cc797a32cc7873df818104e5a14a8f9cd2796,31e708c30c05fe2a0b317f4b954deb8f95dc4c456989e64359d569daf8e35cbc,fd59772e0e2d37015ff387d26eff3c52fb08b23e563814a3724c027b80ed99f8,3d2a3662a8bd97d4773945c2a1be9407ce023e9558d6104de4598e3ccd7f5a96
reach,18,fixed_rank4,0.1701115147578277,0.29046670224463184,0.12035518748680413,2.2798233032226562,0.14073863625526428,2.2938971668481827,0.512843441963196,False,718c95bb052fc33884af9277d48a83828fc4764b37fd8cafe78358e8d38164e1,f5f138c418019a02050d9c918771d66727d355e2a5d3a561c46c7451b988b09d,34c292bcbff0457262e001992bf2505e1118064381063ad013151fef96f1e05a,8a20eaf78b82aa1f3865df0a7e858c07da3f9ff237a6b77f49d442938186678a
reach,18,matched_random_fixed_rank4,0.17130505195613543,0.29046670224463184,0.1191616502884964,2.2537457942962646,0.14122138917446136,2.2678679332137106,0.538872675597668,False,45133f38c2eeabd7de3154ad744da22245fa23b1b3267c31464f0cda472e1f97,01aaf3b0249a98217ab64fb8d8171e47db909d2525365cdeb91b65ccadb8a522,914fcbf46400433c09e87be7ebdb345e85130be371f6d12a6aecab317ca6be93,4ecc730bff8ca4c6232af243465674f6e7c8870801609a9675a0ebe9b9b3cb35
reach,19,native,0.19438737213421078,0.30890078008363653,0.11451340794942574,2.477813243865967,0.16780546307563782,2.4945937901735307,0.4038061320781705,False,41860bb3cb850c171bafa574861f39f45bda653274b89844daf197df68cc074d,b44a54421f8d4834cf7d7e1baba596a0c053cb071d6179237b12fc92273476fa,7d47d26893ffa929057d3f7258b45278ce983c243bffd0e6c67627c90f84610c,8c30cdb1cebaeed75ba2a92d6c3ec38b09002c8fc61b3ffeeb5bc264eb7a16fd
reach,19,fixed_rank4,0.1929270696873449,0.30890078008363653,0.11597371039629162,2.5160017013549805,0.17915567755699158,2.5339172691106797,0.36448265314102146,False,0a5f59641513368e110714d2ed00df7ff70e372dde8ecebf10d6ae4c48401ac3,e145b81d539406df759a395a9148e700d063a892f631e48011580a4863566b60,d8e63fa5a345e7cac8dfa832f1c2d9583df88a1f2f333a3da06ed18ccef30afc,bdb21ebf8dac44b63cff2d4f366068067b00cf688d8bb61dc22b3da6f46ea8cb
reach,19,matched_random_fixed_rank4,0.19311922306380355,0.30890078008363653,0.11578155701983298,2.526211738586426,0.17927145957946777,2.5441388845443726,0.35426103770732853,False,091fb5f00313fdf338090a58b2aa1e65fcf477b393f823e991710ccb01ddff62,65cc98a0ed5b12b508afe069223c52c297f1c6d5fe00b6a23620930d023160ff,0fdf909df67330d9ced5d45d5b0668b68e6bca3715c6f29e47d0258638315c03,a193a49a1db54f0e4f03aa495ea093ddc44d90dbd5900f39f02eff4cf95e3c0b
reach,20,native,0.19940724091822443,0.2825870479428637,0.08317980702463929,2.617788314819336,0.21453246474266052,2.639241561293602,0.3741505473852156,False,fb7f27f6fd5ae0779ccfe8a76907fd14f7e96a9fde230da17d050f6ba3247e8b,e6e351206c9719f52d512f3597b34c72a9972b49b37d6f69b89f5f757681d6e5,711cee8c2b50c1c52f4b3f74873836c1332b1da41f38987090be005a45374b7a,56ede00fa9eef6fef09d4e6875b09ceaaad3e6cd9b4ff8aca635a04ffb37c987
reach,20,fixed_rank4,0.21343805977161903,0.2825870479428637,0.06914898817124468,2.593747615814209,0.24787300825119019,2.618534916639328,0.39485719203948966,False,c2efaf8bb28b02fdef68fedbce2e329605e6a0820f2a05cd6d83e447f80c197a,95ec19752626b15386d1a6e2a6b56812787e22bb5d78e902abf9e16e15b60c61,d1c3b5d864566786de6fc6aab70f5fca559a50c372bf8abfef7380f6db3f2925,324ba0adce7f4aa73323f323ce33d4a20655ce56b0696781b5aaec6a87a4f612
reach,20,matched_random_fixed_rank4,0.21343805979156025,0.2825870479428637,0.06914898815130346,2.593747854232788,0.24787300825119019,2.618535155057907,0.39485695362091056,False,0fd891d475741ea9387b1aaccb3640bbf3c010df29dcac7ad96979887c4b4edd,9f8057c97c6853472e752815eeb0e2088a75d5d20d3f32d9a59663340fe26c35,476e1124f61d149d8b85d578e0b3f112e3f364e3b39e729e5d96a25cccd0faa9,aa64f08b9436cc698b24fe3d5e157d2fb16cd2ed10ab6f4075171a694ee7696d
reach,21,native,0.17293955394079302,0.28190927193290427,0.10896971799211125,2.372405767440796,0.165226548910141,2.38892842233181,0.4597883611917495,False,6ab3c897e795cae74e6f26c0a6e8c767abe5b74b77bd32a4d1f15e4ba3e99ab2,d2feeff671c4fedf9f84c10531c12f431a2355886a372c0b287817413f3a4764,2149dc718428e729d794f9ddf7e371fbb738e4b35aa1e06ba9e18d9a1992bfb5,56b262e22d6c20946e5e970c15f5f1e84293980d885e33e1a214621307bbabf4
reach,21,fixed_rank4,0.17350299069215616,0.28190927193290427,0.10840628124074811,2.3969850540161133,0.16764509677886963,2.413749563694,0.4349672198295593,False,d55397626a0748f2a18dc9742ac54a8ca7a0d28358fe03ffd70115a3dff04f91,82edc4bfdc3405ab3bac11d96e8ed30462140e56c62c137c1f6bc3003e4cd5e4,928c6752cfbb59106a724b6ef31aafb3527410fc20b7d07015deafcc46dd9174,d18e5b2f05c045212cba634ddb7c8774fb82122d91cbc576512f699bd9b3ec3d
reach,21,matched_random_fixed_rank4,0.17293955394079302,0.28190927193290427,0.10896971799211125,2.372405767440796,0.165226548910141,2.38892842233181,0.4597883611917495,False,5c182d39d15c5e7ec75fee24b21b976c1b134b248bc77fba5b46dc64569acca0,759a30bf43c06d98260507a5821930101ff90cac3dec50fa99af5127ffe840c2,2149dc718428e729d794f9ddf7e371fbb738e4b35aa1e06ba9e18d9a1992bfb5,6dbc5ae01c504dcf3c5f8234f69c322f8f6135e6b8b43128028f9daff492408d
reach,22,native,0.22574084981608492,0.30410043241825346,0.07835958260216855,2.6826725006103516,0.22047537565231323,2.7047200381755827,0.4358412176370621,False,b28b31d6e58562b985113b8d4bcfb7376ae1d2b88466eeb38dc5e24403fc7fb7,1f6a31a18f6374873bdd561e517b178bdc082b496b3364ad3890d48412464a6b,ae528618455d7a7dc977921d138c5ee40be4a6f59a69c767aa6159956039fcbd,b7b1a3490a2d578b697c4c2fb70dc2ea6e42b74a9c4375fbe83e405a115975ba
reach,22,fixed_rank4,0.22562697861569894,0.30410043241825346,0.07847345380255452,2.632795810699463,0.2265017330646515,2.655445984005928,0.48511527180671665,False,e4d70f94885139e170095887fab5b273dfeec1af75cd74bdffa7b7ae39b9aafb,cdbb9ac98dc0ced1ab7435a9f7884245c89610885aa531311d5490fbff4c1083,47c1b0f54f74f8db054155aef9cde19dc47d531141b458374d5e47ee8123051f,c359356e99944e9fb05d21af3b53317fd752fce4ac2609e977431a726c64e058
reach,22,matched_random_fixed_rank4,0.22671600224428437,0.30410043241825346,0.0773844301739691,2.605252742767334,0.22993315756320953,2.628246058523655,0.5123151972889897,False,f2801dee817545a62832823659ca38af79c981f232f66a537b5d418b57ca779a,b5b7deaba77673948667c47be0d40ef5a5a6ae3de8fe367de861c2ab2827c969,6801664fd00af44dc7519180dfe39c7a29d1072350fcb9b3684e4d5cf2fd4eed,7f48518e88953863a95deccff8e1b95e9cc573eb79a2454bfefefcd7b4daf8f1
reach,23,native,0.16448381448707494,0.23922607409668278,0.07474225960960784,2.1263043880462646,0.15212255716323853,2.1415166437625883,0.6024056494235994,False,4065e79fd56d4901aea64424a08c2e373b724250df54518de61534cbcb3ed79d,51d9bad0a8947c0580d3210fe5a31babb4485da63d47516c4ca7636057efce0d,3162ef518eb31284c6219b5f3f3a2a251802f2e89dd38952ce331f592353a579,09ef1d379765426a4631a12a2fa50b5f78ade557872cd34eba5ccd18fc171478
reach,23,fixed_rank4,0.16721548574209316,0.23922607409668278,0.07201058835458962,2.1402673721313477,0.15197426080703735,2.1554647982120514,0.5884574949741364,False,8f4b1a776d71415c97367fe7363f1e84332da5a0d15c49dbf357256fc9ce984a,ed7ccb2f43de762d393d6c1b847daba37b5714045ae9c7d091ed9e314702a6c3,aaee7e40197931112bc6a2f7b41d953c4cc2eab456873007f835b89544285d21,c830cf9f84e0d6d86fe0d2b6fc198e797842ff81820531ac132b92ef09068c37
reach,23,matched_random_fixed_rank4,0.1697811928988581,0.23922607409668278,0.06944488119782469,2.1858527660369873,0.1586918830871582,2.201721954345703,0.5422003388404848,False,ddfb425e51afb1a54b0d1d8446e0fb7b6039f4fea82c9b8d945010b76b5cd615,3ad2d69f97737e75b62952d63c11c55e4c3e1bde3b300b5a0f6fa476d9c69aba,22126ff9cb13ef2eeb6e2c07e3a6c850320f90ec69d1fa997631aaba74d38e81,12585e6f271431bbf61c90d8fe63a40bb64a63545df1285b35d3a00327647cc2
reach,24,native,0.13473068846149064,0.2157354667188105,0.08100477825731986,1.5652720928192139,0.08209900557994843,1.5734819933772086,0.5404514983296393,False,b8534eb472c45070dfca2b3d8ab6113d0ecbc24d6bd26e62d288a2562233fbf7,77cf64e412375d2bb73c2b6d887cf8c4fdf1d62b82ee5de53f9b90da72456321,3753e046c141b8b896c71128133128516c61f6d587e43da125485d67b7d31ec9,bf1f502744c62b601d9dce7d35d5243247164629493c6eca2f3cedcd8ff3edc2
reach,24,fixed_rank4,0.1351597299110939,0.2157354667188105,0.0805757368077166,1.4010629653930664,0.07804897427558899,1.4088678628206253,0.7050656288862227,False,3d7a9f8547f3ef5549695328bdabbc609b956943ee44860a3fbbe4c3ac21c9d7,8889179e372d829d5e5e264e0f66cab0f17131d866b4bafce76ee27badf55f24,2188bf86105de9bf886f75a30eff2ab3953037fde20159e8a669a816cc3e769d,025b7c56933f1368a104fe6acd9dcf1a2c1eaa4eb265090e8ee9d506a1d86728
reach,24,matched_random_fixed_rank4,0.1358267175240065,0.2157354667188105,0.07990874919480401,1.4526405334472656,0.07951848953962326,1.460592382401228,0.6533411093056201,False,a0cc52a29f2528d131f2d5b4a7a57b6198c135d399e8f0f00afc5a893f93f007,30691ae4f99589f9dbadfb39da972700fe631a3fcc04a1b085db132d71d7a6fb,82670d988acd2363391c1a1ab7563456acf91e88254f59cffdc44a50b22b9ecd,448c257ff0044412b03e81d0effc375910123b8337b082fda8247cc1f636f507
reach,25,native,0.14194524744832832,0.2564739764503206,0.11452872900199229,2.0861964225769043,0.0925268679857254,2.095449109375477,0.2960221394896507,False,a043d30acf9ae3989630067300f5d219bfcd5294a6b03ad9cd236c76590cabad,115d56cf5daf03d033184a66a9238b1f4e6757af443bb73c50a412934668bc12,55adf20cbd2b347a2477d5f46d675149b36e9fad5038cd7ba9dfcb80a3fe1b07,bff4ab347e8f95e13c476fc8ff30d0e527b60281e6d0df7cd28a97b3b8ace4ff
reach,25,fixed_rank4,0.14763600210872474,0.2564739764503206,0.10883797434159587,2.060544013977051,0.0977262482047081,2.0703166387975216,0.32115461006760615,False,0322eefb48449b217286a2e373abe58a283d3dde79bab3b01396dea292f72cc0,2bd6bba72923f030f67f8ed90ff873f10b96a0f51b35e68692753418ed700e34,38f07b914d92fe7bdc6b84ca41980d8a0fff596a449626dd1f701aed02acdc80,9c30622d2f66027f1a1b6377f6673056602cb5259fce7a55ad2ef9111882c823
reach,25,matched_random_fixed_rank4,0.14763600124044068,0.2564739764503206,0.10883797520987992,2.060516595840454,0.0977262556552887,2.070289221405983,0.3211820274591446,False,7eb169c83729d06ef4202f25aae876d1152450c1532f7ea101c8bcab6e8b947a,71ea1e95ae50c6ba7d8162bddb9389561354ae2aeadeedc44c848cb37cd052b0,d0f2d6f31e481949fff6529f0ac8ac5bea966392e9e8d4ff4cba835e291417f5,8d4c571c29c08ee01ca3de47def8d4237e2464c917779dd63234d98a550f8bbf
reach,26,native,0.1768953367021802,0.26616760331524747,0.08927226661306728,2.023496150970459,0.12238024175167084,2.035734175145626,0.379043923318386,False,0cbdb4fcd7270a3c659bf2ced958983f8c0030f110447f6833ca2f1d23b65ae1,c3663b2bf65f8f7034261d2c7c706882683866e69484406588df147fb617edaa,03fa6b61333ec75cf8532007597ac3287e20f7cee310a2aaa79c2afb53b597be,b9271e66650c465868744bed6bc186ce0ba6a332bfef68300e29cc3f367a7db7
reach,26,fixed_rank4,0.1618659160094952,0.26616760331524747,0.10430168730575226,2.040060520172119,0.11563661694526672,2.0516241818666456,0.3631539165973665,False,3281c287da7f2294bdfdaadc442069d924cf0312f6c0580d886298227409838f,999e601a88e3468ddc782bef57074fc4e93f372beb33bd7f55e08df5fc65bc42,02197f802f185d1cbfb7f8789dcea692f9c3126f5e182e094b8017b0a615b095,c851883fc54a6b11f40fd55989664635cb490e4a8d17f3adfe75ff40783ebf52
reach,26,matched_random_fixed_rank4,0.17279025714334353,0.26616760331524747,0.09337734617190394,2.069946765899658,0.12735773622989655,2.082682539522648,0.3320955589413641,False,bc5d0f3377c26723a1d33f4f03992aa87fb40e98259db6515e8e1a88ff371d1a,8899973e415b0b020755f94213ce7beec922fce78fe5f90a68083d60e9f51184,b4940f639905ad8b1863d42f8d0a8ba172f003014081b63ac004325ec7e8c9bf,2dde34e795a51797eb055f70050114f34416d9ed6ca6c831ff3488fc6ca2bd4a
reach,27,native,0.15324150948588128,0.25260132277496955,0.09935981328908827,1.8060616254806519,0.10548792034387589,1.8166104175150395,0.5139448426663875,False,59cd5821e95fd632a8cb8a557e2b30cc9cfcf41cbf22a3fcf3b527e2c59aced8,470c2bf47021e7201e4d1b063a6babd0838b0efa1c2f1dcc00fe3b1c9b49129f,3d57172c45bdafb46359a533f5af785400c7fd31ae166b80a389ffe42ca92867,0b9827dc296b40801826987d1ea4e50177ab68874bc6bc8e4f0c4dbf65b57ad8
reach,27,fixed_rank4,0.15725997864857147,0.25260132277496955,0.09534134412639808,1.929270625114441,0.11667738854885101,1.940938363969326,0.38961689621210094,False,ccb4308be177d90ee4b190dc088764e7749eb1732630de4ace044627953ea973,c88b083a91c3f646479118015df4623b0c462299a4f2afe06e11ebddfd50b728,2bfd07a0d6a787944a8604db061386903f8e07ec2acff5c445d3939a3daa7750,448e73fab2f929fe6cd7859fdc0f21341c0112338de8c6141ef6c6426fe92c29
reach,27,matched_random_fixed_rank4,0.15772781413746675,0.25260132277496955,0.0948735086375028,1.9537752866744995,0.11818201094865799,1.9655934877693653,0.36496177241206174,False,dea76bf4456549e720c974624127ae05e5c08cd04f8d49d9e6f9f9238a7febec,feada6dc9546c7091ff61892062d23afc286046552403d6f52dea20d07f1f2a1,17280a44e4561cc733f637b2f97b688f4796812f1830c33134a14254c66d73c5,84f5d29008ad9be2a55d8ea48adfe94b7e6ff985094cf2871ea4af57b993ef27
reach,28,native,0.17462479472157574,0.2559707058419814,0.08134591112040565,2.472644329071045,0.1739356964826584,2.4900378987193106,0.4944064214825632,False,ff6fcd2d65ed5e69a49fbaff28b5ab40cee7e16e29a5275b0dc87b004825562e,98acc813561143c0cdd7cfb922670151fb6d7b56fa6041835d96336a52cceb25,5f0770689e7afcb4aea8c5ecc5652c22d9cc25552d15cc905572e2f7a02c467e,528c8c3a9b6034d7dcb7c3ef37bb226b6548bc85617ac4052c80071a38830cfe
reach,28,fixed_rank4,0.174624783428571,0.2559707058419814,0.0813459224134104,2.472644329071045,0.1739356815814972,2.4900378972291946,0.4944064229726792,False,e47e1d250d0a9fb1ed999efa445a86af8eb44e9de87249f88adb30e6a619794c,2053d1ed049d01d1e86c3b9be6b7812caabb64d99e91286c81b4898813437bcd,266e4f4aea28e3a12027f9a8931b1173a04bee668eee19c65ffc989d205366c7,32ba922f1f8972ce8bb0f91a5f0a708e9042b74296f30ade307ae6a46ee7fffe
reach,28,matched_random_fixed_rank4,0.17462479242230414,0.2559707058419814,0.08134591341967726,2.472644329071045,0.1739356964826584,2.4900378987193106,0.4944064214825632,False,9b17f68db6fce2c238e462ef3eb1f91702ddf7c2d041f490199143c4e0ba8f68,85014f6a65cdbba5e30dae4d332c44babae793ab1a78ebdb1adc0ef5f031847d,49119d5b8caaf1b5c38c4e270accc8eb22c13b4681c12bcb426238dbb4773567,539c5b99260873f756843d72aea2b7804b124ad9c5f7d1f261fd83bafe662a15
reach,29,native,0.20435527316085686,0.2869161858272797,0.08256091266642282,2.4487199783325195,0.23310747742652893,2.4720307260751726,0.3466207116842268,False,7a386ffa7c90fa3383d94e7fc8874dd0fbf93a491d8c56ae31d5755a415846c6,c45e1b1e558fa2dc4f41113dc353e493e82e1612a1a84240509895d4e452661a,f8fdfe42b3c69f7e991aeccede4d08b33a27cfce8e1538620984ff1939e78737,5236f1583fbb82b8178ec82e3f5bfc127a450df3e9291c8c6a33a04262e8b2cd
reach,29,fixed_rank4,0.20345801954882992,0.2869161858272797,0.08345816627844976,2.3904943466186523,0.23274794220924377,2.4137691408395767,0.4048822969198227,False,0267dd68aa128dd233ee0d5b7d35b4f0ce7045130e699ec273430887fbb4a244,0ab08b594145d86895864a58edcc74ff2a82e45a24d87e2867af227ecdd09cf3,7491002ab98d1cec77a095f761f8d82e1dc49901b497f16f2d8bff48863a6faa,1f0e0b32d677287ea34160a91ef2d7a0572948feaeefbd8f27e255c758d6ed7f
reach,29,matched_random_fixed_rank4,0.2032260709447925,0.2869161858272797,0.08369011488248718,2.4223287105560303,0.23120149970054626,2.445448860526085,0.3732025772333145,False,5fea5f84250b82b3b1c5e09a8d2bfaa459577c4e663f879966629cc1d9711ac6,feff21bc4f77a728091a5497f5323e2da877d55fb135715b8e268ee269f963aa,59b3a30d8cb5b31575c39a2426f92e19a1ddad60331e5f377817f4619cf1a7f2,8068ad4d33815878a35fb9794e7af9481ab4fff738ad204bf594dfee04c62e6c
reach,30,native,0.17461651710164966,0.26683258733347065,0.09221607023182099,2.197296142578125,0.14505496621131897,2.211801639199257,0.3955574005842206,False,84f183a4f0c5b90c1882d92100c11436bc2332324177f881c2539bfeb7094fd2,2bdf1498dcbe6ffe2912ba40606481e83da777238949d6818d005ed230737a22,76fc4e86c99cae992a9ee42acf138458bee5980cd3ac937f0b4dc85b168f3abe,05750c1c1eeaf62d936eb72a5063602d9e6b8c380319b57aa34ed6ef70726760
reach,30,fixed_rank4,0.16765771185323528,0.26683258733347065,0.09917487548023537,2.182948350906372,0.1398109495639801,2.19692944586277,0.41042959392070744,False,49f8fd9f9846f33fb392cff51ce17f42891788e4f32232256cab57ad0044d404,6f26cbeff03518df534c211751b95ee22bfc9f3006b726cbfbb87a4a9fd8620b,6d25982902379e728b3efdc93aa08ba0280a4c605cce1999f8ff5747d2f168ed,a2aa16d469ac6de65b2c4867c8d6b8521518895c6f792be1abeba495a3086fd9
reach,30,matched_random_fixed_rank4,0.17081209680828846,0.26683258733347065,0.09602049052518219,2.1562745571136475,0.13897429406642914,2.17017198652029,0.4371870532631874,False,cfa8d28fb39a75ad3470118846cb6dea9bde025a4a740c7081dc0299d53a4a7b,5386cd863db84e74ac5d45cb512d646631d3c73a3e429e97dec0f8c22f9543ad,3b6010447bbadde7f2aa2affabb58c18cb4e7a10143a7171748cbb435a934e42,90e784de83f16e48451e381c81805ab33795f52ac143cc04e129f037e47c064c
reach,31,native,0.1372764167463736,0.25908721272698604,0.12181079598061245,1.7442798614501953,0.09489845484495163,1.7537697069346905,0.5142311103641988,False,87048e86879c96c2a1ad2629e96fc926e97a522f5154b612b225ae495e6ca60b,532635caac36f2304e20314a8904932f35577d69c4d9a24daa372f9fbd4a3b45,ebf0e1840c1a6f14281ae6fd9d4e0bac06b407669fe17d628e2308d2e1fa23b1,70dbdd8980020f093573713c565641830293164617b87fa179616a2c92766c68
reach,31,fixed_rank4,0.13458465875532627,0.25908721272698604,0.12450255397165977,1.7163960933685303,0.08835715055465698,1.725231808423996,0.5427690088748933,False,d52aac65e2fba1e264c57a4a6135baeddb067cfd0934387ccbab67ed7eca78bf,78867e0716831093763f431abb441e4b37f3a88fe55d1eadbbf653a08732ada1,50c7b048e8f94f4c44172593e9513eb76ebbdfbedc094a7776b016b5ff5705db,5168cd15d927d16973637472cc267a275c93efe441291a904ffc855a6c6f9439
reach,31,matched_random_fixed_rank4,0.13597698105632888,0.25908721272698604,0.12311023167065716,1.757423758506775,0.09444630146026611,1.7668683886528016,0.5011324286460876,False,429f703d7f2dbc877f5b5704f7db0093eeabd7cab32d3f2b419c1d91c40b3b0d,c6ce8b87116689cee6b92976943a43cd69d6c6503e3854233088422344386228,5a818a73d32958544c7ee12f6e73359b1fdca5284c7de2bb0176031be0471545,e6389e26a594489562a7a1fa4997586301c8dfe25b703c9059160d24dfbf1774
reach-wall,4,native,0.1774049037317656,0.2819332833400602,0.10452837960829459,2.1254994869232178,0.1679028570652008,2.142289772629738,0.44396628141403216,False,17e5a0425f1e9c139910b2e127fec3c5127c65f749ca1ffeb58d14c89e08aa75,8aa9c8a24687ae65dd5e65cf8da37a144badbcdc8e4f38892087c503032aed7f,c3c12f67fc2e08ea4957056147498f7932ef5b290fa62efe2fabd0b9da0c61f9,a7b24351de72d6110b70ae3a6108da23ee3ece2b04ffa0f3b60cbc330d8f0590
reach-wall,4,fixed_rank4,0.1764481125526234,0.2819332833400602,0.10548517078743677,2.105682134628296,0.16750219464302063,2.122432354092598,0.46382369995117223,False,d40abebb526f603992d0b1a76cc615b4f70757dc148ab6ba657b51f8b2cb7539,233153252cb8435ac54d3ce1e72d8f92ab3d3efba53a8e5db66fbb40fea5d949,a4547375376469096c830059a64d6b090107a693fded8d5bec1c173e0e142dbf,ee59037201fad3531aee860924390a742c993abfbc4559f857ff3e1932677082
reach-wall,4,matched_random_fixed_rank4,0.1774049037317656,0.2819332833400602,0.10452837960829459,2.1254994869232178,0.1679028570652008,2.142289772629738,0.44396628141403216,False,da8ad07b410d9a84940d3787c3427083fbf2e7aa8b4491b9176a8d2106007b51,ff4db18eda67bfeffbade30c73b860c8feb926894eff127fb13d7ba8a8b055c5,1003070779d45ed7a679d14582941a2d131e63f59a767ad0b863b60c83567eec,86efb1d1fe3557de4424834073cacf05fd40a66a0ff3746c058a2195e05a5654
reach-wall,5,native,0.2030414058386553,0.28973399048817733,0.08669258464952204,2.278883457183838,0.17689825594425201,2.296573282778263,0.6066836282610892,False,ba027b24d3a7373c043ccb1f09ad7eeb511740ea5d7d3fe8750eca539605a679,05a68ba553ff27e5466e4433d98ee2388be3dad1b69656e2a9156fea7d278514,a5aaf8a8eebd01a5bf11825906e0b5ba077a5982862332604b964394e5833212,9bbcf59ac96247da0988a22341b9f1f4dd74405e6954df24ad23ebf69933eb48
reach-wall,5,fixed_rank4,0.20655376046942056,0.28973399048817733,0.08318023001875677,2.2940292358398438,0.18037201464176178,2.31206643730402,0.5911904737353324,False,c78d4aab4ff864ab07f3d91cbcb63651b85d04cdb2870014908aa961176bd3c0,9bee8346e76ee102e12532cd3661ef5f7537f50b2468d66a968c7e60c10fa6f4,90f0da40e8905d53bded097a76d95b4e4e6ceea248c744b6533b674f81b82455,0183d0078d18f0abe3b50a09d026bf5e9a451988b74adf06be8cabdf299500ec
reach-wall,5,matched_random_fixed_rank4,0.2064319186866498,0.28973399048817733,0.08330207180152752,2.3162310123443604,0.18310566246509552,2.33454157859087,0.5687153324484822,False,2f3ab77115e9bef851bac07139766e57b64de1e8fcd564af7fb64848e3d67cee,7b7971d17c0ac9ce401797da1d5b8bfe52641cd11f7754c9efe674a9d0ee471e,0ea6d82f80f77714909645a2f02d243587e9d52002ec7afc236731de3eafede8,1e72c187f5ee37b5f7ce62336cb642f6152dbdec3f5a61f7aa9415ce91b06ab7
reach-wall,6,native,0.18001305283945074,0.2609673475972929,0.08095429475784216,2.3355798721313477,0.1811334490776062,2.3536932170391083,0.38823399245738965,False,f52cb7cb44ae70d52d0f140f2700f615801d97d3d0aaac5e3620978fc3400bd7,ec857f0e3dbf2dbfb9f89bf61b467d5ba3a321bcb8a0c69a99d8d24b7284d196,80efec8912ce20bbd8b3c9d85de7ebffe74b2b8743938313fefbb71700b20758,512cfee613db1c515d56a6b6b51e20864616d4dae63f0af0e21b7f1c4bc00bc1
reach-wall,6,fixed_rank4,0.18001305283941285,0.2609673475972929,0.08095429475788005,2.3355932235717773,0.1811334639787674,2.353706569969654,0.38822063952684394,False,f1928827ac149d56696737014c0c7206fea4c540956a0460392c1378b821911e,1b8fe71c912aba39fdea68829e716c2b0e1ee386af87a97b497418dc540ba789,7b4940ff457580b5eac64dbc14996447270176004f83ee1c1302bbbfcdcc33d5,2d2d999a49049f205e5c26083af8abe844ab0fcd9b823fd447d49e0cc3373af1
reach-wall,6,matched_random_fixed_rank4,0.1800130528394634,0.2609673475972929,0.0809542947578295,2.3355798721313477,0.1811334490776062,2.3536932170391083,0.38823399245738965,False,556c4e7596417f67d9065f30cc0afe1aba7209b8a7253718acc5541034640024,d77a93df35e4b76e5ec2290e8545166e5bcccc5daa1d72c84248146079e47ebc,91dff227549fe10b687effe1da1c30324ca3950f4352c1a0f5607a4395ab1f21,3c52eeadaac53d8ae6478b263bc224f97c57ce08c541b730cdf784a5ae4079e6
reach-wall,7,native,0.16350697980767864,0.2582068472865423,0.09469986747886366,2.1289305686950684,0.11104336380958557,2.140034905076027,0.6250041872262955,False,ed39fdaefea3fa5c19b0dbdbd96cc1987cdd16d831db298f0b185175379034c5,880b80100274a24fe59fafb8bcc9b5454c8047c8571cf257b63399075c6cd84c,e4550782b684da4ddb75d879b4432c5d11d92007c0c9f1f0d79f238cd86040c0,00c7ab7a905e08940d3e1ba3ab2d23360ab006c5c7cc892d1bd5af1b40b5d1d4
reach-wall,7,fixed_rank4,0.16306607713151172,0.2582068472865423,0.09514077015503059,2.1343142986297607,0.11126668751239777,2.1454409673810004,0.619598124921322,False,0a56a28e7626d60162803c3ab0baff76eb23c8241618139cbb6c383043b3756f,fe5c7300786b9984f06a44091f1c90eed6ef6993d4ed0e123db82bd55426303d,8199849857b0ebd9d851667ef478edb1ea59882d2f0c1e4fa2f0542f285298b2,dcb25f43026ee54d081f9a687a563cb15a45872de7e31086b524b702df5080a8
reach-wall,7,matched_random_fixed_rank4,0.16274617190789878,0.2582068472865423,0.09546067537864353,2.1178643703460693,0.11053548008203506,2.128917918354273,0.6361211739480495,False,f4361d15ac2c7268eb01fab6e3f596125f386a616fcbda06f193c676207aab97,13c232ea0b4a9c32e531ea55e393a2484a87463e0765580a0a372b28980c366e,f0422990dce448e2b21597895798d5fbc5954d39054223c4394639283f8d4e72,ad281fad629d05664a5b579301e8b58d9572cad7281e1b57b8570795601f6377
reach-wall,8,native,0.18763881490082604,0.28345274346578525,0.09581392856495921,2.1069419384002686,0.17427749931812286,2.124369688332081,0.6098104938864708,False,0ee7387dafa1484748702b53e6c014f83196053dc8d9af9fda366145a1248c1f,714ec2e814f0b19538cb00db1df0bd4f843547618be2303a65892956a05c41b9,51a6ee91c684df6acedb1270c27c217a9908daafb314638780dc92caf5335d4d,9ff3bfd46c41fd3358b246f73a30845b0697311fb65719c80ec2ae7bd0f73ad4
reach-wall,8,fixed_rank4,0.187720634188667,0.28345274346578525,0.09573210927711825,2.0995259284973145,0.17240284383296967,2.1167662128806115,0.6174139693379401,False,f0f83e5839e5b1ac90b0f470511c2b960e34b0554223f94165a544a6c86fb883,bada5bed5ad9fb71fc6ef95ba28e866c9b7d7f3fa18f61a686625c7bb6ab60e5,bc489a46eacaa350e6ec525489e19c144a28e3d47300a17e8e4b9aeb2d96a495,bf5c3d6a90ce6d02e62d5dc2e1a6eb040d7344cf439a26ad9f08a324645e597d
reach-wall,8,matched_random_fixed_rank4,0.18761940589810142,0.28345274346578525,0.09583333756768384,2.117982864379883,0.17421814799308777,2.1354046791791914,0.5987755030393602,False,13e3264dd7fcdd68f03f80a8803ecd14dcb0ab510297af8b340014b874f31e27,af736b478f653c18590b4e0ccf609807063d398b6e7bb46956bf22a609657095,c0357f5ad1a69a54c9a6970b9d63342c68fd4bd0dd3d368d48aba8291f376578,465d3f559419460f87c749974858e75984c1ecfc6b652457088522f4cd2d62ec
reach-wall,9,native,0.20183487663451982,0.3033649983828081,0.1015301217482883,2.3816545009613037,0.16264797747135162,2.397919298708439,0.43887544721365,False,f37ffde3392887a636ff82efaad752b7c2a6cecf3ae6bcb03daf17417683c0d4,12d9c6eb4c1e0214f4522a0b7036d1c305ea086045a00d8a9f50c42c8fc61847,c4e17db123b230c3b8ebeaca686f4d095826655a169017911f1a99d8bde9b5a4,ef4ff1e4b690a8008e60f22b926c6b8f713144268c5ca5fa91d5923600eb79d2
reach-wall,9,fixed_rank4,0.19646292980974825,0.3033649983828081,0.10690206857305987,2.3664536476135254,0.16424719989299774,2.3828783676028253,0.45391637831926346,False,ee6e14e30ad28bac76ec5c206e5a0e1715a123ce5a78278455b3d0b68df087e3,16279ed48bc65472c031d45a9db14b9917db375ae25199a39fcc382ee3830f20,a1f64a9da2ae92381e5cd4efaa02e5cfe0436fec16d877eb41761e6b3735f11f,66411582e9a3a8b9d32abcb7f9c8205f0efebd171494fb4aea0007edcbb8d0bd
reach-wall,9,matched_random_fixed_rank4,0.20183487676760087,0.3033649983828081,0.10153012161520725,2.3816545009613037,0.16264797747135162,2.397919298708439,0.43887544721365,False,a492f95ed2c28ea955ef0fba7c348d608f4ec32163a43509b79907a157267001,9b10914fc9edff2de8dd0ffc359de132b360feca2d2db66b7370d6208edf5ff4,587383a236dda9cc8a0a888b3bde381e69b568c3986eb5a94a4c012876f7ea55,3240f191e8cc4043d2509d147b192d6bc029deda2964e187eaf292f076026d04
reach-wall,10,native,0.183488389733675,0.275786922279725,0.09229853254605,2.078817844390869,0.14180204272270203,2.0929980486631394,0.5599275320768355,False,32fd0e744a5ecb03f74dfef960f52f9bd482c3615ba5d22d99a34c96d81c18bc,39fadfafefce867d220c2516ee29878a4091632caa6e3c539aa1b9ab39f69605,db38b2f22faa6104f1139d235cf89eb7d0479b337820a87ef7b58cffb8a455ef,86a8681e59db6c82ba0b768347d9ff086c56b5d45eb8569f34456af3923133af
reach-wall,10,fixed_rank4,0.1846758246487681,0.275786922279725,0.0911110976309569,2.0593881607055664,0.14321762323379517,2.0737099230289457,0.5792156577110292,False,f04dad15c91df1fbf72a6ffd9396b6fa9771c6a69d72bc520455a44c02b20ef6,d4c095ab52a7361356085d195b8ac0cf818cebb34d63e79f1991cc212ffee4a5,586227b36ce411ab1d4eae67e0491dcce0c02b97dff963199c92ebc96e6f8a5b,957a8cf6c0bf7eaaa1c5893ed3c98c02ca1a2982f729464136748a1c7769f366
reach-wall,10,matched_random_fixed_rank4,0.18348839018507773,0.275786922279725,0.09229853209464728,2.078817844390869,0.14180204272270203,2.0929980486631394,0.5599275320768355,False,6ca807fc8006d406e227a02d53cc3caa7df571ce618521af44356b941d585324,79ac76ad9000f16d9763567e34c3e5883451cf65c9e0e43612d5f44ec3ac8a0f,277970cba74e5e48a1afa44893885c2b028a6f3e00be9aebf59b79f0b7c18a5c,6b7188278193c65e0664e46cb7c3ef582011d5febfc36911189f5494d097745f
reach-wall,11,native,0.20141840055238314,0.3028013231697016,0.10138292261731846,2.376342535018921,0.15912064909934998,2.392254599928856,0.41803091764450073,False,ec5e70d8e04cd79de08a7b243009cbd8e9a7ed149070231cf31c518b3085c5fd,674db432f4ff8b9e8caae024bd5690520eaece41b010fb7374c1d5d644fb8786,31aada7e06524038918525f72b0d7811008e35793527c0b0dbffcec2d4137662,9c9bcd6e22d0b5e0e4e0bcf3c9001833559ea10fa454ec75f320dd4b07162578
reach-wall,11,fixed_rank4,0.20141840055238314,0.3028013231697016,0.10138292261731846,2.376342535018921,0.15912064909934998,2.392254599928856,0.41803091764450073,False,dfa8834d2b523c6a27769974a80636da91133905c95dce200ecd67e2ad19d04b,108d17f6cb1ede86b11cf3ab5ba613d86ee2fb33e1e774b0ad4b1be9ff918162,31aada7e06524038918525f72b0d7811008e35793527c0b0dbffcec2d4137662,df6a17cdbc63516d5cd0083f5103fa566f2a947305311f8032205839af93f68e
reach-wall,11,matched_random_fixed_rank4,0.2065072744463829,0.3028013231697016,0.0962940487233187,2.3652732372283936,0.1634226143360138,2.381615498661995,0.4286700189113617,False,3d917d079e4a8d3e1a206c887f30964e138dbae0c46b9b95f9d3691d47605108,57c99e4ee22d86187a144fd4cd936b111c401d07ab5d9fb800150d1a291a3725,a033d0e8b496401094a9c779d93a419643b33aa8411e93a65987a692ae2f350c,58e801d774abb968371e324a0c3cb99ee4e97702eac6cd779c92cfdfe6ef689e
reach-wall,12,native,0.2450197865969504,0.3099260515966376,0.06490626499968721,2.4471044540405273,0.25925788283348083,2.4730302423238752,0.43665116131305703,False,37e4e0bbb22424abb175fa752bbba71f512d85d2ccbc6413fbbae2835db6953b,b6ecf519f9e43a590ca8a71db9ff799dd605dd6c657a4c5b0ac195b02509aad3,cecfd6508c131b38e8da1909cafe41d9477835eaae3cc82e546bbe0f23615dde,7c5860a91419f4ead6d3b6355611666bde1d154701b198f05699f36e67b4f30f
reach-wall,12,fixed_rank4,0.2450197865969504,0.3099260515966376,0.06490626499968721,2.447101354598999,0.25925788283348083,2.473027142882347,0.43665426075458535,False,3e0d1f025b85a33a2942413b78c8a4216c68087433f3958bc3f10b2b943e7d59,431ed275aca0ff14f5ae16ee15d3a947e4af6c2dc7aa8cb602b21cc5bf2f0008,ea3f985bb6819b84fa2c5781bc8da9ce37d3ce63421608d53acc35b0e15cd646,e1fb8e1b1183ba514d2e729c9d2c1ac3dfa39a6d50312cdafc2a6ac622096009
reach-wall,12,matched_random_fixed_rank4,0.244666936305196,0.3099260515966376,0.0652591152914416,2.429542064666748,0.25620901584625244,2.455162966251373,0.4545184373855591,False,321dcae11c8cf91bba8052181506a13e7b165d4b04e9314deb6cf576b686ee76,58f8896483db26119f266bdf311c0f36878802cb371511e3d5c082dafeb13ec3,c8328c2013bd1aba4a75079f271284ef95360c0dc03ac08d4372304fcadd6016,d4766bec5469c17452486f01f30d86665d6fa735ccb86a96b3879b3f81cd8a8a
reach-wall,13,native,0.18370959923885954,0.2850732032872979,0.10136360404843836,2.1482272148132324,0.15230315923690796,2.163457530736923,0.5817095130681995,False,a272a75f9f6d11e8384592f2e7a625cfd028a304bbbd71b5b8f7e10648d38309,54db79e13240998392b0e922e3fab7c5ce9192e153cd82a53378d7eb09146599,326c5e1eb0a409b4b081f581a2492805be9345a79335b3ed7851e9920b1dde4f,df1f0dbb9a59c5799e0cc979afe6aed7ade0e0e339e98abdb360cfbd9e5f0c4a
reach-wall,13,fixed_rank4,0.18119554291143922,0.2850732032872979,0.10387766037585869,2.20902681350708,0.150495246052742,2.2240763381123543,0.5210907056927683,False,a65b3d15f414d328b1bb8aac5695935464f48037608fb3a4cf25e53c1b466be0,dc2dbd52f60a71ec341aacdc7b0c1375560e3902055e09efb2c5e76d446f201f,c3313739a50af8cc9e768a141248465d51ee25c6d4c08b415e49e2299638ba8e,51aa738a17be8b7c0a62670d5f072dfc30c7e64394c2f256ec4d86dfc365b1e5
reach-wall,13,matched_random_fixed_rank4,0.18370959887019728,0.2850732032872979,0.10136360441710063,2.1482272148132324,0.15230315923690796,2.163457530736923,0.5817095130681995,False,001ee64cfb2876186487d219c866c563f5d85eae1b08cfa817333d6232ffa3a6,7d569bcadf8a9882e78a8afe376600af82d75289f363975ff7c881fc5907d87e,57ae271117c0f696c811a806f5ad15b76cabc1ffca3ea6fc35c5a0819d9885dd,cffe4459bf7f20670379bf5d9a9387366d617b3831abb2d1a0ed77728518c794
reach-wall,14,native,0.20154750284384726,0.3026562381748359,0.10110873533098863,2.2094881534576416,0.15641330182552338,2.225129483640194,0.5936172410845755,False,40a3d186066e889c99fd96a267cd49fe3d248d05c53c9b402caf73ea6e24f64f,b651e31050f53178b9ecadf42acaa4f723a74d8e4772aa1dbccedf3ea9ce748f,80462c48f5b2ff12f71fabbc1813b165cd12da98e012d4d756c38c3ba41d6ea1,be234331141cb63035b907a1de43d4a6a91455607d62f4d32b3a2b4d4f8750f5
reach-wall,14,fixed_rank4,0.20129156541364135,0.3026562381748359,0.10136467276119454,2.233644962310791,0.1553874909877777,2.249183711409569,0.5695630133152005,False,88996a86423654c49cda8578dc561a3e8502bb6692bbfd1623d28655ec4bf037,1b857be423f9a677cceb8ae08c979b7bdf50f9fc32cbfe63a82c537313754b72,cd235817c7375b3faa07f5993c03aaefa5fe9d56b1f95c9a583e2a475b176756,09077e62eb58a14112d2b75d71c4ef8f7872886d2183c5587950bc8d3562dae0
reach-wall,14,matched_random_fixed_rank4,0.20154750284384726,0.3026562381748359,0.10110873533098863,2.2094881534576416,0.15641330182552338,2.225129483640194,0.5936172410845755,False,f56a27cb63aec50d2ce1c3bd12adfd83a9accc3355fb45cb186e777efea27b2a,2f4261e6a0e18285deea99e09e7358bdeff554cde1427b6412475b67acff8e74,80462c48f5b2ff12f71fabbc1813b165cd12da98e012d4d756c38c3ba41d6ea1,9e0214f0c23fa8640dc64d056607ed9d60422dd197fb7dcbb682188f76a63040
reach-wall,15,native,0.18668290497870973,0.28188124703775674,0.09519834205904701,2.373579502105713,0.1804617941379547,2.3916256815195083,0.42327538728714,False,65f2e8a4c715aafd97fd0b6eab485f4ca01129b3d82d6a6b93a22755fd572c13,bdb353a4ef4fe121e15bea8c0ef4a7adf2508c0a6a7856dc5010ca4bdb194851,b167a4df18359a96f102c8a893647bd3e16304e94b80950b5265012e69d8ecab,a2e36710466d6b2f6f831f93d72583db76357eea1f1dfcd2540d88daceb49ab4
reach-wall,15,fixed_rank4,0.18074615498266147,0.28188124703775674,0.10113509205509527,2.3202080726623535,0.16336655616760254,2.336544728279114,0.4783563405275344,False,ed1de8c9338c39ee50effc629ba279dbd08ae67529ab3a0127545d994da3f683,3025f85000e08a862ca77f4a8955bc82b38e47caeee841810faa1d7f046cd363,cbd3dc1d90e09a05b0d1a770e4184c5bdac97c339cee40492e3c4c361ccda011,2a1a381f36475e6a3df439649e5f2312f111adc5473db275e2c0e33e905382c3
reach-wall,15,matched_random_fixed_rank4,0.1866829044291387,0.28188124703775674,0.09519834260861804,2.373579502105713,0.1804617941379547,2.3916256815195083,0.42327538728714,False,dbe02db8dba1890fc20cc03ffdc0c20e4b717aa2d4eea82f0501cd97e84e263a,46390b0a3636e0c8ca2f799c3ee6165267dee066ab5a2abb12b54ed62eefd25c,c971003ac8530c0215cae6f0cca680710c3957ed8005bc7ff9385f5e8ca79cf9,0a60303260a59cfd57b10e4a9a144b52ec752460cd7670f97262a4eeb9215363
reach-wall,16,native,0.18635537924159296,0.27610026208362104,0.08974488284202808,2.190910816192627,0.18685707449913025,2.20959652364254,0.5629009336233142,False,110fcdc220c87d5f2f5c6bdd4792dad058cb68b23ae03dead433c1a9317863a0,709c224e18d44a689f054d3428227a680bbb383e072e1c92ebf8847cb736ab2a,6ff51e711b2b377ac891599f515321d359e9f7d88537f59f665b27648d877207,80a23ab5ca568361295cb2e4019f32ce57f6728091949b48b3e10c155afb121c
reach-wall,16,fixed_rank4,0.18387944407299395,0.27610026208362104,0.09222081801062709,2.2081353664398193,0.18312658369541168,2.2264480248093603,0.5460494324564937,False,cf7fd091ecd5a14e20e4b49fd4063af09f83fdc4c581717804211e2ab445e674,092925b6b058b2b4f2b1d9ec4aebbee89a9eaf9d12710aaeb7e7bb9d7dde43b2,9aa455b7c522b4c69ef23afc0686ad58fcf226debb9c16abf86849d80380bfbd,7ed8c1ca0fc0c93fa38b072661e1832895655af881ee253bfa0d4de08445cda2
reach-wall,16,matched_random_fixed_rank4,0.1863553789609764,0.27610026208362104,0.08974488312264464,2.190910816192627,0.18685707449913025,2.20959652364254,0.5629009336233142,False,ef97f198df9f32ef2c6817bf6cbfcaa2c427674942c1bd2469d2f2a04301bd73,3605f175f2a4d6d1b537a19d34da777bfed2157fc5623d9399a0f3816d614f95,623d82999e8faff33dc809479a32bb4aae33315e19297b2ef4c2117c14c2b619,1e4ad097ccedf0c11049bca96ac900f2d577315cb8b4e0915d976a0162fd01bf
reach-wall,17,native,0.2051325687722333,0.2940674656011836,0.08893489682895028,2.721083402633667,0.20376555621623993,2.741459958255291,0.43147125989198676,False,ddc54d0e6c8bbd3dac1be6d9d9cadb4ed1399a2d80bd0529ab806b2d20e6f779,87dabed123fd14ab3559dc8810fdc135981c6e2fa5c43b1ad2991de38d67d573,cf1c88d3483ac9ff48c52f0a374af366ff862b2f7d31a449191086d29ad63c21,8290cc9195c43668e0523949a0ca8e9e7da08c34da08efbb1e4ca3b058ab2132
reach-wall,17,fixed_rank4,0.20570119685334137,0.2940674656011836,0.0883662687478422,2.6745591163635254,0.2025773674249649,2.6948168531060217,0.47811436504125604,False,c5cc5bdbf7a4955b61a5b793c8394c300aedd26ce941300e0b94b93458e2608d,e582ee0b2b9c253803b38dae824156f04f7f679df126322175d12738bc2212eb,659f1d3e2f0266a5ba2b90a75f1f8d19b8e6c794df04d5ab4d53cb77a27b615e,826a2fd719ee787b328e838d56248de28f3172568783be8a79fc245313228590
reach-wall,17,matched_random_fixed_rank4,0.20513262745125616,0.2940674656011836,0.08893483814992742,2.721083402633667,0.20376567542552948,2.74145997017622,0.4314712479710576,False,35d751a2404b6f9376a1b0f535d32623f18ae7fc5e2deaff17716ef1f2ee886a,c74f1124f5182db9e55315963f946db1eee0d5c8835907ff7cc4d39279a2f18f,1d5137618a4876745ab08189ffcf3cae4f245593a2e1b1baa0bd45a3f38bf03c,117cc3cd94b8184b24d2b7eab9a54c87d6667e0d410f258de87726d8f9fbc71d
reach-wall,18,native,0.2126268875404535,0.29633252371385466,0.08370563617340115,2.175625801086426,0.1780513972043991,2.1934309408068655,0.5166026249527933,False,4656f464f4290b671dd618f62e3e2b5461fe3e6218395b700cde31db4983cf02,7cf369084cba67a765870f8fee8c82b8e2d342fdfbdbb26894a9d3931151ed64,3c5918f8f7ba510fc6c434b9f76ca34a6e6de4fc330a6c11dcf77d3c0e99d3e4,d90a0a452bdaf80831a5525273597158d2359296fb8e381b6d6224d1c7ebf163
reach-wall,18,fixed_rank4,0.21216802323240463,0.29633252371385466,0.08416450048145002,2.194021224975586,0.1746816337108612,2.211489388346672,0.49854417741298684,False,625b1859a5db634c3edfc9683881850a034e34f03247455d785e1b9b486dbae6,2c6198ac557d9cffb878ff55362413fec8045065f77ba9d4fba754dffc7cf417,a16412caaf30ea6b7e8d08ad58c4ca190b3f93d317614964ba148914d23729b7,859cc5be103cbf619ac6f245ed3ec11bbcaa2746284113682370d16588c2be5c
reach-wall,18,matched_random_fixed_rank4,0.2126268835754717,0.29633252371385466,0.08370564013838297,2.175625801086426,0.1780513972043991,2.1934309408068655,0.5166026249527933,False,10950aeaba358157940c63ed47ebfda52b7a99841a4e2402d876ff52739bd179,ad221c373b6b7682bdcee74c7f364b36f367382a3d7dacceda515bb71e3d70e4,57cd92059d74b9b8bcd52b8760c018a8b0527c4b30674868fe29aa234f817cfc,582dbb36af5ad8bc735bb89388d13eea1f844a2e43434dc05266fee30f8677ef
reach-wall,19,native,0.22480152450762791,0.3084268289679256,0.0836253044602977,2.3446478843688965,0.20772536098957062,2.3654204204678537,0.42117149084806416,False,951e946aa1e9f01dd82205b17fdb2b76b9f2ac22ca3e2c2158f49b43c06eef50,81a1d69b491d7168c18f7d27bdcf65a581010d076f27607d5a74d03f355e3b94,81d7e722e7f549057f86bdd3b6f2b1362256a6ea58c5d1d380afc292e819fb53,28fcd781a837171b5d708af2683dab1dd0f3c5317325ff17aeedc2cd63b05f65
reach-wall,19,fixed_rank4,0.22480152450762791,0.3084268289679256,0.0836253044602977,2.34464168548584,0.20772536098957062,2.365414221584797,0.4211776897311208,False,11868a120bfe377f57f809303c06e3de443897ee474aeb3701b0c2afe732f29f,679fdd63c8c891f729fa17da3e333e77beca9f78e05974e652f0a56c43197a10,fafc6597f9210538f621cc6b8a995538639cc50d4c3632f6c91aecd553e182bc,e7f4599d7639328209e8b5839a4388e350d66388d6f2a55b8d3561b076d55333
reach-wall,19,matched_random_fixed_rank4,0.22380587395721535,0.3084268289679256,0.08462095501071026,2.3084068298339844,0.18404054641723633,2.326810884475708,0.45978102684021005,False,7b08f5cf2b22e488d2e935c6d30d194fe38eafc1592e0cc11544063b95de20e7,103c574362473dc2300497103c466a3489938bdf5ab0caf9b1918b9480195574,5bb2e7b70c8bdf1be95aa1b06ecf7e225b2b955b6b1b601f00527d4bc601d611,fb3a88eb091af34d71cba58954c7659e090f38b0b79e3912076c8105437d816f
reach-wall,20,native,0.19428592873114053,0.29136082041610795,0.09707489168496741,2.590492010116577,0.18413425981998444,2.6089054360985755,0.46362581402063396,False,a57c0f6a8df8d0b606994ffdf72b9bae54f2e3fc4d06c4e087eb09c8bba142ec,d4e673b20fc1e202e0ff03d27b01c35fa37589c8967ff0bba419c0b152d0b3e7,593a72c83e78ab08e767724467c288557eadc6e480daa0b82d6b3692b2605a59,2795d903f7fbb9f15f11e066886155b81a981e703c5d030bfb07370d1f090aaa
reach-wall,20,fixed_rank4,0.19351286807468746,0.29136082041610795,0.09784795234142049,2.5652177333831787,0.1863802671432495,2.583855760097504,0.4886754900217056,False,f1452c8b88a0a808112401b3270fa6c02b548c2c8b379ec25349b85792faa02c,15796441e58f30ab4de68e63a05c3185d39480f71d386dcec4e5b4dd7e09d87f,b9e1838735fa3c4dc7cffe0161913cd4d993772dc5fc197c7309487a7841f0c4,565fcdac6def90698b4abeb7bfaeba255c3154840eb64c664870af7d5e7b85d9
reach-wall,20,matched_random_fixed_rank4,0.194285928082879,0.29136082041610795,0.09707489233322894,2.590492010116577,0.18413427472114563,2.6089054375886915,0.46362581253051793,False,27db92a9f51a7e0ff3090fddc97c84bc55afa76c326e0b741758771ccd0ff7eb,1b1d610ab131e96b8442af6fb9470fbc352392c287059cc8b802a84227447612,684331edc3b64c51b02fc95e49dc8251c089a25cf1eaf3286c55cf42deb0a892,d6ee17f5db16cc67c23c21bea52504bc743d7ff253c57c389b0f41188794f4a2
reach-wall,21,native,0.19028224714320308,0.29655405978492433,0.10627181264172125,2.4064085483551025,0.18730129301548004,2.4251386776566504,0.3838832661509515,False,ba38808606d7f3ac8998f518d7f90a5113a14535e18679a842917c6c62e9fab3,c46ef80d24b8746decd24e44726cd5dab1cbc5d72309f3dd796be43610e0a69e,7992d403fcf9feb8a9d53c0153c9d645f1a22f5205de77c877ee559941428d41,1078474517323bb2f45bef7cb872959f6eee7e88c395b6209a51c457986fbebb
reach-wall,21,fixed_rank4,0.19705657742454852,0.29655405978492433,0.09949748236037581,2.3412160873413086,0.19127053022384644,2.3603431403636934,0.4486788034439084,False,aa7d995f8aad69455df6178f17dc6c526e67ec59de8f71528576ad9f4624b735,f1eeb7c3b87055be2f534c56f06498339167e742b20fa41a05b91468cdab0c9f,58789c4d079797e0ce77bb7c5e066e11e5ddf629e3f4e6b00f762ebfb78c80c0,2f4fb5e529cdfbf2115c8eec7c95f885ad68dddcd12143e93979766cf3489a92
reach-wall,21,matched_random_fixed_rank4,0.19300194945258897,0.29655405978492433,0.10355211033233536,2.362900733947754,0.18306246399879456,2.3812069803476335,0.4278149634599684,False,56fe2b2037053848d0d569e0040f1a903b5afa1ab793fd35ef25730c52afa424,5d4508e3310732ac77676cda2b795193af70789f13e4db8f51f2d09e074efde5,9efa8bc62423f1e64c6156d12b1d8d179cb71ff4671912c465d992a783a95728,addec741b97361b91705783257c9a76dd2f9960c66cf47833813fb71e220d20a
reach-wall,22,native,0.2181850716151831,0.30345725331094014,0.08527218169575704,2.5950205326080322,0.22049635648727417,2.6170701682567596,0.5010428577661514,False,f9eb30def97e94d2df4891b555ac359bc695ceb822d2ffde74eb807e05e19563,19107995cedd0bd55e9e7edcb2ac7a5eb586462930b627d21bde93c4c9b56ce1,3809e2337b6a10a7edbc775e876a23f36368b200e8433c23a674f06091f9c102,e5962c852e913c48cc2ee79d4c9e4e760acb4db7bf5f9ba7bbc5ac5e4a45fa10
reach-wall,22,fixed_rank4,0.21818507145748434,0.30345725331094014,0.08527218185345581,2.5950205326080322,0.22049635648727417,2.6170701682567596,0.5010428577661514,False,72b607484f2999a2d40be12830a627f3ed5a1f17a973fbdd0a16e4802021c3f7,7ec69377d1af77bb4805ba8035346c69d32105566b8dd9d0785c03e9e99681a3,f49ee378daa28d206ee2233ea610f13e80376c33a10c7afd8cadeff633f799ee,a2e06c063a327620b6d159ab7ac6bfd041b919d5172232355710cbb87b9ccc90
reach-wall,22,matched_random_fixed_rank4,0.21818507070641255,0.30345725331094014,0.0852721826045276,2.5950205326080322,0.22049635648727417,2.6170701682567596,0.5010428577661514,False,c14b4432b631d992008f7e71fcac918b1e7d0c25d961874a137469852187b8ed,58f14d5cfd459c9110beded14032b664afb91d062097272703ed0cf2dee144e6,e9a32193ec33d073e35cfa2ce627f70f75400bd92c29e0c4604d50b599f916b3,4742c078ffa0aa95a1dfc1a2d2109837c1cda7442177496858a658c9d5b02c04
reach-wall,23,native,0.1710122380738597,0.2699268152983004,0.09891457722444072,2.14190673828125,0.15967757999897003,2.157874496281147,0.5310268148779871,False,1a3032b2182e1c0d71997ad65cbcf6020754cd588687b2817398847721ddff2f,7b5855cb9054d907ad55c005e73a9a9124cca22e5586e23d3d63eeb291d3f330,ef5f1014f2d3920d46829673b0de31a505796f0c314d8b3d05818bbc0047c405,f93c1d031330789b108ed48feb27e48dac61b6e6355bb5bf523e1a6721b829e3
reach-wall,23,fixed_rank4,0.17184420027834313,0.2699268152983004,0.0980826150199573,2.1456642150878906,0.15890643000602722,2.1615548580884933,0.5273464530706407,False,14ea017fcb908abb98c4e00c347e9909e61846287979f6a970a9cf2c0a279ca7,00662b38b5abc0d8e3cac22b85caafb5232569a524b613b9ac3b355de7397f7e,070ee21898f0c04fbc0331e69a7cd074d91d1aee8eee9bad1378cb729a8765d0,5f256b4154bd245155cc79907817569d8ac696c7111e96e88f17184239d74c69
reach-wall,23,matched_random_fixed_rank4,0.17101223206770308,0.2699268152983004,0.09891458323059735,2.14190673828125,0.15967756509780884,2.157874494791031,0.5310268163681031,False,5083edffbad04a1c9ae803ee4818a8a37266e2cc080feb24a44fd0acacc82b6f,5647c33f922129b45724a6ea122f46982cec731bc418bd431cf91bdc20846090,7dfd9ed0a8abd8e9f244e66932236bdd53bba6049b9d77ab62b86ca02fbc5503,d8a0f47a36c2d89cb4d4cc2f90af5a2221f384f704516754777c71761e366090
reach-wall,24,native,0.15657052342007483,0.2584116385847303,0.1018411151646555,2.196251392364502,0.12639185786247253,2.2088905781507493,0.33562078773975346,False,8719c8792fe30a9a2559bb32b6808ab1b56f611a1bcf339ade52de2f2b5079c8,978b2ae5d8355d2f97dee6224ffc8e583f5381d2fb82a3c1f3a610c2ef85022a,19300a121c3f1e15753470f968f2a3d6ac8039c4bff08ccb0afb6e35d147e3c5,3a4ddccfcf07f9469ba005e693aab406c05d3bcff9442bd6e917b1a2a30b27fe
reach-wall,24,fixed_rank4,0.1552085737237029,0.2584116385847303,0.10320306486102743,2.06508207321167,0.12072773277759552,2.0771548464894294,0.46735651940107337,False,1d71f64b4c05006920ca75698d04759e3760485883750f13f63708ab752d5ffd,82dcfa63e2725af41f2104fdde20b2da4cfbc6ef1479ab46314db4492bcac423,4ed180defb6f8ea306835971a8ed0e93488b3e5c335433921cc534e6b7c4d7de,035d6d025896a8fa45851dfaebb200f33877637ca52ae2698667966c8ca62934
reach-wall,24,matched_random_fixed_rank4,0.15638316178021397,0.2584116385847303,0.10202847680451635,2.1628293991088867,0.12796276807785034,2.1756256759166717,0.3688856899738311,False,b0f270a074a8c4fcc57888899ba659f338b1797eaf6ed48bfbd8530ee1522a92,033774734e798e86c7c48b5848804d58c41878806ac3a9c17e2b229460cc934d,e60b7ba83f5db119d50d210fadff2d566c8d78551ce198a5883496d94aa0a5fd,da4de4ada5b70c2a9382aacca5d78fafd4cbee783267bb4cf804d0558ddd33b8
reach-wall,25,native,0.19969767449861053,0.28156181653139845,0.08186414203278791,2.1943840980529785,0.14900925755500793,2.209285023808479,0.5225777477025986,False,d2de6c3bad7c420bc1a9fe9eaffce286abbb596985dd8e1a6783f720189553f6,66c269acc4720427f49ff2ea88bd204dcdc2e6f7d49f8ab8669084632da4cf54,8910fcfbdbebe3558e57209b01d1424471684931a1729e3831fbdb0a9582fc2c,7e8c6676e3d77b679800bdc6658a4242cda57b2080cd0eeeeca73918a9f8e633
reach-wall,25,fixed_rank4,0.1927065043736864,0.28156181653139845,0.08885531215771206,2.185431957244873,0.14641894400119781,2.200073851644993,0.5317889198660848,False,cea6a5f2266f0212c4f9cd2299b10a839fc5bce5ab846044dfec1ec431b08831,8883a5b7a695746f4c4c9681faafb2950261f37137f5cf86cbe787bfbb2d034d,f29fcf69011fb38cc6d9e1a105f42e93bd285a3c7e42ae81a4c3b09da46ea377,d99684e7b60ed50d0cc031824e4969161109f4c7322b8a4ad2ed30eed9460dfc
reach-wall,25,matched_random_fixed_rank4,0.19969767555234463,0.28156181653139845,0.08186414097905381,2.1943840980529785,0.14900925755500793,2.209285023808479,0.5225777477025986,False,ac149192fe76be4b118c081386e783b763c5b5d152616876065f2370ded074b1,21f9d6b9de70ee50026d60e9c7a59c71ad7df0cb454f93303184d51d3c9ffb5f,f8f8513af989e89eaafd1ed8fa1308751e64814f865df8d3cdfd00d74782090c,fade4136b059d7063db5ba342ea0bec20c2e69df4819afa68dd5820aa977eff6
reach-wall,26,native,0.18543069510669655,0.2828002252363794,0.09736953012968283,2.2836852073669434,0.1706269085407257,2.300747898221016,0.46693322360515577,False,bab1c51c9cd3e792da0da7cb4165d397d4af4edd93ec09857e00cfe6b337c2aa,aa23c1f9b61d0330cf7bc4a1a82a49eed3e4ade71c83c8d9a363925505cba418,6dde95921e1bc4dc9cc7945ce2512e7b600b7412ec7c9129084e411c9882f74b,be2a98e9a3c390fb8e5e30d56186873792568b99bfdfd0f466bdcefedf7a4714
reach-wall,26,fixed_rank4,0.1852861481630061,0.2828002252363794,0.09751407707337328,2.3827502727508545,0.17435218393802643,2.400185491144657,0.3674956306815149,False,76fc7fc7ddef5b8d31cffbbbd6d8f95541741649d8750a99c496b3b9cf88fc66,a76a6ec8fb01d7b3403917e38a94e08fb560f077dc23ff4df2a3861e73116408,23b0e1194ac000a13702f9ec976c6e37fcbc87b0a4f58a04408c1c8c6d182dce,368d3f131e72d98209c654ab803c452a164f07dc57410be533cbafb99081b03f
reach-wall,26,matched_random_fixed_rank4,0.1854306953701591,0.2828002252363794,0.09736952986622027,2.2836852073669434,0.1706269085407257,2.300747898221016,0.46693322360515577,False,604cd11d0bae105327ad4d91aae57ba5b83c3aab604d5415df016654ba5b0b64,8e860e02a5d99dc6c9f242fb6b1571c638fa2d8a0ebd7e05a0d25c35ed102e82,b9600bf298de916158a181b3aeb85f60ac397a6d5a0e8cb697ea38676a7a4a99,f4630f1b36dcec2c7e88a08693205953b078af0e5f6fee233067fd652516f0a8
reach-wall,27,native,0.1836682265942002,0.27478860241393016,0.09112037581972995,2.0808980464935303,0.1614968478679657,2.097047731280327,0.4625937283039092,False,83b6d92350b3e34e4dc7af005b50679e90b94013c1cd12cf8e0f4502da6594b2,5f668dad0ab12b7b0b0c38cdce5ff7ce419668c7c23cc231dd61cf00e3c3f4a1,7a98bf5f7011565623188655850c414c67c9ae046735ecb52cd00478277328aa,4564e938a2954032edd55108819c4aa3c3272da8b39f6cd0fbbff654ca7f1ea4
reach-wall,27,fixed_rank4,0.1862948176673525,0.27478860241393016,0.08849378474657765,2.167799472808838,0.17351356148719788,2.185150828957558,0.3744906306266782,False,b1ed6a36d382e7e990944364b1bbecd143559b328e6104c623d99d5427f44672,6f1b5cd30209ec7a79ade08c8471b426f9e44e35d78a41752e8105256fafa32f,e068c550101378fd52d79886aabfd53926baac82a1708c62fbb6827da05e4bc7,9101dcbe252c707dbbcb0971cd2fccfe5614c89c7f3ce61cd5e554ba3128552e
reach-wall,27,matched_random_fixed_rank4,0.18366822669704974,0.27478860241393016,0.09112037571688042,2.0808980464935303,0.1614968478679657,2.097047731280327,0.4625937283039092,False,a1b79434ade4113d722d1733ce60f0ff89831d659eb3bcca1b52c2c967b7d26d,ff80b5db3583ea40632e99d8bb1b787b8ff86e5b18ec8aec91736e0c203e6cb1,e4eeb63be3aba6894aaa795cf2dc6b0274233c15858b3d84063ee3299409be18,3bc57baa995660f7b77a2e4a323bea2ae4449c25ddc0414b45c8e3ba4c25f0ba
reach-wall,28,native,0.1922926615974949,0.27776701990633934,0.08547435830884445,2.5545995235443115,0.19366690516471863,2.5739662140607833,0.3553608030080797,False,1bbdf5949365beaf14ce03e41dc936885dc0f6cbe6ae933defb888c501ff56af,1d0c49425bfc7d30453c25872b6f6f5b207fe3e599f33e71221d03fa80798937,d89bd9167ee59a07e0e20269d9319a244eb23a284b9788813d8c707eee2d3330,4505feb38dfc87fb17c1b71bf01aa2d3f1ccc6d49b36db78e033dc56e0dba2fd
reach-wall,28,fixed_rank4,0.19475363624071926,0.27776701990633934,0.08301338366562008,2.554431438446045,0.19976775348186493,2.5744082137942312,0.35491880327463177,False,657beddcffc58aca7e0e5f65da945f9a04c8896fe2b3b87dfc99d69f0ffc3b2f,499ff6216607848d01ef81e05a1baba2f8e143d37778e3e9d2c127c055d175ee,fa472a3abdcca947adf0a9690b55585084034c7279694ed333a07045d025481f,1ccafb55845b0a0633d03b9c5c53ff8f8ab31ff0e6c22a61e085c14429b72d5e
reach-wall,28,matched_random_fixed_rank4,0.19229265467243387,0.27776701990633934,0.08547436523390547,2.5545995235443115,0.19366690516471863,2.5739662140607833,0.3553608030080797,False,7e9a99b3cf7c5576ff02acdc4829170129d6b787c12622c33b35db93c3627374,489c2f73520199fa55a1d9bd799fd240da935f6ba4ad099909563a278360d6f4,1200661e34fc04dbe15b0b94cd596f8da5ba380da993506043cd0fa2ae8fbfaf,cae8dc5022c364bf051d6d75387a2a35651c7d0af8017555852c8e8e208d6823
reach-wall,29,native,0.20684467815867166,0.29675805571324787,0.08991337755457621,2.35148286819458,0.19549080729484558,2.3710319489240645,0.508087542653084,False,ed5918c2883458aa3794404b342a15a16009074c9a16900ff89f50eb0e3bb078,91c7c8280c9548ac2fb49ca4fb90770851eb1cc2edc4946da2af5c88b55efcba,3ebc5306f3da956a0c230f508031598927dbebf40808a643dd0be6eff83cbee4,32072ae817c3763adc5786ccdf8a603bfc4cf6fb331dc8d626ded9bb457c45db
reach-wall,29,fixed_rank4,0.21106105459541935,0.29675805571324787,0.08569700111782852,2.420666456222534,0.20548275113105774,2.44121473133564,0.4379047602415085,False,7b2d53660c2ffc8bc56b6d03bc5615877b22c5d2181e1e1495870b9811d9667f,8fc53e395c474c803ae12ebb41d2139420d5f07ee751fd14b4d93f7dee1337c9,91ffdcdc1a2ad1716c948bc6646a1eb76c9469046709ff9952f21e86b45a53c7,f8e4acb4faa6271214add0c8389fd1bd089e9778c35ee0fdacbe736815b756d5
reach-wall,29,matched_random_fixed_rank4,0.2082857502711013,0.29675805571324787,0.08847230544214657,2.351874351501465,0.19303706288337708,2.3711780577898027,0.5079414337873458,False,0e613f074836dd28444cb6d997ba727fc1580fe75ce6c572e7876e3d2d365b7a,0be92dc7ce4773e1102133953f5a64ef9b983b2b160559e49ed5f24615ad4d77,823046aee7a9a94c5a7483207a4fa676015a89ff0721dc1880d9338af8b38ac6,11fe0f58d833899905f5db6bc540d5e190caba4ab6f65b19d175a1d388403353
reach-wall,30,native,0.17673048938156005,0.27111944885265377,0.09438895947109371,2.249467134475708,0.15639710426330566,2.2651068449020384,0.6238005697727207,False,26c372b05518dda4807f2be74b5a5c2d7e0484ad544c58d84f831b9308531027,a108628ab6a0f77ed92b23b257d2098ef38315ca20db00cab35ac7091469db47,cc882f98e78893276053406c9f64b5b679b41f433a3ee39cee1c78f2e4bd6301,f1d77f26c663e5b28161dcfb6e0d545efb08d2d25cf87b9d65d68b2078b0168f
reach-wall,30,fixed_rank4,0.16959141613013123,0.27111944885265377,0.10152803272252253,2.272371768951416,0.16358420252799988,2.288730189204216,0.6001772254705431,False,9da4149ecd4caedc2b5e9722b1150fb784dbb3b2dcfa5d78fea686c124540f91,f2526da05115acc7c725f4e675bedb015d3bbda3c84a2aceba5f29903096c421,2a3e0c7f74bb37bef20365f51e1ba7a893f8f0b58bb671a8fdfc08a789500a1f,a8abf771f4bc8d2aca84e243176dc36833aee6c22d3f0cb08c7d801aa42dea6e
reach-wall,30,matched_random_fixed_rank4,0.16982412577305234,0.27111944885265377,0.10129532307960143,2.2650809288024902,0.16392748057842255,2.2814736768603323,0.6074337378144268,False,5b7d3827b063f6796831634bfe6de13d577746b54da50c34ee499647411cdb35,c1e946a6f028097303d62bbb06728b044a1ca59d09ee1e8a1ebafa86ac7b037e,1d7695a34829cc12325f6bf781796dd096d0a5c8754e9e442213f41c0e472118,8535d11bc6a949e556398dea2b4735b0bfea0045ca5679f15b5553ae6e2640bf
reach-wall,31,native,0.1700791489922984,0.28120243096805564,0.11112328197575724,2.0917108058929443,0.14036566019058228,2.1057473719120026,0.5948698043823244,False,7b2350af81b9b2b655f4dc779d75c737581522e270e828482bd636e03a9add72,7e8e45ece8f771aa32883ea36b38272036524ec5fa1effffa197c3deba03e2b3,6b79d4742bf45dc86c1ebb66a4a157ec1f2fb4341c5194a7fa9b05c6bbefaec5,a88a4e000e78bcc660cbea5043a4f444d55578c37f7d8019670bce7f50f08d99
reach-wall,31,fixed_rank4,0.1683456214401167,0.28120243096805564,0.11285680952793894,2.094430923461914,0.14003442227840424,2.1084343656897544,0.5921828106045726,False,64830d1400f4560b38e455f4a9cc4e98ea0594dc9352cf608e67310ddbcd98cb,319171190495dbb39108c6c6fb75e612e51f74752e097c53facffea80f90337c,c5baaf5fd2d27c832eb70a9bac98c1818c7c360144433524a059d27ebe746139,fff4249209f54c9d4f43fafbf23b93887b9e2ffc063e28bcadcc38cc9c65987e
reach-wall,31,matched_random_fixed_rank4,0.16952002708966588,0.28120243096805564,0.11168240387838976,2.103515386581421,0.13961532711982727,2.1174769192934035,0.5831402570009234,False,d73920fc65630ec2d1032c04270dcff0674b36ca2ee21cd7508f70f20d1125f2,e824a2e93c3de4792d9c6b3db77c18013068fc1249f0f9f80495b97c3c00502b,02b2b0d094dfc28a5b3624dda9d251c1f965ec7a77c0bb377fd2a489c03a23ff,e7f82f8625f832a56a63cbfaf0432c63f63b670a831686b9eb0ccd6d848428e2
