group,arm,channel,metric,state_values,mean,positive_states,selected_indices,matched_control_mean_pp,continuation_gate,n_initial_states,plans_per_state,reused_development,heldout_performance,source
Predictor: action-responsive rank4,native,predicted,selected_requested_goal_coverage_gain_pp,"[0.0, 0.0, 0.0, 0.0]",0.0,0,"[0, 0, 0, 1]",,not_applicable_control_or_diagnostic,4,64,True,untested,action_responsive_subspace_v1
Predictor: action-responsive rank4,targeted_minus,predicted,selected_requested_goal_coverage_gain_pp,"[0.0, 0.0, 0.0, 0.0]",0.0,0,"[0, 0, 0, 1]",0.0,fail,4,64,True,untested,action_responsive_subspace_v1
Predictor: action-responsive rank4,random_basis_minus,predicted,selected_requested_goal_coverage_gain_pp,"[0.0, 0.0, 0.0, 0.0]",0.0,0,"[0, 0, 0, 1]",,not_applicable_control_or_diagnostic,4,64,True,untested,action_responsive_subspace_v1
Predictor: action-responsive rank4,random_patches_minus,predicted,selected_requested_goal_coverage_gain_pp,"[0.0, 0.0, 0.0, 0.0]",0.0,0,"[0, 0, 0, 1]",,not_applicable_control_or_diagnostic,4,64,True,untested,action_responsive_subspace_v1
Predictor: action-responsive rank4,random_both_minus,predicted,selected_requested_goal_coverage_gain_pp,"[0.0, 0.0, 0.0, 0.0]",0.0,0,"[0, 0, 0, 1]",,not_applicable_control_or_diagnostic,4,64,True,untested,action_responsive_subspace_v1
Predictor: action-responsive rank4,targeted_plus,predicted,selected_requested_goal_coverage_gain_pp,"[0.0, 0.0, 0.0, 0.0]",0.0,0,"[0, 0, 0, 1]",0.0,fail,4,64,True,untested,action_responsive_subspace_v1
Predictor: action-responsive rank4,random_basis_plus,predicted,selected_requested_goal_coverage_gain_pp,"[0.0, 0.0, 0.0, 0.0]",0.0,0,"[0, 0, 0, 1]",,not_applicable_control_or_diagnostic,4,64,True,untested,action_responsive_subspace_v1
Predictor: action-responsive rank4,random_patches_plus,predicted,selected_requested_goal_coverage_gain_pp,"[0.0, 0.0, 0.0, 0.0]",0.0,0,"[0, 0, 0, 1]",,not_applicable_control_or_diagnostic,4,64,True,untested,action_responsive_subspace_v1
Predictor: action-responsive rank4,random_both_plus,predicted,selected_requested_goal_coverage_gain_pp,"[0.0, 0.0, 0.0, 0.0]",0.0,0,"[0, 0, 0, 1]",,not_applicable_control_or_diagnostic,4,64,True,untested,action_responsive_subspace_v1
Predictor: normalization-aware P5,native,predicted,selected_requested_goal_coverage_gain_pp,"[0.0, 0.0, 0.0, 0.0]",0.0,0,"[0, 0, 0, 1]",,not_applicable_control_or_diagnostic,4,64,True,untested,normalization_aware_subspace_v1
Predictor: normalization-aware P5,raw_semantic_minus,predicted,selected_requested_goal_coverage_gain_pp,"[0.0, 0.0, 0.0, 0.0]",0.0,0,"[0, 0, 0, 1]",0.0,fail,4,64,True,untested,normalization_aware_subspace_v1
Predictor: normalization-aware P5,calibrated_semantic_minus,predicted,selected_requested_goal_coverage_gain_pp,"[0.0, 0.0, 0.0, 0.0]",0.0,0,"[0, 0, 0, 1]",0.0,fail,4,64,True,untested,normalization_aware_subspace_v1
Predictor: normalization-aware P5,raw_random_minus,predicted,selected_requested_goal_coverage_gain_pp,"[0.0, 0.0, 0.0, 0.0]",0.0,0,"[0, 0, 0, 1]",,not_applicable_control_or_diagnostic,4,64,True,untested,normalization_aware_subspace_v1
Predictor: normalization-aware P5,calibrated_random_minus,predicted,selected_requested_goal_coverage_gain_pp,"[0.0, 0.0, 0.0, 0.0]",0.0,0,"[0, 0, 0, 1]",,not_applicable_control_or_diagnostic,4,64,True,untested,normalization_aware_subspace_v1
Predictor: normalization-aware P5,calibrated_rawnorm_random_minus,predicted,selected_requested_goal_coverage_gain_pp,"[0.0, 0.0, 0.0, 0.0]",0.0,0,"[0, 0, 0, 1]",,not_applicable_control_or_diagnostic,4,64,True,untested,normalization_aware_subspace_v1
Predictor: normalization-aware P5,raw_semantic_plus,predicted,selected_requested_goal_coverage_gain_pp,"[0.0, 0.0, 0.0, 0.0]",0.0,0,"[0, 0, 0, 1]",0.0,fail,4,64,True,untested,normalization_aware_subspace_v1
Predictor: normalization-aware P5,calibrated_semantic_plus,predicted,selected_requested_goal_coverage_gain_pp,"[0.0, 0.0, 0.0, 1.8401541630119034]",0.46003854075297584,1,"[0, 0, 0, 5]",0.0,fail,4,64,True,untested,normalization_aware_subspace_v1
Predictor: normalization-aware P5,raw_random_plus,predicted,selected_requested_goal_coverage_gain_pp,"[0.0, 0.0, 0.0, 0.0]",0.0,0,"[0, 0, 0, 1]",,not_applicable_control_or_diagnostic,4,64,True,untested,normalization_aware_subspace_v1
Predictor: normalization-aware P5,calibrated_random_plus,predicted,selected_requested_goal_coverage_gain_pp,"[0.0, 0.0, 0.0, 0.0]",0.0,0,"[0, 0, 0, 1]",,not_applicable_control_or_diagnostic,4,64,True,untested,normalization_aware_subspace_v1
Predictor: normalization-aware P5,calibrated_rawnorm_random_plus,predicted,selected_requested_goal_coverage_gain_pp,"[0.0, 0.0, 0.0, 0.0]",0.0,0,"[0, 0, 0, 1]",,not_applicable_control_or_diagnostic,4,64,True,untested,normalization_aware_subspace_v1
Scoring: fixed complement ablation,native_full,predicted,selected_requested_goal_coverage_gain_pp,"[0.0, 0.0, 0.0, 0.0]",0.0,0,"[0, 0, 0, 1]",,not_applicable_control_or_diagnostic,4,64,True,untested,task_metric_complement_ablation_v1
Scoring: fixed complement ablation,unweighted_span_only,predicted,selected_requested_goal_coverage_gain_pp,"[2.7997267633010137, 0.0, 0.0, 0.0712519117751581]",0.717744668769043,2,"[2, 39, 0, 8]",,not_applicable_control_or_diagnostic,4,64,True,untested,task_metric_complement_ablation_v1
Scoring: fixed complement ablation,complement_only,predicted,selected_requested_goal_coverage_gain_pp,"[0.0, 0.0, 0.0, 3.6291627396953934]",0.9072906849238483,1,"[0, 0, 0, 27]",,not_applicable_control_or_diagnostic,4,64,True,untested,task_metric_complement_ablation_v1
Scoring: fixed complement ablation,pointwise/joint_xy_squared_proxy/learned/span_only,predicted,selected_requested_goal_coverage_gain_pp,"[2.7997267633010137, 0.0, 0.0, 1.8401541630119034]",1.1599702315782292,2,"[2, 25, 0, 5]",1.1599702315782292,fail,4,64,True,untested,task_metric_complement_ablation_v1
Scoring: fixed complement ablation,pointwise/joint_xy_squared_proxy/learned/with_complement,predicted,selected_requested_goal_coverage_gain_pp,"[0.0, 0.0, 0.0, 0.0]",0.0,0,"[0, 0, 0, 1]",0.0,fail,4,64,True,untested,task_metric_complement_ablation_v1
Scoring: fixed complement ablation,pointwise/joint_xy_squared_proxy/rotated_control/span_only,predicted,selected_requested_goal_coverage_gain_pp,"[2.7997267633010137, 0.0, 0.0, 1.8401541630119034]",1.1599702315782292,2,"[2, 34, 0, 5]",,not_applicable_control_or_diagnostic,4,64,True,untested,task_metric_complement_ablation_v1
Scoring: fixed complement ablation,pointwise/joint_xy_squared_proxy/rotated_control/with_complement,predicted,selected_requested_goal_coverage_gain_pp,"[0.0, 0.0, 0.0, 0.0]",0.0,0,"[0, 1, 0, 1]",,not_applicable_control_or_diagnostic,4,64,True,untested,task_metric_complement_ablation_v1
Scoring: fixed complement ablation,pointwise/one_minus_requested_goal_coverage/learned/span_only,predicted,selected_requested_goal_coverage_gain_pp,"[2.7997267633010137, 0.0, 0.0, 0.0712519117751581]",0.717744668769043,2,"[2, 0, 0, 8]",0.717744668769043,fail,4,64,True,untested,task_metric_complement_ablation_v1
Scoring: fixed complement ablation,pointwise/one_minus_requested_goal_coverage/learned/with_complement,predicted,selected_requested_goal_coverage_gain_pp,"[0.0, 0.0, 0.0, 0.0]",0.0,0,"[0, 0, 0, 1]",0.0,fail,4,64,True,untested,task_metric_complement_ablation_v1
Scoring: fixed complement ablation,pointwise/one_minus_requested_goal_coverage/rotated_control/span_only,predicted,selected_requested_goal_coverage_gain_pp,"[2.7997267633010137, 0.0, 0.0, 0.0712519117751581]",0.717744668769043,2,"[2, 47, 0, 8]",,not_applicable_control_or_diagnostic,4,64,True,untested,task_metric_complement_ablation_v1
Scoring: fixed complement ablation,pointwise/one_minus_requested_goal_coverage/rotated_control/with_complement,predicted,selected_requested_goal_coverage_gain_pp,"[0.0, 0.0, 0.0, 0.0]",0.0,0,"[0, 0, 0, 1]",,not_applicable_control_or_diagnostic,4,64,True,untested,task_metric_complement_ablation_v1
Scoring: fixed complement ablation,pairwise/joint_xy_squared_proxy/learned/span_only,predicted,selected_requested_goal_coverage_gain_pp,"[2.7997267633010137, 0.0, 0.0, 0.0712519117751581]",0.717744668769043,2,"[2, 0, 0, 8]",0.717744668769043,fail,4,64,True,untested,task_metric_complement_ablation_v1
Scoring: fixed complement ablation,pairwise/joint_xy_squared_proxy/learned/with_complement,predicted,selected_requested_goal_coverage_gain_pp,"[0.0, 0.0, 0.0, 0.0]",0.0,0,"[0, 0, 0, 1]",0.0,fail,4,64,True,untested,task_metric_complement_ablation_v1
Scoring: fixed complement ablation,pairwise/joint_xy_squared_proxy/rotated_control/span_only,predicted,selected_requested_goal_coverage_gain_pp,"[2.7997267633010137, 0.0, 0.0, 0.0712519117751581]",0.717744668769043,2,"[2, 2, 0, 8]",,not_applicable_control_or_diagnostic,4,64,True,untested,task_metric_complement_ablation_v1
Scoring: fixed complement ablation,pairwise/joint_xy_squared_proxy/rotated_control/with_complement,predicted,selected_requested_goal_coverage_gain_pp,"[0.0, 0.0, 0.0, 0.0]",0.0,0,"[0, 0, 0, 1]",,not_applicable_control_or_diagnostic,4,64,True,untested,task_metric_complement_ablation_v1
Scoring: fixed complement ablation,pairwise/one_minus_requested_goal_coverage/learned/span_only,predicted,selected_requested_goal_coverage_gain_pp,"[2.7997267633010137, 0.0, 0.0, 0.0712519117751581]",0.717744668769043,2,"[2, 0, 0, 8]",0.717744668769043,fail,4,64,True,untested,task_metric_complement_ablation_v1
Scoring: fixed complement ablation,pairwise/one_minus_requested_goal_coverage/learned/with_complement,predicted,selected_requested_goal_coverage_gain_pp,"[0.0, 0.0, 0.0, 0.0]",0.0,0,"[0, 0, 0, 1]",0.0,fail,4,64,True,untested,task_metric_complement_ablation_v1
Scoring: fixed complement ablation,pairwise/one_minus_requested_goal_coverage/rotated_control/span_only,predicted,selected_requested_goal_coverage_gain_pp,"[2.7997267633010137, 0.0, 0.0, 0.0712519117751581]",0.717744668769043,2,"[2, 2, 0, 8]",,not_applicable_control_or_diagnostic,4,64,True,untested,task_metric_complement_ablation_v1
Scoring: fixed complement ablation,pairwise/one_minus_requested_goal_coverage/rotated_control/with_complement,predicted,selected_requested_goal_coverage_gain_pp,"[0.0, 0.0, 0.0, 0.0]",0.0,0,"[0, 0, 0, 1]",,not_applicable_control_or_diagnostic,4,64,True,untested,task_metric_complement_ablation_v1
Scoring: fixed complement ablation,native_full,actual_oracle_encoding,selected_requested_goal_coverage_gain_pp,"[0.0, 0.0, 0.0, 0.0]",0.0,0,"[8, 34, 51, 15]",,not_applicable_control_or_diagnostic,4,64,True,untested,task_metric_complement_ablation_v1
Scoring: fixed complement ablation,unweighted_span_only,actual_oracle_encoding,selected_requested_goal_coverage_gain_pp,"[0.0, 0.0, 0.0, 13.849591591376937]",3.4623978978442342,1,"[8, 34, 51, 55]",,not_applicable_control_or_diagnostic,4,64,True,untested,task_metric_complement_ablation_v1
Scoring: fixed complement ablation,complement_only,actual_oracle_encoding,selected_requested_goal_coverage_gain_pp,"[0.0, 0.0, 0.0, -3.0891494002434765]",-0.7722873500608691,0,"[8, 34, 51, 14]",,not_applicable_control_or_diagnostic,4,64,True,untested,task_metric_complement_ablation_v1
Scoring: fixed complement ablation,pointwise/joint_xy_squared_proxy/learned/span_only,actual_oracle_encoding,selected_requested_goal_coverage_gain_pp,"[0.0, 0.0, 0.0, 13.849591591376937]",3.4623978978442342,1,"[8, 44, 51, 55]",3.4623978978442342,fail,4,64,True,untested,task_metric_complement_ablation_v1
Scoring: fixed complement ablation,pointwise/joint_xy_squared_proxy/learned/with_complement,actual_oracle_encoding,selected_requested_goal_coverage_gain_pp,"[0.0, 0.0, 0.0, 0.0]",0.0,0,"[8, 34, 51, 15]",0.5903791536173215,fail,4,64,True,untested,task_metric_complement_ablation_v1
Scoring: fixed complement ablation,pointwise/joint_xy_squared_proxy/rotated_control/span_only,actual_oracle_encoding,selected_requested_goal_coverage_gain_pp,"[0.0, 0.0, 0.0, 13.849591591376937]",3.4623978978442342,1,"[8, 36, 51, 55]",,not_applicable_control_or_diagnostic,4,64,True,untested,task_metric_complement_ablation_v1
Scoring: fixed complement ablation,pointwise/joint_xy_squared_proxy/rotated_control/with_complement,actual_oracle_encoding,selected_requested_goal_coverage_gain_pp,"[0.0, 0.0, 0.0, 2.361516614469286]",0.5903791536173215,1,"[8, 34, 51, 54]",,not_applicable_control_or_diagnostic,4,64,True,untested,task_metric_complement_ablation_v1
Scoring: fixed complement ablation,pointwise/one_minus_requested_goal_coverage/learned/span_only,actual_oracle_encoding,selected_requested_goal_coverage_gain_pp,"[0.0, 0.4979433455803095, 0.0, 13.849591591376937]",3.5868837342393114,2,"[8, 12, 51, 55]",3.4623978978442342,fail,4,64,True,untested,task_metric_complement_ablation_v1
Scoring: fixed complement ablation,pointwise/one_minus_requested_goal_coverage/learned/with_complement,actual_oracle_encoding,selected_requested_goal_coverage_gain_pp,"[0.0, 0.0, 0.0, 0.0]",0.0,0,"[8, 34, 51, 15]",0.0,fail,4,64,True,untested,task_metric_complement_ablation_v1
Scoring: fixed complement ablation,pointwise/one_minus_requested_goal_coverage/rotated_control/span_only,actual_oracle_encoding,selected_requested_goal_coverage_gain_pp,"[0.0, 0.0, 0.0, 13.849591591376937]",3.4623978978442342,1,"[8, 34, 51, 55]",,not_applicable_control_or_diagnostic,4,64,True,untested,task_metric_complement_ablation_v1
Scoring: fixed complement ablation,pointwise/one_minus_requested_goal_coverage/rotated_control/with_complement,actual_oracle_encoding,selected_requested_goal_coverage_gain_pp,"[0.0, 0.0, 0.0, 0.0]",0.0,0,"[8, 34, 51, 15]",,not_applicable_control_or_diagnostic,4,64,True,untested,task_metric_complement_ablation_v1
Scoring: fixed complement ablation,pairwise/joint_xy_squared_proxy/learned/span_only,actual_oracle_encoding,selected_requested_goal_coverage_gain_pp,"[0.0, 0.0, 0.0, 13.849591591376937]",3.4623978978442342,1,"[8, 34, 51, 55]",3.618900463345294,fail,4,64,True,untested,task_metric_complement_ablation_v1
Scoring: fixed complement ablation,pairwise/joint_xy_squared_proxy/learned/with_complement,actual_oracle_encoding,selected_requested_goal_coverage_gain_pp,"[0.0, 0.0, 0.0, 0.0]",0.0,0,"[8, 34, 51, 15]",0.0,fail,4,64,True,untested,task_metric_complement_ablation_v1
Scoring: fixed complement ablation,pairwise/joint_xy_squared_proxy/rotated_control/span_only,actual_oracle_encoding,selected_requested_goal_coverage_gain_pp,"[0.0, 0.6260102620042396, 0.0, 13.849591591376937]",3.618900463345294,2,"[8, 15, 51, 55]",,not_applicable_control_or_diagnostic,4,64,True,untested,task_metric_complement_ablation_v1
Scoring: fixed complement ablation,pairwise/joint_xy_squared_proxy/rotated_control/with_complement,actual_oracle_encoding,selected_requested_goal_coverage_gain_pp,"[0.0, 0.0, 0.0, 0.0]",0.0,0,"[8, 34, 51, 15]",,not_applicable_control_or_diagnostic,4,64,True,untested,task_metric_complement_ablation_v1
Scoring: fixed complement ablation,pairwise/one_minus_requested_goal_coverage/learned/span_only,actual_oracle_encoding,selected_requested_goal_coverage_gain_pp,"[0.0, 0.6260102620042396, 0.0, 13.849591591376937]",3.618900463345294,2,"[8, 15, 51, 55]",3.5868837342393114,fail,4,64,True,untested,task_metric_complement_ablation_v1
Scoring: fixed complement ablation,pairwise/one_minus_requested_goal_coverage/learned/with_complement,actual_oracle_encoding,selected_requested_goal_coverage_gain_pp,"[0.0, 0.0, 0.0, 0.0]",0.0,0,"[8, 34, 51, 15]",0.0,fail,4,64,True,untested,task_metric_complement_ablation_v1
Scoring: fixed complement ablation,pairwise/one_minus_requested_goal_coverage/rotated_control/span_only,actual_oracle_encoding,selected_requested_goal_coverage_gain_pp,"[0.0, 0.4979433455803095, 0.0, 13.849591591376937]",3.5868837342393114,2,"[8, 12, 51, 55]",,not_applicable_control_or_diagnostic,4,64,True,untested,task_metric_complement_ablation_v1
Scoring: fixed complement ablation,pairwise/one_minus_requested_goal_coverage/rotated_control/with_complement,actual_oracle_encoding,selected_requested_goal_coverage_gain_pp,"[0.0, 0.0, 0.0, 0.0]",0.0,0,"[8, 34, 51, 15]",,not_applicable_control_or_diagnostic,4,64,True,untested,task_metric_complement_ablation_v1
