task,metric,block,horizon,radius,condition,value,n_initial_states,independent_values,scope
Push-T,normalized_bending,1,1,1,native,0.011257892353675143,4,"[0.014227172947882708, 0.00817223594729166, 0.011429357132845128, 0.011202803386681073]",development; actual past is privileged offline information
Push-T,normalized_bending,1,1,1,actual_past_context,0.011257892353675143,4,"[0.014227172947882708, 0.00817223594729166, 0.011429357132845128, 0.011202803386681073]",development; actual past is privileged offline information
Push-T,normalized_bending,1,3,1,native,0.09735016333592826,4,"[0.06994359765766177, 0.1775229831360589, 0.08325465044463215, 0.058679422105360195]",development; actual past is privileged offline information
Push-T,normalized_bending,1,3,1,actual_past_context,0.6330391431129162,4,"[0.6552999055150871, 0.5708919246023988, 0.7975158925694212, 0.5084488497647576]",development; actual past is privileged offline information
Push-T,normalized_bending,1,6,1,native,0.14361228384655067,4,"[0.17633003589000837, 0.14581303327114428, 0.12455218020620368, 0.1277538860188463]",development; actual past is privileged offline information
Push-T,normalized_bending,1,6,1,actual_past_context,0.6249972399404804,4,"[0.5948920931248141, 0.774296200458473, 0.605109620459946, 0.5256910457186887]",development; actual past is privileged offline information
Push-T,normalized_bending,3,1,1,native,0.024714837396108802,4,"[0.025774213169409983, 0.025230768046858233, 0.02188088757090512, 0.025973480797261864]",development; actual past is privileged offline information
Push-T,normalized_bending,3,1,1,actual_past_context,0.024714837396108802,4,"[0.025774213169409983, 0.025230768046858233, 0.02188088757090512, 0.025973480797261864]",development; actual past is privileged offline information
Push-T,normalized_bending,3,3,1,native,0.09171712081370842,4,"[0.061421681547837274, 0.13212159489376346, 0.08127972193422675, 0.09204548487900617]",development; actual past is privileged offline information
Push-T,normalized_bending,3,3,1,actual_past_context,0.556057326530297,4,"[0.5906552065482495, 0.4904652710078963, 0.6471328121167863, 0.4959760164482559]",development; actual past is privileged offline information
Push-T,normalized_bending,3,6,1,native,0.13928878962859786,4,"[0.13811631048228568, 0.1422629710386128, 0.12284228524910448, 0.15393359174438853]",development; actual past is privileged offline information
Push-T,normalized_bending,3,6,1,actual_past_context,0.5510717627921022,4,"[0.5052305214773615, 0.6166007868709622, 0.5593672659866921, 0.523088476833393]",development; actual past is privileged offline information
Push-T,normalized_bending,5,1,1,native,0.056740556596371866,4,"[0.06659900075168042, 0.07061789604699267, 0.031897132374659055, 0.05784819721215532]",development; actual past is privileged offline information
Push-T,normalized_bending,5,1,1,actual_past_context,0.056740556596371866,4,"[0.06659900075168042, 0.07061789604699267, 0.031897132374659055, 0.05784819721215532]",development; actual past is privileged offline information
Push-T,normalized_bending,5,3,1,native,0.1314090173767019,4,"[0.07553128853259465, 0.2309637855711454, 0.11807495454799675, 0.10106604085507076]",development; actual past is privileged offline information
Push-T,normalized_bending,5,3,1,actual_past_context,0.5131540354578402,4,"[0.4574102646676519, 0.8299810204806555, 0.4015600396623787, 0.363664817020675]",development; actual past is privileged offline information
Push-T,normalized_bending,5,6,1,native,0.2220774920266949,4,"[0.22053573166120313, 0.25528256113878595, 0.22615654311665648, 0.18633513219013412]",development; actual past is privileged offline information
Push-T,normalized_bending,5,6,1,actual_past_context,0.4976002571248528,4,"[0.4568832482672114, 0.41428414543345404, 0.5266651102977447, 0.592568524501001]",development; actual past is privileged offline information
Push-T,normalized_bending,1,1,4,native,0.04467140327140999,4,"[0.05618255494156514, 0.0324448492130509, 0.045791381970665256, 0.044266826960358656]",development; actual past is privileged offline information
Push-T,normalized_bending,1,1,4,actual_past_context,0.04467140327140999,4,"[0.05618255494156514, 0.0324448492130509, 0.045791381970665256, 0.044266826960358656]",development; actual past is privileged offline information
Push-T,normalized_bending,1,3,4,native,0.21996116374439154,4,"[0.2669709328537861, 0.2672454050466122, 0.18637099857821046, 0.1592573184989574]",development; actual past is privileged offline information
Push-T,normalized_bending,1,3,4,actual_past_context,0.4758490529354112,4,"[0.48442344145823335, 0.5766732670225424, 0.443380251784448, 0.39891925147642093]",development; actual past is privileged offline information
Push-T,normalized_bending,1,6,4,native,0.3205918252153412,4,"[0.4716881467163838, 0.25835270267208127, 0.23884094040078932, 0.3134855110721103]",development; actual past is privileged offline information
Push-T,normalized_bending,1,6,4,actual_past_context,0.5188345553429453,4,"[0.563216088336732, 0.35978502049990735, 0.48215614846889204, 0.6701809640662499]",development; actual past is privileged offline information
Push-T,normalized_bending,3,1,4,native,0.0946646793819829,4,"[0.09885766451838061, 0.09847380248067532, 0.08486408820994783, 0.09646316231892788]",development; actual past is privileged offline information
Push-T,normalized_bending,3,1,4,actual_past_context,0.0946646793819829,4,"[0.09885766451838061, 0.09847380248067532, 0.08486408820994783, 0.09646316231892788]",development; actual past is privileged offline information
Push-T,normalized_bending,3,3,4,native,0.24589805286535346,4,"[0.2183124924914136, 0.26295311387048836, 0.20356961381010466, 0.2987569912894072]",development; actual past is privileged offline information
Push-T,normalized_bending,3,3,4,actual_past_context,0.40238182055266136,4,"[0.38849198926846495, 0.3891720247484127, 0.4042745363302712, 0.42758873186349655]",development; actual past is privileged offline information
Push-T,normalized_bending,3,6,4,native,0.3223444646031093,4,"[0.376609969441718, 0.300615657648593, 0.25411802007038253, 0.35803421125174373]",development; actual past is privileged offline information
Push-T,normalized_bending,3,6,4,actual_past_context,0.4500527085356918,4,"[0.4585330301982431, 0.33725394481092474, 0.44447158596863, 0.5599522731649692]",development; actual past is privileged offline information
Push-T,normalized_bending,5,1,4,native,0.2035097259016787,4,"[0.22914487233978764, 0.24363752903427227, 0.12482838848754027, 0.2164281137451147]",development; actual past is privileged offline information
Push-T,normalized_bending,5,1,4,actual_past_context,0.2035097259016787,4,"[0.22914487233978764, 0.24363752903427227, 0.12482838848754027, 0.2164281137451147]",development; actual past is privileged offline information
Push-T,normalized_bending,5,3,4,native,0.34865543884228845,4,"[0.24021755070146056, 0.4842681844554977, 0.28597124704998594, 0.38416477316220954]",development; actual past is privileged offline information
Push-T,normalized_bending,5,3,4,actual_past_context,0.42909998956261675,4,"[0.3126797289000387, 0.655625373833854, 0.3427943712947353, 0.40530048422183906]",development; actual past is privileged offline information
Push-T,normalized_bending,5,6,4,native,0.45473037690209744,4,"[0.5670965019930719, 0.3927778182233058, 0.3777126837405247, 0.48133450365148733]",development; actual past is privileged offline information
Push-T,normalized_bending,5,6,4,actual_past_context,0.5158036254752321,4,"[0.5625156660343541, 0.442929335471766, 0.4829576738326091, 0.5748118265621992]",development; actual past is privileged offline information
Push-T,prediction_error_reduction_percent,,1,1,actual_past_vs_native,0.0,4,,ratio of state-balanced means; not task-success improvement
Push-T,prediction_error_reduction_percent,,2,1,actual_past_vs_native,11.743575699714512,4,,ratio of state-balanced means; not task-success improvement
Push-T,prediction_error_reduction_percent,,3,1,actual_past_vs_native,24.406681744622595,4,,ratio of state-balanced means; not task-success improvement
Push-T,prediction_error_reduction_percent,,4,1,actual_past_vs_native,26.773968820222045,4,,ratio of state-balanced means; not task-success improvement
Push-T,prediction_error_reduction_percent,,5,1,actual_past_vs_native,44.131608201570266,4,,ratio of state-balanced means; not task-success improvement
Push-T,prediction_error_reduction_percent,,6,1,actual_past_vs_native,25.55383090260424,4,,ratio of state-balanced means; not task-success improvement
Push-T,prediction_error_reduction_percent,,1,4,actual_past_vs_native,0.0,4,,ratio of state-balanced means; not task-success improvement
Push-T,prediction_error_reduction_percent,,2,4,actual_past_vs_native,12.603102910234924,4,,ratio of state-balanced means; not task-success improvement
Push-T,prediction_error_reduction_percent,,3,4,actual_past_vs_native,20.980700929539463,4,,ratio of state-balanced means; not task-success improvement
Push-T,prediction_error_reduction_percent,,4,4,actual_past_vs_native,31.890327690352787,4,,ratio of state-balanced means; not task-success improvement
Push-T,prediction_error_reduction_percent,,5,4,actual_past_vs_native,43.13343560937115,4,,ratio of state-balanced means; not task-success improvement
Push-T,prediction_error_reduction_percent,,6,4,actual_past_vs_native,36.395713627752755,4,,ratio of state-balanced means; not task-success improvement
